# 3D point list with one line of data per point:
#   POINT3D_ID, X, Y, Z, R, G, B, ERROR, TRACK[] as (IMAGE_ID, POINT2D_IDX)
# Number of points: 5783, mean track length: 5.2505619920456512
944 -0.71243664984834332 1.8513050788675585 1.0550607165491663 19 16 19 0.16926832953199963 56 932 99 972 29 783 36 788
1 -0.097075216663295896 1.4911767155135545 1.7896337791026178 122 82 12 0.1559830828268868 98 85 32 30 56 44 29 60 36 72
3517 -0.58486800259137928 1.5312993219349467 1.3816790535401622 255 243 74 0.24308781696616324 42 989 34 948 5 907
2 -0.64915049067299357 1.654195259507899 1.1764824175048685 163 121 26 0.20438116922359206 98 111 32 49 16 106 45 78
393 -0.75699969901125752 2.2402468091902059 1.2954223822375717 94 69 13 0.14297099072583846 98 1059 16 1105 99 762 45 1189 36 602
1054 0.41113696794089422 2.386043103624309 1.7850446389845709 7 7 6 0.1398112347105612 29 858 36 870
3 -0.70147165702179481 1.7214431294171229 1.0934879716311934 254 231 79 0.60598871808980448 98 139 32 59 16 128 99 129 45 678 56 50 12 667 64 668 63 532 55 507 85 520 6 573 33 770 54 547 72 4 34 213
1970 -0.76094308508257313 1.6383990399257484 1.2596807043988882 255 230 74 0.099707907197579659 89 742 95 655 41 664
1463 -0.33938073004545855 2.5067591250034771 1.3962521198259947 22 24 35 0.17195893739882007 84 192 87 185 83 330 7 119 26 272 82 402 50 239 65 280
4 0.01243236923393546 1.8326795081466203 1.6063981715049682 161 132 38 0.3714079007418869 98 172 32 82 99 166 56 661 29 89 36 97 91 593
5 0.1155044785673127 1.9225099723387813 1.6303640687796916 113 94 25 0.44887004709163603 98 225 32 114 16 223 56 99 91 91 48 275
948 0.21492945489865917 1.9078319379858353 1.5869474760014397 12 12 15 0.091085678828836725 56 957 29 799 36 812 91 830 97 828 30 97
3090 0.41487425524973004 1.8647262464894316 2.761647022525179 211 196 162 0.29823682615571029 80 410 54 443 42 641 34 766 5 790 44 803
1457 -0.19348760536616397 1.8562308274551291 1.6010369873496082 7 4 0 0.21442334877418454 97 48 87 69 11 138
6 -0.26298230343280737 2.003530266775404 1.447414665654039 78 57 9 0.15675053977505235 98 261 32 533 16 260 45 803
407 -1.2217402316043495 2.4874790961963913 2.0335358513048631 229 215 178 0.4361667416223996 98 1089 16 1148 32 908 99 1032 29 852 45 1364 30 680
8 -0.60154678326862221 2.4254375006935347 1.3465550770631662 9 8 4 0.16087505855702272 98 485 32 293 36 247 64 419 6 332
3515 -0.51763081549522449 1.5878487719912915 1.273038005122102 255 235 73 0.2804729836731048 42 983 34 931 5 882 44 826
9 -0.80167170591327663 2.6183577273283078 1.6821589504099617 100 100 93 0.17645134200474785 98 532 32 710 99 528
1126 -0.40524087856118979 2.6499975473377173 1.4506415305059079 26 29 41 0.07943102618528039 29 382 91 421 97 385 84 336
401 1.115015315532242 2.2532043132447255 2.01879844680857 231 216 180 0.2847886891880444 98 1072 16 1127 99 793 45 1160 56 1020 29 659 36 300 91 898 97 1001
10 0.38288505029518632 2.5690830497786892 1.5872227917429091 33 24 20 0.44642462950002371 98 541 32 282 16 520 45 472 59 561 12 550 64 726 95 282 41 321 27 352 63 583 55 508 85 483 6 549 33 503 80 470 54 476 8 496 42 425 58 526 88 465 72 113 34 85 21 550 30 222 67 506
1978 -0.44396189251364016 1.5113458520166581 1.3672040736427693 255 233 74 0.048862498671091333 89 769 95 670 41 674
11 -0.86870567840756496 2.7296562368424606 1.5629439945372514 73 72 63 0.31375598043900815 98 557 32 379 16 541 45 498 56 495 97 294 59 531 64 768
395 -0.71178586401378152 2.228701765997509 1.1982389968476219 146 125 38 0.060606919275009004 98 1061 16 1111 45 1357
3096 -0.72075050317525757 1.6808322821563795 1.1629174801426747 166 136 44 0.23597017742571094 80 525 54 545 8 532 58 520 21 512
1471 -0.62390610716984551 2.9655192605459773 1.0818821192224997 148 102 78 0.23391612956252686 84 508 87 505 11 649
12 -0.88221919884643452 2.7064627203615133 1.4569928747107721 115 117 109 2.3123710189097877 98 558 32 373 16 544 59 534
13 0.32060637227578659 0.95920693558079184 1.6481474105191851 2 2 3 0.87565113276806217 98 601 32 794 16 590 99 612 45 1022 64 1056 55 726 63 794 85 792 6 913 33 863 80 848 54 880 8 910 42 795 58 645 88 710 72 782 34 884 5 877 21 698 44 862 76 264 52 285 30 598 46 512 77 559 2 580 47 672 67 678 70 336 57 235 37 300 1 502 38 255 19 321
405 0.61168983438100166 2.3462274825383318 1.9781824482763211 219 203 167 0.040439074246474957 98 1084 16 1146
1465 -0.21785955078708616 2.5121350070411754 1.5513481210414657 38 28 21 0.13456386299253023 56 441 87 230 51 168
14 0.50329731622412655 1.4385774976509975 1.5523657112862976 20 16 13 0.39425729142342225 98 643 32 437 16 633 99 649 45 584 56 43 29 525 36 63 48 113 76 41 52 50
1132 -0.27877649879044519 2.0015746205365224 1.4444022755393224 26 11 1 0.19201078217854461 56 682 91 602 48 1089
415 0.68301633292988473 2.4071350077679163 1.8415745674738335 219 203 169 0.26058836351850778 98 1102 16 1169 99 1034 45 1205 56 1041 91 921 59 1384 48 1424
16 0.12896276601158035 1.7616522259844336 1.3937190442115259 100 114 145 0.21541784537210293 98 668 32 496 99 674 45 705 30 415 46 369 77 376
17 0.037694225641896402 1.796508288735392 1.6459869428102123 168 138 52 0.23457641018775247 98 677 32 508 16 700 99 158 29 87 36 94
896 0.32603335499473568 1.8691112351036252 1.8385168884728225 94 57 10 0.14404031526220618 56 95 29 107 36 119 97 78 84 84 48 263
409 0.70822680616270473 2.3537920162402299 1.9403081017606769 220 205 170 0.04730795784648844 98 1090 16 1153 45 1187
3469 -0.43330440872706932 1.6689714490097798 1.1563092580699186 255 221 62 0.013769087258785569 88 905 72 955
1922 -0.22713392943421074 1.8082329812063398 1.6827364623463197 212 171 56 0.15258910889820057 89 533 95 389 41 714
19 0.29813831143366831 2.427554647825549 1.7602202614920881 52 64 91 0.25368124505642048 98 868 32 270 16 880 99 817 45 886 56 830 29 865 36 875 91 899 97 958 30 462 76 571 52 559 46 419 77 144
403 1.1227417199894778 2.2769189358240065 1.9623911516933086 47 31 26 0.54930909672184092 98 850 16 1136 99 1016 56 829 29 667 36 665 91 383 97 727 84 454 48 1423 87 1044 11 1482 59 1474 12 1257 89 1394 95 1266 41 1281 27 1100 63 1120 55 1023 85 818 6 933 43 961
1415 -0.81766366530617962 2.0310864032601201 1.5912503807567957 10 12 16 1.8343431470521863 97 1085 84 1150 87 1228 11 1300
21 0.061641030370264908 2.6006869849691223 1.6131384942053373 6 7 7 0.19011806523617086 98 897 32 674 99 839 45 934
900 0.39478780624230458 1.9629389828103703 2.2384202141802594 1 2 5 1.6390819432300159 56 160 29 136 36 153
3170 -0.82482812115541737 2.1786405073946624 2.35554900896686 41 27 21 0.21629719984349041 80 241 8 301 58 277 21 239 67 307 1 153
1409 1.3114363743159154 2.1910975374553581 2.1232287048905101 229 212 174 0.087971183812306356 97 1134 84 1096 87 1194
22 0.25157780545915265 2.5866203589375916 1.5971868898924435 48 36 30 0.64311799171483242 98 898 32 663 16 910 99 838 45 929 56 849 29 386 36 397 91 461 97 737 84 735 48 1244 59 1203 12 788 64 998 27 575 63 581 55 686 55 837 13 149 85 711 6 794 33 741 58 544 88 613 72 626 21 564 33 204 43 525 42 676 30 485 76 203 52 198 46 173 77 435 2 444
23 0.015327738884529627 2.616126782588736 1.5906476389130202 7 7 6 0.23031174687661929 98 902 32 683 16 1199 99 1073 45 939
3974 0.25434120591511772 0.91932321916693649 1.7432723595465114 33 34 38 0.51627307367709407 32 967 30 741 46 620 2 803 70 431 57 444 37 407 1 611 38 319 19 514
3467 0.24735529473064088 1.6116479690583982 1.9331531948078033 75 48 8 0.65780818564495325 85 941 6 1036 72 903 55 895 88 856
25 -0.9507817312637572 2.738864486253894 1.548551809210674 121 125 118 0.23978602957741446 98 914 32 751 16 925 99 864 45 961 56 491 48 536 59 919 64 1027 63 564 85 550 6 893 33 612 80 818 54 620 8 875 42 516 58 891 21 899 47 638 67 834
1142 -0.55516625727162727 2.6116057758862459 1.3106715479174738 50 51 66 0.079024192820361203 56 841 91 731 97 274
1930 0.46453109944429616 1.0829411283058712 1.3819933792142611 69 82 113 0.25889540792017568 89 82 95 408 41 84
27 0.1620014255338891 2.6607028647753594 1.4869304867276238 29 22 20 0.3926589805728109 98 916 32 693 99 1083 56 553 16 546 29 724 36 724 91 492
411 -1.1777138316818569 2.5074064505083564 1.9354491051875 212 200 167 0.30926515798903231 98 1095 16 1158 99 1039 45 1221 29 654
1024 -0.16862089251015974 2.6840289998227989 1.5035500633440562 4 5 6 0.44241726527093733 99 1086 36 409 91 467
1423 -0.3877551098203002 2.9453258214861862 1.3344717818980452 88 88 82 1.2927499592682061 29 1089 84 1203 87 1257 51 1212
28 -0.55530406858969661 2.8798823737007324 1.2637596030646723 82 84 76 0.46314038462210094 98 970 32 953 16 981 99 1096 45 1007 56 874 29 737 36 739 91 753 97 744 84 742 48 960 59 940 12 547 89 263 95 183 27 357 85 334 6 640 80 299 58 356 6 383 88 252 76 598 52 468
29 0.33873073503144913 0.97701081838842552 1.595744785190963 117 131 163 0.13828381113907801 98 987 32 970 16 1242 99 926 45 1289
1417 -0.79362033361920503 2.2672353775793161 1.2599923138565274 104 113 137 1.0261762745638372 97 1099 84 1160 87 1300 11 1590 83 751 82 477
30 0.33930269915051464 0.98210873690168354 1.6001984391288113 117 131 163 0.82904132370198336 98 988 32 969 16 1243 99 925 45 1290 56 887 29 751 36 755 91 542 97 6 84 2 21 1036 30 743 76 601 52 581 46 619 2 802 47 994 67 950 17 838 74 782 57 442 37 408 1 697 38 321 19 442
31 -0.021000966974095786 1.8162591408121627 1.6206785015233458 163 134 40 0.39677100878741528 98 1031 32 512 36 562
32 0.11653818829325933 1.8764224952985356 1.6211935699004281 110 81 17 0.99061221873542316 98 1034 32 832 99 685 29 565 36 573
431 0.096873088728085102 2.6857910154252189 1.4620442969307779 32 24 21 0.14043410470317236 98 1145 16 1210 99 863 45 1248
1084 -0.57746558226742184 2.5906976178878329 1.5360171804935814 42 47 63 0.14295055982806615 98 1350 36 1059
848 -0.22188663839135975 2.4501053775686223 1.5403750167483481 54 37 4 0.27269192453426871 99 470 56 815 84 678 91 691 87 712
33 -0.17614975281757539 1.992299025350281 1.3808205611972442 14 12 15 0.14523400609390835 98 1040 32 529 16 1052 99 989 45 1093 56 960 29 801 36 816 91 829 97 825 84 793 87 861 48 1110 11 1038 83 500 30 429 76 530 52 523 77 64 2 90
3788 1.0065757689717614 1.2919604396005278 1.6276009116900403 254 223 64 0.1977505636691923 34 569 78 672 25 660
3421 0.85879764763636246 1.2874294595584079 1.580054398721086 255 232 65 0.031923606142418647 88 372 72 524 43 392
34 -0.15606688208085512 2.1049919693693182 1.3669350175449186 29 36 53 0.26209296523114167 98 1050 32 568 16 1065 99 996 45 842 56 975 29 820 36 834 91 622 97 848 84 809 87 882 48 850 11 1059 59 364 83 516 30 440 51 549 7 777 18 111 3 661 26 394 82 346 50 382 65 411
728 -0.97650000160126782 1.7071598441490958 1.2420711693043038 0 0 0 2.2700296810201923 98 1458 99 1353 45 1565 56 1312 29 1155 36 1121 29 1031
425 -0.86940020497949544 2.6955366925024657 1.5973789098578013 70 74 67 0.24837602010537785 98 1134 16 1201 99 1080 45 1245 56 1048 29 879 36 893 91 907 82 430
1086 0.13392843769649529 2.7969567129732762 1.5381208857998658 0 0 0 1.5158472213753176 98 1359 36 1066 7 1033 76 748
2765 -0.28714949603670642 1.7310796649938509 1.8986768891181478 235 192 62 0.10328328704925475 55 138 33 181 88 193
35 -0.38308098920016548 2.1291915925635068 1.2513707195925714 252 208 57 0.42267326700860208 98 1052 32 592 16 1069 99 730 45 1165 56 974 29 817 36 591 91 846 97 838 84 803 87 868 48 1156 11 1041 59 1172 12 743 64 980 83 277 30 128 51 98 7 480 18 92
1874 -0.39615704136912511 2.382205015094804 1.35514489539696 4 4 5 0.083849895042580475 12 392 95 130
2758 1.0675448849518328 2.3130816710326574 1.8926393514885265 103 71 60 0.16843659881141107 6 129 33 94 42 49
36 -0.36743965966662312 2.1569439445003722 1.2621003364788446 11 9 11 0.16141625463034637 98 1056 32 855 16 1073 99 1001 45 1174 56 1154 29 985 36 977 91 1027 84 1055 87 876 48 1168 11 1051 59 895 89 155 83 669 30 636 76 644 52 532 46 546 77 404 2 415 51 859 7 773 18 96 3 656 23 194 82 470 50 490 65 403 26 532
1367 0.21566883315060645 2.613487666616741 1.5589903923960364 96 104 102 1.2307419660487446 45 1384 84 739 64 1250 32 1155 89 1316 95 1263 41 1276 27 1106 63 1132 22 1170 55 1043 13 1083 6 1076 21 1139 69 921
419 -0.66871874572042644 2.5099150766197771 1.3670091107729401 79 76 68 0.94422034586052739 98 1265 16 1181 45 1229 29 1007 56 1247
1746 0.33068589018040107 1.8424754098212166 0.64965023087781582 90 100 100 2.4724160888208262 48 1178 12 1322
852 0.071144445697170378 1.5348620980626173 1.7623075371007126 171 136 53 2.8860671564044105 16 1007 56 926 48 1014 59 980
37 -0.26251691750631934 2.3158408711213117 1.4963270869490393 5 4 1 0.53807640531759882 32 268 45 1204 56 995
1735 -0.25887600874559524 2.7310107308734581 1.3513467211973518 53 41 35 0.67904621941627541 48 1248 12 1149 89 690 95 594 41 605 27 951 63 963 55 858 13 551 22 601 93 403 85 1003 59 1409 6 996 64 1168 18 171 23 227
38 0.29307493522710237 2.4557888954705485 1.7488851679035171 1 2 3 0.58755413461046202 98 1110 32 877 16 1174 45 1216 97 981 84 955 48 1223 77 628
1728 0.97766111505958608 2.1275058729437943 2.2637415763691404 234 218 178 0.16611475691933811 48 1199 59 1304 12 1063
3122 -1.0292268058221441 2.5946351010228001 1.7938805742901103 130 127 114 0.070968159855695309 33 825 85 759 54 852
732 0.61540353799782443 1.1929579901124827 1.3732915499337461 133 118 33 0.20299847132815252 99 41 45 25 29 28 36 31
429 -0.43059957697727919 2.7139567660221511 1.4444978179823045 2 2 4 0.16773604311669207 98 1143 16 1208 99 1088 45 1253 56 1066 29 893 91 944 97 998 84 962
3926 0.52520134638126126 1.0361925555541369 1.4901070937441816 137 109 24 1.2216948187282231 5 1155 44 1147
2753 0.59421302733180859 1.7683358497014641 2.8505830146489228 67 60 49 0.20843976939801728 64 48 33 62 54 82 58 57
39 0.24312268350178318 2.5642537340931582 1.6534556341808075 87 95 93 0.46250342232667513 98 1126 32 888 16 1360 99 1066 45 1379 56 1061 29 721 36 716 91 741 97 1015 84 726 87 1028 48 1441 11 1238 59 1397 12 1260 64 1149 89 1103 95 972 41 1205 27 1040 63 1060 22 1097 55 971 85 867 6 978 33 740 72 340 21 788 30 660 46 434 77 434 2 443 18 1076
3419 0.49862936037280409 1.0366689838518071 2.0684421478445025 180 105 29 0.09386398014356559 13 132 72 363 43 162 92 200
2762 0.73301533312323541 2.5032089660582919 1.8117250812870833 51 32 27 1.5258821857010436 6 195 33 136 80 129 42 112 58 174
40 0.17661390407888461 2.5829404506117788 1.6292106416806755 80 88 89 0.39440097421367282 98 1127 32 894 16 1192 99 1068 45 1228 48 1238 11 1232 59 1198 59 1400 64 1154 89 1093 95 961 41 983 27 943 63 954 22 821 55 836 13 739 93 812 85 871 6 982 72 335 33 514 30 489 77 437 46 435 2 180
1028 0.49036545443069335 1.6903846578581521 1.8272236679174116 238 171 110 0.58264897609212607 56 939 99 145 36 559 91 820 97 1090 87 860
439 -0.68433800905724951 2.9012628057208945 1.2540033125422694 126 130 123 0.18175470209987818 98 976 16 1224 99 915 45 1274 64 1047 33 832 85 769 80 806 54 604 8 856 58 878
3787 0.26754648269946407 1.860380368118977 2.7660567472496251 104 70 52 0.26182363815618315 5 534 8 445 78 626 25 610
856 0.52341876429357093 2.2445469989149549 1.765218518661329 220 203 166 0.74397829382103331 56 999 91 1049 97 1209 84 1172
41 0.11469402027617631 2.606123312324514 1.6046347989954364 80 89 89 0.35031157621726311 98 1130 32 899 16 1196 99 1070 45 1233 48 1239 11 1230 87 737 59 1202 12 1142 64 1157 89 898 95 797 95 956 41 795 41 977 27 944 63 956 22 819 55 840 13 734 93 598 85 873 6 985 30 664 46 437 76 207 52 415 77 440 69 314
42 0.053934093770366863 2.6302135099712975 1.5754583830128388 82 91 90 0.54939376912205573 98 1133 32 904 16 1371 99 1074 45 1387 56 1065 91 949 97 1020 84 984 87 1027 48 1240 11 1228 12 1143 41 972 83 166 85 982 6 1083 30 668 76 213 77 446 2 454 51 632
1030 0.4768725761823831 1.762198545366138 1.8462531209167723 165 140 119 0.40081578178943172 29 794 36 568 76 83 82 204 26 223
433 -0.064787903538705879 2.6939511737637951 1.44000046739087 28 22 20 1.0746103470669488 98 1147 16 1212 99 865 45 1249 56 1070 29 726 36 727 91 747 97 742 48 1458 45 1399 11 1235 41 785 89 889 13 560 93 578 18 497 69 302 23 239
43 -0.93211971330579435 2.7160557675824912 1.5695054996274889 71 75 69 0.43350649042645667 98 1140 32 932 16 1205 99 1085 45 1251 56 1052 29 884 36 898 91 911 59 1193 64 1025 27 557 63 562 55 515 30 709
1882 -0.42920667350105596 2.7432236670673986 1.4152728584410814 2 3 6 0.12159208482065215 89 245 95 178 41 214
1375 -0.26479409656191394 2.0774559383691034 1.3101672691315132 252 214 62 0.13644704289897525 97 835 84 800 87 872 12 1037
860 0.58097950729401959 0.59676131013933897 2.6167102050810169 251 249 79 1.2291036922565728 98 1170 56 1083
1743 1.3945200341613937 2.110229119990167 2.2444774685951465 242 224 185 0.64616510100381896 48 1550 12 1251 93 1155
46 -0.71097836130907455 2.9517084226451353 1.1563226073280186 168 163 145 0.55711723698296522 98 1163 32 1083 99 1101 45 1279 29 745 36 751
1369 -0.68088522828724329 1.8298970960672889 1.0623546550792102 105 93 27 0.63506481890236233 97 801 84 769 87 815 48 1029 11 998 83 467 51 500 7 446 3 341 26 372 50 341 65 373
1736 -0.31684336151234116 2.8037252574071108 1.253591047955396 108 76 60 0.28648369113863797 59 1413 12 1158 64 1173 89 881 95 783 41 770 27 954 63 968 22 596 13 548 93 554
437 -0.30843340506951467 2.8023638835619153 1.2462101043235512 106 73 53 0.16268998695295034 98 1157 16 1219 99 896 45 1259 56 865
47 0.40376421215827951 1.0379950080264788 1.485882646520426 135 147 176 0.41451862670996592 98 1175 32 972 16 1250 99 930 45 1291 29 494 56 610 36 757
48 0.40447630239979171 1.1965531870898762 1.4237651727301437 6 8 13 0.39767007385511582 98 1183 32 805 16 1255 99 1115 45 1031 29 922 36 923
1036 -0.46033113522081703 2.485931499486334 1.2942073344271092 26 29 38 0.16660656447456942 29 662 36 667 91 681
447 0.09117425482833702 1.1976891855462899 1.6727672929553097 128 144 178 0.2011761951204469 98 1184 16 1256 99 939 45 1297 56 611 29 31 91 17 97 15 84 11 87 5 76 282
928 -0.65804240511459122 2.1205426592086187 1.1513311526893877 20 21 30 0.21735347233286686 56 124 29 575 36 823 91 88 97 61 84 70 48 297 11 151 87 76
49 -0.34316053245250161 1.7178424969937682 1.2108987620694773 29 34 48 0.22475562901916327 98 1211 32 488 16 1286 45 1322 36 780 76 502 52 499
3501 0.67147934408922316 1.8624777009666149 2.7389368337635331 232 217 179 0.083193379394502928 42 593 34 696 5 738
50 -0.049766890421480504 2.05993605485564 1.4311238241666353 8 9 12 0.65380107091455464 98 1238 32 1013 16 1318 45 1345 48 1331 11 1060 18 1042
2781 -1.0818122176834049 2.5522429007271032 1.8815408938338722 85 90 87 0.10807515930035511 6 375 33 325 80 322
51 -0.046776304029093739 2.0630360544452451 1.437966843141085 8 9 12 0.57514439937170747 98 1239 32 1014 16 1319 99 1250 45 1346 56 1150 29 1051 36 1041 91 1112 97 1103 84 1056 87 1118 83 753 26 650 82 541 50 620 65 658
1954 0.83793337649461841 1.5763149940505359 2.8213064455695274 226 213 179 0.86540103301471771 89 654 95 564 41 580 93 487
52 -0.32888188652270561 2.0995900535770153 1.2906178549537979 255 219 70 0.22488199362856537 98 1240 32 1139 16 1443 99 1151 45 1485 56 1148 29 813 36 826 91 843 97 836 84 801 87 869 48 1529 11 1326 59 1533 89 1372
1447 0.44955096150882029 2.3207758343264144 1.7296421780462061 7 6 6 2.1493887506044627 97 935 84 901 98 848 99 1014 56 1008 36 859 29 847 91 883 48 901 59 903
435 -0.12024684042263385 2.7365568433978535 1.3331276621746064 71 51 42 0.37086056569529996 98 1152 16 1214 99 1092 45 1404 32 918 48 1468 59 1411 12 1157 64 1165 89 893 95 948 41 968 27 952 63 966 22 390 30 533
932 1.1155863523439375 1.8658567074710783 2.6494417809714559 242 225 186 1.0816460179037375 32 515 56 976 29 591 36 603 91 854 84 826 48 1327
54 0.45338616322979886 2.4754195678199848 1.6979722218788167 181 171 141 1.8421510103793775 98 1268 32 1148 16 1353 99 1051 36 1055 29 1074 91 932 56 1054 97 1145 84 1098 87 1181 76 772 52 777
1441 -0.68638948651813292 1.9613985184696316 1.1742907362252735 105 91 27 1.1112915003326265 97 1344 84 1298 82 669
1744 0.2331932169243158 0.84088540837506764 1.932504803702739 0 0 0 0.92352217645554191 59 1497 55 872 63 970
3074 -0.98891936396783053 2.257981596453273 2.2425719455937809 151 101 76 0.10628205194296209 80 274 54 287
445 0.71746739521128622 1.0562491660038897 1.2714787110084331 249 218 88 1.1545074001281541 98 1310 16 1251 99 1222 32 1170 45 1429 29 915 91 1076 97 1168 84 750 56 14 30 964 57 516
4006 0.2719066390049798 0.92149745059542354 1.6564900400022131 123 137 170 0.32726149401002363 99 17 76 3 46 2
2769 0.1715604141235765 2.6579568473090696 1.5003109765731604 35 27 30 0.28189344241051606 6 268 33 218 80 191 54 185 42 186 58 556 21 573 67 534
55 0.3041109590022944 2.5429472216274216 1.682030088285863 89 96 94 0.36416573851697448 98 1271 32 1042 16 1356 99 1063 45 1375 56 1060 29 720 36 712 91 940 97 1147 84 1100 87 1179 48 1438 11 1446 59 1394 12 1256 64 1249 89 1315 95 1195 41 1207 27 1039 63 1059 22 1099 55 970 13 1006 93 1089 85 964 6 1068 21 1137 30 658 46 429 76 419 77 631 2 442
3499 0.73679221012779339 1.8468920917733851 2.7697165414735005 232 217 180 0.077884286141742157 42 583 34 685 5 734
2778 -0.38795283960672261 2.8706545248507602 1.2275783989091051 50 41 41 0.14638735678874334 6 371 33 299 54 257 8 294
56 0.40756884967403245 2.602525266232202 1.5421278830904932 36 27 24 0.46080935517812338 98 1281 32 890 16 1373 99 1192 45 1234 56 1261 29 1082 36 1063 91 1138 97 1222 84 1193 87 1256 48 1466 11 1483 59 1207 64 733 89 929 30 810 46 684 77 633 51 1130 7 977 83 782 3 872
391 0.66686281126715208 2.2376993603366673 2.1234371642460315 230 213 174 0.19963073606992032 98 824 16 1101 45 1149 56 779 91 686 59 1328 12 1071 27 872 63 876
3803 -0.77098297623394352 1.5817537297116131 1.2999778617955771 255 244 69 0.19305745730319893 5 1016 78 1040 25 1019 44 833
936 -0.70618263003544335 2.4106232429774628 1.2457246439570444 65 74 102 0.37144101268943658 99 809 29 631 36 640
58 -0.067807473452806508 2.6751595393480447 1.514604753408924 81 90 90 0.35073514207603818 98 1285 32 1057 16 1378 99 1198 45 1393 56 1067 29 895 36 906 91 951 97 1025 87 1023 48 1443 11 1419 59 1483 12 1261 64 1255 89 1309 95 1186 41 1198 27 1041 63 1063 22 1085 55 973 13 984 93 1075 83 163 85 990 6 1087 72 600 33 768 21 1083 30 820 51 923 7 602 18 1067
1046 0.38178836334543576 1.6328619234209443 1.5377526533798724 103 89 26 0.20189035675923536 29 786 36 792 76 513
385 1.2018210735463464 2.1754712985365461 2.1438270688413774 231 217 180 0.26839728871404933 98 810 16 1083 99 774 45 1117 56 794 91 706 48 1388
60 -0.04855634865721193 2.8106777115195016 1.3538320510504178 87 87 82 1.3189087919861628 98 1298 32 1069 45 1406 30 826 48 1476 77 775
443 0.36947813926607154 1.0114912410738064 1.5545268193394903 5 5 6 0.42629382852010139 98 1173 16 1247 99 1107 45 1427 29 752 56 888 91 761
940 -0.46083203441693782 2.5439836897979329 1.3291356802074854 19 24 35 0.208263922953631 56 833 29 691 36 697 52 166
61 -0.12933903543188255 2.8318806228842637 1.2936880907431387 87 86 80 1.4842016576336012 98 1300 32 1072 16 1392 99 1211 51 1119
62 -0.30369685747490521 2.8790839791935321 1.1689929930665846 88 87 82 1.6169470184824106 98 1303 32 1078 16 1396 99 1213 30 834 77 781
1449 0.409569935212519 1.7061790305398816 2.8536113816318958 122 88 74 0.24868802871508353 97 611 84 595 11 1040 7 793 51 1101
1752 -0.60449920411232994 1.6955331925730839 1.1216839013403008 255 227 72 0.96105118227980768 59 1595 12 1390 27 1175
389 0.73030531407008847 2.2149786538526248 2.1523973435172699 231 213 176 0.24845584258957917 98 814 16 1091 45 1134 91 680 97 914 84 886 11 1391 48 1359 59 1325 12 1067 89 1124 95 1001 27 869 63 870
63 0.67937048284060186 1.1290914503097085 1.301196447882877 151 130 43 0.39245509813299212 98 1311 32 1095 16 1402 99 1224 45 1430 56 1088 29 917 36 919 30 745 76 603 52 580 46 618 77 703
463 -0.87673017806210451 1.9852055472633854 1.5313748106864575 134 95 18 0.14838349521224811 98 1232 16 1309 99 1145 45 1087
1116 0.12819089305095518 2.0493222658320858 1.7998292097420285 12 16 26 0.079838385684976879 36 152 91 124 97 103 84 108
1837 -0.52743004274099692 2.5263685019768674 1.3592677948449137 13 17 24 1.6776135073427811 12 1406 89 1458 95 1336 41 1356 22 1248 93 1210 85 1151 33 1216
1008 0.72195863470022803 2.2194252750927395 2.132928849156237 235 218 180 0.26833133243389595 29 234 36 242
65 -0.42563820106559119 2.8369028980263891 1.290969717847821 35 27 26 0.67858279584121195 98 1361 32 1205 16 1462 99 1265 45 1549 56 1266 29 1020 36 1012 91 1070 97 1149 84 1106 30 921 46 759 18 1052
3581 0.59848202714535415 1.7022115714773236 2.957145532381416 150 101 75 0.18083274837678553 34 763 5 807 78 901
66 -0.49031927708416367 2.8654997633843342 1.2783764163504774 43 32 28 1.1680494689619065 98 1362 32 1164 16 1463 99 1266 45 1509 56 1267 29 1021 36 1013 91 1071 97 1151 84 1105 87 1178 48 1567 11 1549 59 1544 12 1323 64 1266 89 1299 95 1258 41 1191 27 1111 63 1070 22 1063 55 987 13 965 93 1059 83 603 85 1017 6 1112 33 1063 80 1067 54 1102 8 1111 58 1104 21 1105 30 924 76 461 52 459 46 602 30 724 77 682 2 709 47 1043 67 1002 51 1106 7 824 18 1202 23 953 50 308 65 181 70 315 57 344
457 0.090052757535064129 1.6253752306503499 1.4778996521840075 214 186 88 1.5207674523978194 98 1012 16 1278 99 954 48 1296 64 1100
1118 0.21845336616442587 2.3577841721165389 1.6667315761147945 24 28 40 0.22140325892879403 56 390 91 273 97 238 84 226 87 251 48 554 11 505 83 376 7 181 3 139 26 293 50 269 65 311
67 -0.096188180946745513 2.8367327067288688 1.2361709134735928 0 0 0 1.6323316693488115 98 1363 32 1073
2034 -0.4844910797164857 1.6227177913714224 1.228491285885875 255 240 69 0.33010402181234255 89 981 95 856 41 884 22 757 13 946 93 737
68 -0.2765785569956265 2.926441752623246 1.2373367193097022 0 0 0 1.3780871701393951 98 1364 32 1080 30 837 77 784 51 1118
1527 0.76169602257654723 2.3697028167585032 1.821125333267688 222 205 167 0.84587617715076924 87 1038 48 1422 11 1464 51 970
451 -0.7165885209222449 1.414945633665321 2.4717448470669661 0 0 0 0.32886924864003153 32 1115 16 1264
1012 0.13172541487673597 2.3716814360557033 1.6093348129815344 8 7 8 0.055988562357476242 56 388 36 293 91 269 97 227 84 206 87 236
3154 0.29787755484933204 1.7020048706197086 1.7675665560853904 98 65 11 0.19257060274685331 80 1090 54 1133 8 1070
2851 -0.47434914899373037 1.6348176095654132 1.2170681793506775 255 232 73 0.54838646276549563 6 968 33 930 80 915 54 954 42 873 58 721 34 917 5 871 78 995 25 976
461 -0.21910406863741877 1.9182661207165073 1.4551456505647871 119 95 25 0.97135242862455795 98 1035 16 1306 56 1137 29 557 91 1017
4086 -1.3443378047493266 2.4832676016093957 2.2157791558777662 0 0 0 0.89853791867815591 30 914 52 665 2 851
71 0.72338265580016781 1.254408041640237 1.3301338784675298 101 89 25 0.35273188339231443 98 1408 32 1173 16 1514 99 1315 45 1555
471 1.4275704221626375 2.1398614717371354 2.1872312704049643 237 220 183 0.5456402224418716 32 1006 16 1324 48 1395 11 1557 59 1467 12 1253 89 1331 95 1211 27 1034 63 1046 22 1186 55 902 13 1106 93 1158 92 964
1188 0.28880204240897639 2.1446517761939483 1.9405010694563509 8 7 7 1.5724008394126676 56 1352 91 1237 97 1335 84 1286 83 872 65 714
1845 0.34948314894669963 0.79355920174090455 1.8063981328957499 125 100 22 0.14787636337560897 89 13 95 18 41 18
1016 0.34495932944979796 2.3810889762710996 1.7611384513383408 35 36 46 0.065770895028500378 29 324 36 323 91 336
74 -0.19870994002136247 2.1235684574666469 1.3661010110324536 76 64 35 1.0104415038505121 98 1425 32 1234 16 1533 99 1333 11 1611 30 983 52 809
2871 -0.67898413818812675 2.0489696947188558 2.3632342440003957 114 78 64 1.2440064253740477 6 1071 85 1057 33 1043 54 1095 8 1159 43 846 72 954 92 920
465 -0.85349865310125839 2.0608726881342667 1.546281649152232 41 44 59 0.44233463921339256 98 1044 16 1313 99 992 45 1342 32 1023 30 637 52 369 76 538 46 547 77 602 2 625
1190 -1.0962872526447338 2.242157297902966 1.6513052368753298 0 0 0 1.2028546398730575 56 1356 91 1245
75 -0.48565568899197464 2.6440764594646073 1.3221930524837948 52 59 79 1.2125483082082087 98 1434 32 1237 16 1540 45 1580 30 991
2042 -0.44887960960536205 1.9039781889442082 1.608932089295567 255 214 62 0.061470058573232435 89 998 95 869 41 900
76 0.50900766001679387 1.1426499139067989 1.3828941738803771 79 88 112 0.57778583419296259 98 1436 32 1210 16 1542 99 1348 45 1582 29 1131 36 1115 30 965 76 781 52 791 77 846 2 856
1535 0.21539713765055041 2.6480441909304511 1.4969523290778333 35 28 27 0.92913308898997382 45 1547 48 1602 11 1599 59 1541 12 1270 64 1252 89 1317 95 1197 41 1208 27 1045 63 1065 22 1096 13 740 93 1087
3160 0.53117329253998924 1.0379928563690652 1.5201764533353201 93 84 25 0.51041620698891832 55 555 85 590 33 622 54 335 33 353 80 335
459 -0.73917829355394138 1.7876206369171905 1.0215065264061469 253 227 76 0.3575211767785243 98 1024 16 1292 99 963 45 1463
1020 -0.4770917869172796 2.5974072822835423 1.3596654094841183 58 68 93 0.10698961681032435 29 361 36 370
77 0.34986522298318568 2.4652993184750893 1.776358322755988 30 31 30 1.4525222425121125 98 1449 32 1250 16 1554 99 1360 45 1602 56 1346 29 1159 36 1138 91 1205 97 1304 84 1258 87 1325 48 1652 59 1587 12 1360 64 1343 27 1141 30 989 76 822 52 830 46 818 77 916 2 906
78 0.18745959900179932 2.6082251783436283 1.5778896037651271 88 97 97 1.2957934012742842 98 1450 32 1251 16 1555 99 1362 45 1605 56 1333 99 1342 29 1152 36 1110 91 1208 97 1307 84 1260 87 1327 48 1655 11 1638 59 1599 30 1007 76 776 52 780 46 822 77 920 2 922 51 1294 7 1075 3 827 83 778
469 0.7863881757214336 2.1003040077989401 2.3090893102116343 231 216 179 0.3087070296192887 98 1245 16 1320 56 1163 91 1044 97 1121 84 1075
79 0.035022267755344026 2.6571651522541671 1.5080847180799484 78 87 87 0.94714738142270027 98 1451 32 1252 16 1556 99 1344 45 1606 56 1334 36 1111 97 1308 84 1259 87 1326 48 1654 11 1637 83 774 30 1008 76 777 52 734 51 1292 7 1074
801 0.36203068482490336 2.5343074783717476 1.6271900217078428 41 30 24 0.42071574240829962 16 1358 45 1376 59 1398 64 1146 27 947 89 725 85 864
80 -0.50586713438872166 2.7279393359899027 1.3589536505711577 5 5 6 1.2789678166767233 98 1452 16 1557 99 1363 45 1608 29 1161 64 1368 33 1194 80 1160 54 1188
479 -0.53898941874894046 2.5001611243371684 1.274725207154926 7 8 11 0.5101148924874197 98 1269 16 1355 99 1179 45 1382
1196 0.42296197937668345 2.0260438960986606 1.999109167427968 55 55 65 1.5494281074714309 29 1120 36 1100 91 1201 98 1390 16 1497 99 1299 45 1535 56 1322 97 1298 84 1254 87 1322 87 1323 48 1626 59 1527
1853 -0.39064044982126855 1.7389654783654327 1.6766934396485047 254 236 63 0.16362522034522645 12 144 89 493 95 44 41 44 27 83
960 0.74833455919400915 1.4290653049925546 1.4752075989203493 29 15 0 1.4688438806866528 56 921 29 942 97 804 87 1084 11 1019
81 0.21549500634272528 2.3552090266945065 1.7101603885483849 35 47 71 1.8515929071929573 98 1460 16 1562 99 1370 56 1358 29 1178 36 1172 91 1246 97 1346 84 1301 87 1372 11 1656 76 842 51 1325 30 1021
1318 0.5046712162516569 2.4291806994965928 1.84561328637707 210 195 158 0.066865330956265012 97 440 84 421 87 441
3533 -1.0886306768431506 2.2331967519940479 2.3016363333445797 0 0 0 1.2035364004293467 55 1019 34 1158
82 0.21486436649863555 2.3471140261660342 1.6978131909325989 35 47 71 1.7009489634189843 98 1461 16 1563 56 1359 29 1179 36 1173 91 1247 97 1347 84 1302 87 1373 83 887 76 843 51 1326 7 1119 3 991
1827 0.79421964671013623 0.9740630235938329 2.1277074223291579 254 252 117 0.74097725634103861 12 1278 89 1367 95 1243 41 1255 27 1116 63 1146 55 1059 93 1178 85 1083
473 -1.2227650381118755 2.3708705634411653 2.1405017968907849 66 43 30 0.85752406126075631 98 1251 16 1332 32 1154 99 1165 45 1489 29 996 36 990 64 1248 55 819 85 891 6 1105 33 977 80 1076 54 1114 8 1126 42 915 58 1108 88 803 72 713 21 1101 92 516 30 910 46 753 77 837 2 845 67 1006 37 530 1 775
1198 0.43179025324605269 1.8037527443579722 1.8878025555329039 5 5 7 0.80803255187093104 91 85 97 76 87 875
83 -0.39447813044631513 2.5710544031520755 1.4413359666187644 48 58 81 1.6117534238700215 98 1470 16 1572 99 1383 45 1627 56 1369 29 1187 36 1180 91 1254 87 1371 11 1655 83 886 76 848 52 849 51 1323 32 1265 7 1117 50 684
1986 0.31402519965144282 0.97254808850581698 2.043819928961836 161 95 13 0.23656504898423766 89 986 95 686 41 690
84 -0.47921615999286893 1.571182631341562 1.3086327042145338 208 162 43 1.3839622859274876 98 1475 32 1276 16 1577 99 1391 45 1634 56 1365 29 1181 36 1168 91 1249 97 1351 84 1303 87 1375 48 1692 11 1661 30 1025 46 829 51 1334
1479 -0.66953863851633222 2.4986597326984246 1.3554849449684119 118 112 100 0.36090091596692336 84 837 87 667 11 1114
467 -0.30380995326292465 2.0596960758459013 1.4183082115027825 67 51 8 0.74028158441573588 32 1017 16 1316 45 1344 59 1459
85 -0.4909860372630005 3.0613657557928455 1.1380130843166865 0 0 0 1.6085644640508299 98 1481 32 1280 16 1583 99 1397 45 1633 56 1371 36 1189 91 1258 97 1354 84 1307 48 1690 59 1611 89 1456 41 1352 63 1209 85 1141 33 1196 30 1037 80 1199 77 934 46 852 18 1327 23 1192 93 1197
3879 -0.58126347288972124 2.0684056444912602 2.4614429958211885 76 53 48 0.19585536972368345 25 923 78 939 44 531 47 783
86 -0.66480221997824274 1.4406502007227147 1.143736941723775 0 0 0 0.66434556402316325 98 1482 32 1281
1473 1.2785236409838527 2.2123798845199278 2.1081658373713257 117 109 93 0.040817292059865007 97 461 87 522
3234 0.069847133650293255 1.8229324735417429 2.4321682525030068 227 209 170 1.4023834211949697 8 453 42 678 78 1166
2867 0.40863376087585773 0.94944900521326392 1.7264741941389414 124 102 26 0.55469431689450088 6 908 33 992
477 1.1581683030958496 2.3316330271329235 1.8677961706935633 45 31 26 0.18762811015432507 98 1260 16 1341 99 1172 45 1355 56 1255 91 1131 97 1220 48 1449 30 796 77 609
4038 0.39316323463696451 1.7599934533784185 1.7966759997361732 44 40 30 0.096336894848149099 30 88 76 338 52 85
87 -0.79060466453164113 1.6755121995635149 1.1763109176930393 230 190 57 1.2850971716239394 98 1483 16 1584 99 1398 45 1635 56 1366 29 1182 36 1174 91 1250 97 1350 84 1304 87 1376 48 1693 11 1657
1316 0.75448394391611584 2.340956294805538 1.9583845669222117 228 212 177 0.03557678608670517 97 432 84 409
3531 -0.98774144199072855 2.2728459516546193 2.0059774740537639 11 11 12 1.1207128693399653 42 1068 34 1150 5 1105 78 1276 25 1319 5 1133 47 1136
809 -0.32911289160367913 2.7856860407051949 1.3192549232995561 24 18 16 0.95548274514725273 32 1161 45 1506 48 1463 59 1491 64 1318 12 1269 27 1110 63 1140 55 1051 85 1072 6 1166 33 1123 72 963 21 1176 30 830 46 689
88 0.32027013331162513 0.84866614113692929 1.8201442223536746 149 132 46 0.14926423465677319 98 10 16 9 45 4
968 -0.12834484523639322 1.5946603468673919 1.8664089793477732 137 92 16 0.48854581069535979 56 1219 98 1322 29 1038 91 1094
89 0.35430901446030688 0.87606772393151944 1.7654717468844361 146 132 45 0.17737704262558596 98 13 16 16 45 537
90 0.26513061530125159 0.9379464323385075 1.6118172049730253 126 141 175 0.32611620925603219 98 19 16 20 99 16
1835 0.042742154909561521 1.1547609965799928 1.7579183815363026 241 206 70 0.58022966647184915 12 1379 89 1441 95 1309 41 1333 27 1164 63 1193
3368 0.26173601497821969 1.9566548180996963 2.6412915726052244 233 216 176 0.27654876397228434 42 833 88 725 90 749
91 0.34428918344936976 1.0178788500461597 1.8356086067364161 107 72 10 0.18543674232156651 98 33 16 32 99 29 36 24
1994 0.48777807828785213 1.0340341168003426 2.0399602217436796 250 198 48 0.23594596830072312 89 795 95 705 41 708 22 603
813 0.094986648119466374 2.1127181231593544 1.5524805321497162 71 55 10 1.5903275390165117 98 1426 45 1570 56 1343 91 1221 51 1307 3 963
92 0.34428918344936976 1.0178788500461597 1.8356086067364161 107 72 10 0.18543674232156651 98 34 16 33 99 30 36 25
1487 0.52176358833615177 2.4209912825024555 1.8736132397274829 214 197 158 0.25840532810336941 91 914 87 1171 11 1430
3362 0.16982767445321684 1.9525558169006643 2.66362382967844 231 215 176 0.10233777588032078 42 671 88 581 34 795 5 798
93 0.36449196622619412 1.0263509454498927 1.809360902354499 137 111 35 0.3665269717755944 98 35 16 34 99 32
94 0.5052944994834524 1.1349200323620916 1.3416491656032212 97 109 139 0.27936356968310777 98 38 16 40 99 27 32 2 45 19 64 22 63 484 27 97 30 6 77 5 2 6
1481 0.40513446264206043 2.389199775299208 1.8076075441230162 3 3 3 0.22716003562278106 84 926 87 967 11 875
95 0.50406417328915476 1.1364416582478931 1.3364307106696749 97 109 139 0.076811759653880304 98 39 16 41 99 28 32 3 45 20 30 5
1324 0.47699467885412078 2.4832228674709049 1.7746819284271256 199 185 153 0.16092033642229384 97 731 84 449 87 746
96 0.47130593792245562 1.1677873665756289 1.4014309523615291 126 107 34 0.79647567404067177 32 8 98 44 16 44 99 628 45 563 56 25 56 899 29 500 36 512 91 13 59 703 30 8 77 340 32 801 70 210 57 238 37 187 38 4
495 0.94904986312661743 1.1525036768367389 1.502590207150956 0 0 0 1.4058756996734332 98 1313 16 1404 45 1515 91 1158
1148 -0.64067558868076657 2.0823759626571605 1.1466429203193629 74 91 127 0.26164054247070206 56 959 91 826 97 821 84 788 87 848 11 1024 83 486
912 0.28305934998024102 2.3996698762300297 1.7351366389794576 31 32 42 0.20449566085820559 56 417 29 327 36 325 91 340 84 305
97 0.52502490416098069 1.2883230536473114 1.5530011950184968 116 99 36 1.025286627541703 98 634 16 53 99 48 45 32 29 512 36 43 91 558 59 717
3485 0.93632394784892226 1.2576687703098401 1.6298712475777102 218 136 33 0.090083644327659945 42 328 34 337 5 323 44 346
98 1.091202377380545 1.2513885388510178 1.6301551846425864 166 107 19 0.14935214545020878 98 53 16 55 45 31
489 0.021695279113915666 2.7823000810907219 1.3687499422065295 86 86 81 1.228895019314477 32 1065 16 1389 97 1164 84 1120 48 1475 45 1504 11 1556
99 0.51902679333321478 1.3396508263218811 1.5563268479797405 130 114 47 0.5812721435628242 98 56 16 57 99 49 29 36 56 629 36 47 91 560 48 1007 59 727 12 861 27 501 63 110
1938 -0.19209250014229731 1.9422151336364841 1.452813176219369 253 225 59 0.12771123233951143 12 228 89 573 95 444 41 463 27 160 18 435 93 330
100 0.52123490851002152 1.391102611333368 1.5445108934105383 90 71 16 0.18568615033714009 98 61 16 60 99 53 45 38 29 39 36 48
1431 -0.61896821830398563 2.6708272077970401 1.2735574495319086 118 120 114 0.92786480707704844 91 1180 84 1233 56 1331
2491 -0.15172097828319819 1.9983503340203281 1.4153249754658106 253 211 58 0.45247705599200705 55 495 13 53 72 315 88 209
1032 0.33253375113048117 2.0085737986240271 1.8980200231942048 85 52 11 0.14531888860632253 29 587 36 598 82 224
483 -0.82525663353264855 2.7297162704266875 1.5434778440791179 114 115 105 0.45675378826023183 98 1284 16 1375 99 1200 45 1500
916 0.29165561884000152 2.6223094878858189 1.5332741603529676 25 19 17 0.13626378871926639 99 849 29 397 36 401
101 0.18640832936490212 1.420193911015639 1.858108828535431 130 107 31 0.40555598604775756 32 26 98 71 16 62 99 71 45 41 29 59 56 636 36 68 91 570 12 615 30 42
102 -0.47730831308529353 1.5033543393114022 1.3920542988858575 174 127 28 0.11627885883731863 98 65 16 64 99 57 45 586
1034 0.028129477116181294 2.3600458638046344 1.6380077914614899 52 35 4 0.080919032640470651 29 643 36 649 91 675 97 678 84 672
493 0.21134206218512408 0.93867161113726516 1.751561091936279 0 0 0 0.58477018690268923 98 1309 16 1399 29 916
3990 -0.713708279480328 3.0571479696458126 1.1495277553734415 0 0 0 0.96963403812437166 32 1087 30 930 52 670
103 -0.4766816379261789 1.5034714136547245 1.389356229153365 174 127 28 0.075406193942934269 98 66 16 65 99 58
3483 -0.80427426928861112 2.2014414693695943 2.3261252056472799 38 31 33 0.26678267645336673 42 283 34 322 5 302 78 435 25 435 15 634
104 0.46421469900319284 1.4553530709092399 1.58453743300996 105 68 12 0.065777550925708861 98 78 16 75 36 543
503 0.072473899544124795 1.7149808091595411 1.4257361741532661 224 196 101 0.2235659131135227 98 1215 16 1429 99 1130 45 1454 29 962 36 956
1092 -0.69638180719425846 2.5817062549433509 1.3938198788005165 77 77 68 1.1596731509356066 29 1125 36 1140 91 1203
105 -0.76498991183514187 1.5545974512379597 1.3979070013626318 171 129 30 1.4190659122925786 98 72 16 76 45 597 32 459 2 38
106 0.17147173250808961 1.4787436843118156 1.8691607052439398 120 74 15 0.22093582675336587 98 87 16 81 99 102 29 65 36 77
497 0.46253912871237868 1.3901991587537139 1.5831570621094386 141 122 50 0.190521116821774 98 1318 16 1412 99 1229 45 1438 56 1100 91 795
1094 0.31719253995270869 1.1740165204553374 1.4272486473900263 126 103 38 1.0292956736209538 29 1153 99 1364 36 1146
107 -0.81619865997490804 1.5832519029205241 1.3058002204664256 169 128 28 0.10318386956381283 98 79 16 84 45 51
1946 -0.41533119025347237 2.4335198504031608 1.3275837432883635 9 9 6 0.094409609495790081 59 1188 95 493 41 511
108 -0.81694977361315757 1.583242245043001 1.3082495548000956 169 128 28 0.13831015947205544 98 80 16 85 99 74 45 52
1439 0.24327163294324314 1.1405332348814776 1.7486694250298607 18 14 15 1.3912584248604052 56 1355 84 1292 48 1674 26 710 50 674 65 711
1040 -0.52267924672118116 2.5634343615005308 1.3094215631118089 19 24 35 0.22961433061478453 56 835 36 699 91 712 97 219 84 180 11 401 26 261 82 249
6531 0.44117949787100558 1.0711152828969084 1.4608545802833599 21 18 14 0.17296586511076534 57 358 67 679 70 334 37 298
3192 0.33035885310249741 1.8511927949516842 2.6549583755144091 229 213 175 1.7419385825864875 54 913 8 944 47 737
924 0.54382749160373112 1.2572107759671101 1.5203432271642903 26 24 25 0.32319854399760456 99 638 29 511 59 715
109 -0.69732710311203872 1.6211047423570559 1.2633619566533334 176 131 34 0.27829022063544601 98 95 16 93 45 65
1433 -0.82358336200535398 1.8275119974401484 1.4618748330698899 62 62 67 0.40753117441240577 97 1259 84 1247 87 1286
2445 0.69052051437913642 0.96063656002496745 2.1290472267054423 110 75 61 0.84513044845248431 41 1166 22 1089 55 869 27 959 13 1085 93 1070 69 915
1042 -0.023153183173909284 2.5155529712337446 1.6559611219005963 4 3 3 0.79003607185190672 29 703 36 702 51 221
501 0.16785980700761133 1.6335997692209818 1.4218885118870681 0 0 0 1.0806650409743408 98 1323 16 1425 99 1239 76 704
111 -0.44041712408060951 1.616615958523048 1.2110201024502278 173 130 32 0.11547215853031978 98 102 16 98 99 96 45 67 59 782 12 153
112 -0.90472156751114186 1.6573967804329928 1.2022146903816495 142 116 28 0.073826817307874562 98 104 16 100 45 77
511 -0.61019213894684599 2.1318590081078725 1.2978206269372743 243 198 62 0.43208549564034143 98 1338 16 1444 45 1348
1100 1.1055733858991559 2.1773790141077818 1.7527031803280926 0 0 0 0.73017684989842491 29 1191 32 1273
113 0.40182495400915291 1.5583513980033594 1.4998913559185687 99 68 12 0.1631757528365135 98 118 16 101 99 111
3565 0.62161071752526664 0.98761753554245069 2.0816706038758417 254 224 65 0.30512872482115122 34 95 5 468 44 501 39 352 28 375 31 375 90 431
114 -0.38824551730619689 1.6262064561754499 1.2153897117662877 151 112 21 0.14033789202496247 98 108 16 102 56 41 29 56 91 36 97 22
505 0.092054734739706351 1.7585771839387416 1.4220472271891724 96 87 26 0.43808871937016775 98 1327 16 1435 56 1128
1102 -0.62696305827125531 2.7942842480920236 1.4177518868407257 107 110 102 0.14339927326565732 56 551 29 423 36 441 98 937 16 943 99 888 91 469
115 -0.90066958637178285 1.6771537452606951 1.1813809920423661 255 235 79 0.036793676881000638 98 116 16 108 45 644
2018 0.38838953860621456 2.3047669950434182 1.7016514713083268 57 67 91 0.12651073096125773 89 1084 95 802 41 800
116 -0.71722655291199477 1.675615856298317 1.1533011029725937 168 128 29 0.095776232485309976 98 119 16 111 99 112 45 647
1511 0.22485304630803482 1.8875709656928044 1.6140976128959017 109 94 28 0.18451007174237863 87 100 48 279 11 198
2443 -0.11255090228051982 1.4683122039185503 0.78129715172553571 0 0 0 0.14195447011718482 48 85 22 1037
1048 -0.14219382537387718 1.9950691692245495 1.4229120823206316 250 208 57 0.16040149774363549 29 807 36 819 76 352 52 93
499 -0.45858813321987191 1.4783316702381291 1.433200320446901 254 240 79 0.94902014562363191 98 1375 16 1414 45 1305 29 935 36 936 91 991 59 1240 64 1202 48 1496
996 0.31853122437090858 1.0199723460516585 1.8082153168214923 131 111 41 0.65280773735557873 29 25 99 31 36 23 76 12 52 21
117 -0.42417691964862991 1.6607432837337766 1.1492740299009097 255 233 79 0.54851666339617011 32 46 98 127 16 116 99 114 45 84 56 48 97 23 84 540 87 805 11 990 59 799 95 361
118 -0.86741942345949086 1.7080530231165765 1.1319336003092788 255 237 79 0.066756713243761701 98 131 16 119 99 125 45 667
1505 -0.69910497754671275 1.771832399997141 1.0523282479964244 253 227 69 0.91253539913004866 97 572 84 545 87 568 98 1022 99 959 56 643 29 61 36 73 91 577 11 989 48 1292 59 1448 32 993
1050 0.28568687785350055 2.0740890812821373 1.7782091590987914 6 4 3 1.0445291988405023 29 990 36 840 76 649 52 631
6549 -0.81090959637720839 2.4961903272322701 1.9174212968071604 59 59 53 0.081431302775712991 57 313 37 377 70 290
3138 -0.041776570395272321 2.7319618733931383 1.3541591595961191 44 37 41 0.39458332582249317 80 945 54 981 8 992 42 695 58 980 72 602
509 -0.63257182849637694 2.0259090759070286 1.2290701449551433 148 111 29 0.67632006771006237 98 1235 16 1441 45 1477
3563 -0.23003744113705377 1.7987729233989962 1.7117514975039747 184 143 45 0.45364691413790059 34 212 5 464 25 171 44 64 90 45
120 -0.67175594903126401 1.7230180313754768 1.079745807736461 254 234 79 0.72853344965824007 98 142 16 134 99 132 45 683 32 495 59 1080 12 863 64 935 85 518 30 64 77 42 2 50
455 -0.61523693216754949 1.6539537576650583 1.1834295403580981 255 221 63 0.64782117450610421 98 1007 16 1273 99 658 45 1318 56 914 29 53 36 60 48 1284 87 793 11 982 59 1441 12 1195 64 1228 89 1251 95 1122 41 1135 27 1079 63 1101 22 1032 55 1038 13 945 93 1028 85 1058 6 1153 33 1115 80 1043 54 1083 8 1088 58 1068 72 950 34 1034 5 1002 21 1061 69 828
1108 0.29299891619969787 1.6981436371217999 1.6367770687538032 152 107 37 0.22054867000667466 56 69 91 59 97 44
1829 0.14681160345884292 2.673092021408392 1.4745455411559463 35 28 30 0.69403509252977991 11 1598 89 1391 95 1262 41 1275 27 1046 63 1067 22 1093 13 999 93 1086
1000 -0.33813340683847387 2.1534338699519835 1.2681291733240767 100 89 25 0.16974577087670531 56 189 36 147 52 368
121 -0.83313997216126723 1.7387653223047419 1.0792392526672112 255 235 79 0.04187855485894984 98 141 16 135 99 133 45 692
122 0.26220297990752045 1.6903151432342682 1.5450096457313192 147 122 46 0.74391478459019456 98 663 16 139 99 966 56 1122 36 802
2855 0.13546867122199541 2.6791841970390542 1.4338439641747973 44 37 40 0.87270565919751997 6 987 33 940 80 930 54 962 8 974 42 847 58 969 88 781 34 639 21 1079 92 726
449 0.83193080671182951 1.1993595085881124 1.3814786136482373 100 78 18 0.33490708821168252 98 1185 16 1258 56 1203 29 923 36 763 99 938
1110 0.24688612230580628 1.7942166355826545 1.6255328783805294 109 87 22 0.24433963377928899 36 95 91 72 97 57
123 0.70544132239904966 1.6965860718952679 2.9521940579232795 68 42 27 0.23744193060407678 98 162 16 143 99 169 56 88 91 100 97 88 84 97 87 634 51 608 7 167
2026 -0.63905311179089963 1.5388240180500645 1.3461649968543292 255 240 71 0.064933149021337608 89 743 95 839 41 862
124 -0.32862209570121592 1.7610449576821392 1.1887817349554446 125 138 166 0.18744362681578064 98 150 16 148 99 138 29 74 36 85
1519 -0.15530441390832916 1.8663734462735029 1.5547210404410234 239 195 53 0.46511596777113634 16 188 87 72 48 806 11 147 59 1102 45 1072
3144 -0.4876649648491107 3.0640739049992867 1.1646749047719815 0 0 0 2.0974030404670501 80 973 54 1020 58 1027
507 -0.13158822959154315 1.9839509134912885 1.4164316413701799 254 211 69 1.6824676095211619 98 1334 16 1439 99 1146 45 1472 56 1144 29 808 36 820 91 1020 97 1094 84 1047 87 865 48 1595 59 1529 12 1353 64 1340 32 1187 95 1163 41 1178 30 777 18 1036
1004 0.42613025202961879 2.2360889771918293 1.6787559972202226 45 50 67 0.24984198536499747 29 181 36 187
125 -0.00011710509923767987 1.769734533388488 1.6874535553319763 168 139 44 0.19562067615216594 98 161 16 156 99 153 45 691
126 -0.045772754595049717 1.8093408353729463 1.6483805318770963 134 96 19 0.27888096936887363 98 168 16 169 45 137 64 584
1513 0.93033229226107961 2.0626561269791943 2.3432797544477211 234 219 182 0.1809365894776569 16 291 48 437 11 508
453 0.21732341691349821 1.4822211105910323 1.8678204964205132 129 92 20 0.76134001856810773 98 1200 16 1267 45 1306
127 0.65615550385611943 1.79877437088522 2.8125694328413453 108 96 74 0.28809511958857659 98 188 16 170 56 117 29 125 99 190 36 146 91 112
785 -0.55331267441367693 2.8789434433170284 1.2628675589759168 78 83 76 0.39156021580243361 16 980 45 1006 97 743 84 741 87 735 48 959 11 606 59 939 12 546 89 262 95 182 85 333 6 639 80 300 58 357 88 251
128 -0.030109568475960781 1.8252589683688514 1.6187374611167409 165 140 45 0.066405970477253384 98 170 16 174 59 818
129 -0.04444153413228976 1.8546512530177184 1.5838914144759553 161 136 51 0.4307718337503153 98 181 16 187 45 164 36 100 29 92 91 71 97 55 84 65 87 78 11 156 59 201 12 707 64 211
314 0.39749393901532926 2.2778216372003803 1.7355728945258393 63 65 85 0.1959122905849002 98 842 16 864 45 365 56 781 84 682 48 526
130 -0.11629079213793707 1.8810389734431798 1.558222323639797 229 188 67 0.31926814351751637 98 191 16 196 99 172 45 180 56 81 29 94 36 102 91 73 59 833 48 813 12 710 64 624 89 574 95 445 41 466 27 520 63 527
1811 -0.10201572219135616 2.0639782544572705 1.4231720975519213 128 140 170 0.19110516371651748 64 949 89 839 95 747 41 745 93 359
131 1.0668565305818269 1.857810020138581 2.6822654742028198 137 125 101 0.15118712097747528 98 220 16 199 56 180 91 140
260 0.30798259817497137 1.6871401401133395 1.6193396798141713 106 67 11 0.097645500971847043 98 664 16 684 99 669
1207 -0.52389258398384919 2.5636279379852223 1.310577823025439 19 22 32 0.17427295431633053 91 713 97 220 84 181 87 168 11 402 83 99 26 262 82 250 50 235 65 105
789 0.72867774146860576 2.2159662587387032 2.1509261717859647 231 214 177 0.10855187392177137 98 815 45 1135 27 870 63 871
132 0.32579664106173317 1.8701430674522348 1.8376837556542791 91 59 9 0.17071103689228934 98 203 16 201 99 186 56 96 29 108 36 120 91 93 84 85 48 264
133 0.24764133736337751 1.8972426033439793 1.6147981790229133 108 94 31 0.10998226572556191 98 213 16 221 45 183
318 0.25480755593965898 2.3774097394314802 1.6974522288925671 61 69 92 0.35492349671093681 98 859 16 873 99 807 45 875 56 1017 29 660 36 865 91 882 97 922 48 897 83 388 84 693 51 235 3 464 26 308 82 271 50 430 65 457
1193 -0.39532741344884276 1.6824120354327463 1.1534544830334228 253 209 68 0.20796245867774696 56 641 29 535 36 548 91 574 98 137 16 126 59 154
2008 -0.86788463707358154 2.903143475903994 1.2962899412118707 0 0 0 0.67499718501229189 87 1163 89 841 95 744
134 0.17128566488157054 1.9510544928686615 1.6043475086961601 72 57 10 0.73715310980093085 98 251 16 247 99 196 99 203 45 207
1300 0.40709243194984074 2.20663589389078 2.1649726036286574 225 204 163 0.16547366403351854 97 160 84 161 48 435 59 298
3034 0.3514745174173029 0.92651868389670888 2.11366411452045 0 0 0 0.9610278332451474 33 1074 80 1083 54 1122 58 1041 8 1135
312 -0.087389522669355069 2.2613325502745094 1.5656209764182083 7 5 2 0.023454366888779703 98 828 16 860 99 779
793 -0.64224960382100282 2.540178978201201 1.3971244473065494 2 2 3 0.11156988307557784 99 1180 45 1232 64 757
136 0.98329183376335039 2.0282380538859597 2.3935370627021522 114 105 84 0.53918577221622022 32 140 16 272 99 298 56 237 29 155 36 169 91 195 97 156
137 -0.48207637864234915 2.0570757213891002 1.3992864932493561 85 76 61 0.16259121736419588 98 290 16 281 99 241 45 287 32 210 56 111 29 113 36 125 97 65 84 73 87 83 48 259 11 157 59 288 89 102
1310 0.98841061021642795 2.1029256249401089 2.3120832304666692 116 107 86 0.052392767543032195 97 217 84 234
3261 0.3890116363112488 1.0213240495460185 1.5613283818418304 23 30 42 0.44894049922494222 85 1030 42 1033 88 949
258 0.37216603688529548 1.6593645112189315 1.6046168798734626 88 64 11 0.070851197657923415 98 1021 16 679 29 789
138 0.39094361671703171 2.064848198177399 2.0595966153945189 31 33 43 0.065758461061333706 98 308 16 284 56 716 91 855
1819 0.65530032786103187 2.5673276301605918 1.6247458313721672 0 0 0 0.37011665952327699 64 981 89 1214
3352 0.30386524823273808 1.3455642612493088 1.4200053290154939 67 72 91 0.23282618073535838 55 453 88 442 72 633 5 575 43 529 92 325 44 322
139 0.79580545607022701 2.0605969283062722 2.3385262615366509 111 103 83 0.095421039346340511 98 316 16 287 99 305 45 224
268 0.71298459533964742 1.7792841513353486 2.8198919235900846 108 98 76 0.33953600584086968 98 684 16 699 99 691 56 688 29 121 36 142 91 621 97 640 84 615 87 642 48 810 83 325 7 561 51 617 3 481
1215 1.0774951109644175 2.3253414206079506 1.8948499325506027 105 75 64 0.19671885269239836 16 433 97 493 84 470 87 530 11 955
797 -0.58042933630247551 1.6002344943041626 1.2358187891917733 255 225 76 0.59746817926394469 16 1268 45 1311 59 1436 64 1215 27 819 55 951 85 874 88 795 72 720
140 -0.98551720376072005 2.1291596073514198 1.5927495209732843 55 60 75 0.09241180134554712 98 301 16 290 29 120 36 592
3346 0.91525857902986607 1.275753035231407 1.5895300332665563 190 94 26 0.19058059098163424 55 106 88 38 72 259 43 176
141 -0.70232272079005564 2.0878837901128628 1.1309098949462677 95 116 155 0.070776572519356637 98 741 16 303 45 845
262 0.7824755004931141 1.7188891373645803 2.9338213839932084 236 221 184 0.40003709490476796 98 169 16 690 99 173 56 97 91 105 48 1044
1201 0.38342054565364397 2.0397923982513788 2.0249231110350325 117 86 22 0.21622900564373851 91 136 97 109 84 114
142 0.37115646115343287 2.0806842952212423 1.8253900500779621 244 221 177 1.3180994151116114 32 176 16 304
143 0.66626230421510024 2.1399506361034177 2.2693368593209668 81 70 53 0.11247184032314753 98 343 16 313 99 331 45 270 64 170
256 -0.68013399889067738 1.6858381628609207 1.117299943235071 255 236 81 0.024901590685861438 98 124 16 667 99 117 45 653
865 1.0747244813930508 2.3011194599442462 1.9277342291130364 38 22 18 0.48743975632045294 99 1167 56 1172 29 859 36 868 91 915 84 1102 87 1195 48 1559 11 1559 83 625 76 152 52 141 51 1141 7 983
144 0.6642910664747087 2.1387250282121428 2.2652481435306027 81 70 53 0.22307876774068064 98 344 16 314 99 332 56 257 91 203 97 167 84 164 87 238 48 436 11 480 59 273 12 291 89 348 95 258 41 292 27 143 63 149 93 262 83 144
145 0.80991995121850124 2.1475518298884402 2.2412231052184977 237 222 185 0.28488962467365936 98 353 16 321 32 192 45 278 64 580
1382 0.93376281789833993 2.0271730873421068 2.3788114002158793 138 124 96 0.85729753228573713 97 883 84 851 26 448
266 0.39591619484745988 1.7571129660574047 1.7977885376024594 34 41 55 0.18104148087381025 98 675 16 697 99 680 45 681 56 662 29 553 36 566 91 598 97 602 84 580 48 814 83 280 76 337 26 388 82 201
146 0.65581040597579476 2.15928164906973 2.2417073343507661 232 216 178 0.29146344390461526 98 355 16 324 45 279 56 265 91 209 97 175 87 246 48 859 11 847 59 868 12 742 64 594 89 711 95 624 41 632 27 527 63 520 93 485 18 613 51 306 69 354
1891 -0.23102807316034837 2.7400994532288352 1.3929687009272729 47 35 31 0.39941425539439435 89 310 95 220 27 581 55 517 13 79 85 740 6 603
147 -0.73272903836115333 2.1606736187776319 1.2166415659651664 148 0 0 0.1460928951777187 98 334 16 336 45 356
276 0.21450561277210958 1.9079994809901424 1.586143898085361 6 7 12 0.082383976483158317 98 696 16 754 99 694 45 759 56 958 29 800 36 813 91 831
1159 -0.28777289621733471 2.7502109648269695 1.337634322374422 73 53 43 0.25648462746302936 36 912 56 1186 91 957 84 985
148 0.69149080260234652 2.1904034030847201 2.196076859417619 232 216 178 0.66752690606705745 98 363 16 341 99 351 45 303 56 297 91 230 97 215 84 218 87 271 48 866 59 875 12 937 48 868 64 602 89 912 95 810 41 811 27 686 63 678
149 0.67967831560082759 2.212876925873823 2.1734945175197486 125 112 87 0.13850481296902131 98 367 16 355 99 356 56 310 91 241 97 229 84 240 59 322
1209 -0.46350901296353814 2.6054392741194317 1.3784209181148313 20 24 35 0.081204631937833727 91 379 97 297 84 254
3943 -0.78913660423894716 2.1969462792662875 1.3569963731278203 166 139 60 0.2821977983799614 32 623 30 179 77 117 46 91
150 0.67997359479351338 2.2127685461387654 2.1736689197754915 125 112 87 0.15274713703317369 98 368 16 356 56 311 59 323
151 -1.2978027982275091 2.3896932688087777 2.1237959518433374 144 100 78 0.55655214454655699 32 299 98 392 16 373 99 395 45 384 30 255 77 223 2 260 37 164 1 300 67 434
1380 -0.67109248629936302 2.5379023226292392 1.3551856224047383 126 125 115 0.37077931003531867 97 1120 84 842 87 900
3259 -0.89849502724468955 2.8883848430343013 1.4728643199656946 126 128 119 1.3095032632271346 55 983 59 1486 42 1023
264 -0.033152117911501376 1.7836874710075992 1.6987354614214125 171 138 38 0.17537434396223484 98 672 16 695 99 156
873 0.16641679948996518 2.6932094588203404 0.85268535420611791 0 0 0 2.8230613935844753 99 1263 56 1269
152 1.4919970124152366 2.182491418631717 2.0473939776537762 114 82 69 0.29157136698583008 32 173 98 384 16 376 99 358 56 820 29 285 36 265 91 372
3213 0.28648190335308027 0.90634822452040043 1.7241499248437362 190 200 225 0.36729320209095767 33 12 42 50 34 100 5 136 44 91
154 1.4713084807669063 2.2001557169641681 2.0393548211450718 39 26 22 0.4218379015380645 98 397 16 383 99 368 45 324 99 367 56 415 29 300 91 381 97 735 84 736 87 1049 83 631 50 455 65 487
1899 0.31663408432147061 2.5889191407285219 1.5828554740590024 73 54 49 0.073633909658060825 12 535 95 271 22 227
3432 0.35633426301874171 0.94157027415704764 1.6996989633938353 125 98 23 0.30814639289796658 42 361 72 644 43 547
155 -1.2327066339529524 2.4075502690177455 2.1156212423965002 228 217 183 0.430189943706906 98 405 16 384 99 407 45 398 56 232 59 854 64 718 55 484 85 744 6 859 33 818 80 815 54 857 42 754 58 868 88 522 72 265 34 844 80 980 5 551 21 874 43 227 92 272 78 663 25 646 44 181 67 816 90 48
877 -0.18640515227084475 1.8184647076320266 1.5940506079901449 45 35 7 0.43305245355198657 16 1491 56 1290 91 1171 29 1114 97 1266 84 1223 87 1294 48 1590 11 1586 59 1563 83 746 65 591 50 566
3426 -0.40847878792470788 1.7792162198870933 1.9187183195657884 184 189 212 0.36600995161184807 33 729 88 618 72 578 34 804 5 719 43 506 92 722
157 -0.81647960424191812 2.2859657197314651 1.3672444675184883 53 58 73 0.18888615590289859 98 826 16 392 45 871
278 -0.38751074847403794 1.9158124067956221 0.82113037443714099 255 221 68 2.1313385452488394 98 195 16 761
1153 -0.51233704194871554 2.5955475069578657 1.3269962043627592 58 64 85 0.26019203427999182 29 710 91 896 97 692 84 684 87 716 11 837 83 548 50 243
158 0.53410185736805671 2.2481898821204407 1.6584431952958869 97 85 66 1.3899868180364479 98 410 16 394 45 362
1388 -0.79018282325386791 2.7609737442800641 1.4971412075059165 129 131 124 0.10254600780697043 97 964 84 916 48 1398
272 0.36003541281828694 1.8515489012404238 1.8250158476219929 112 90 23 0.18738395455003984 98 687 16 729 99 687 56 676 29 802 36 814 91 833 97 831 84 804 48 829
817 -0.6653020518740691 2.6841364166620747 1.3458069430278301 71 70 61 0.46686939248209847 16 1567 45 1621
160 -1.2054292510018578 2.4389399633723983 2.0542414551426624 227 215 181 0.081823017861663322 98 430 16 405 99 424 45 873
976 -0.49018609761704068 2.9311604436261467 1.1847846801069852 67 46 36 0.1740728030503105 56 1271 29 1087 36 1068 91 1149 97 1161 84 1115
161 -1.2967996138872278 2.4680331527888937 2.0477414462053511 228 217 182 0.26083301061809605 98 444 16 412 99 446 45 431 32 323 59 869 64 737 6 875 85 900 80 824 54 630 33 607 8 887 58 898 21 889 47 866 67 836 1 607
1334 -0.75949740866733439 1.733440276169339 1.056102106066195 255 237 74 0.073387612414291342 97 787 84 539 87 560
3549 0.30155041532182186 0.71726438127769931 1.8779942100461016 161 135 37 0.091358640975099742 34 445 5 179 78 524 25 76
162 -1.2066916912055023 2.4596674694045411 2.0427599690941642 116 114 100 0.10222361766551617 98 442 16 413 45 427 99 438 64 386
1843 0.488045284958113 2.4590633486976117 1.7516953142595275 136 126 104 0.49993419199421962 12 1361 59 1588 64 1360 89 1425 11 1639 87 1351 95 1291 41 1310 27 1142 63 1171 55 1086 13 1089 85 1093 6 1191
163 -1.2048123575293308 2.4586578037023914 2.035990217399954 116 114 100 0.046067375931919327 98 443 16 414 99 439 45 428
2002 0.60812755905752447 0.97528447735080881 2.0888890093697925 250 199 50 0.049942099389738946 89 801 95 716 41 719
3014 -0.76155028378445089 1.6839844169264542 1.1568333063185805 255 232 73 0.28267615803827895 33 957 80 943 54 990 8 977
292 0.75150952515442315 2.0561759900301824 2.3599566372440637 233 217 178 0.006605019511678272 16 799 45 780
1111 -0.67486871117669323 2.0657688597858344 1.1634845584843421 67 77 102 0.28612241903882901 16 289 56 91 91 75
821 0.76485637279044039 1.3665155435567913 1.4722968678677075 104 91 25 1.406579202275406 98 1455 16 1543 45 1583 98 1416 32 1238 99 1322 56 1348 29 1165 36 1119 36 1157 91 1229 84 1280 97 1329 87 1355 11 1644 26 691
164 -1.1715210079529219 2.4704232679386684 2.0048794852857106 226 214 179 0.071367893008217581 98 448 16 419 99 449 45 888
1495 1.3466615363434817 2.3337920809084234 1.8493209623840583 0 0 0 1.9152822528566658 45 1184 87 1274 51 1236
980 0.28243987316293706 1.6083207588662853 1.4154215949033175 10 11 16 0.84085327154669454 56 1286 29 1105 36 1087 91 1165
165 0.81293153436426646 2.3351144204463172 1.9562820680499435 116 107 88 0.11402951646646915 98 447 16 424 99 418
3895 0.18689437540445517 1.8380433079679233 2.8005596619389461 101 68 56 0.31461785979665352 25 1081 78 923 44 808
166 -1.2617559407925256 2.4997872322598678 1.9905321166858936 234 221 187 0.064253684974175898 98 465 16 427 99 459 45 441
1489 0.34290147302761109 2.6815559633407671 1.5880640672484976 88 88 83 1.142352851432237 97 1160 98 1289 99 1199 87 1201
4054 -0.74204778807136207 2.960670042024149 1.1954731105228471 156 153 135 0.28063369299469487 76 476 52 281 46 507 30 595 77 551 2 369
167 -1.1730897461656324 2.4894702158206812 1.9866383148781008 116 115 101 0.10822463990081438 98 458 16 428 99 458 45 439
1332 0.39692755870129098 0.9369274357584586 1.6561369965603139 137 118 37 0.61521279624955372 97 551 84 511 87 539
3547 0.35736870033788853 0.99501271935821489 1.5630884589864165 18 26 39 0.19552056645838667 34 65 5 76 78 37 25 38
825 0.6321031788027176 1.7963520830301665 2.828685825095909 105 93 73 0.77155797655007519 98 185 56 114 29 122 36 143 91 110 97 639 84 105 87 641 48 809 11 817 26 90 82 90
984 0.095996586869165373 1.6480433907231733 1.5038067588863373 190 156 53 0.68845128806637912 56 1350 29 1156 36 1150 91 1214
169 -0.97396939245301462 2.4872106473330926 1.9530630518106549 123 122 111 0.18514995606819018 98 468 16 443 99 461 45 892
4044 0.25062686277032048 2.3750549660437343 1.7039962554899704 64 70 92 0.083899243130461723 76 153 52 143 46 146
3165 0.69524092891441214 1.8041948028118882 2.8136288779957854 230 215 179 0.21492994664024154 54 409 8 85 42 392 34 707 5 765
290 -0.48713076112214954 2.0370603796382594 1.4150957238148389 254 213 60 0.25218694431596472 98 726 16 792 99 228 56 681 48 826 11 787
170 0.95949867061957717 2.3502497053317137 1.8283533583939386 27 17 14 0.52171987486077265 98 472 16 448 99 432 45 386 56 463 29 343 36 335 91 415 97 734 84 731 87 768 48 654 11 945 59 484 64 663 89 450 95 328 83 441 51 774 7 722 18 657 3 317 23 346 26 178
1851 -0.41332188889532673 1.6859564906039008 1.6264335970718793 255 241 65 0.075669483878812768 89 51 95 33 41 34
3384 0.30693700935639107 0.92819244925862943 1.6987662074200978 191 202 230 0.22489157118691927 42 1035 85 1027 88 945 72 992
171 0.13155307133275534 2.3716439748622804 1.610565501288352 6 5 7 0.059943109543492877 98 467 16 450 99 429 29 290 91 270 84 207
2010 0.6396372351825832 1.2187207609756983 1.3516993877001964 141 123 35 0.35806966637316712 89 833 95 749 41 525
300 -0.89886983457058622 2.1375839197040825 1.5059478474142354 92 69 11 0.55613171094617275 98 751 16 818 99 727 45 1147
1119 -0.36809469587885735 2.5466977273822153 1.3976219711909943 29 26 8 0.16288180967421748 56 455 91 351 84 215 97 262 82 257 26 286
829 -0.17656346952333421 2.0571588161152832 1.3576173779423477 168 179 208 0.14941832617218265 98 297 56 142 48 346 11 190
172 -1.0348111366465667 2.5098714372037985 1.9242514241551432 134 131 121 0.13519295391005626 98 478 16 452 99 473
3378 -0.45714656995385217 1.5640766707028759 1.3008322748773422 255 238 72 0.22268670594084516 85 966 88 893
988 -0.20457657042926661 1.6748807075300485 1.7680341327914129 12 9 8 0.77699149170399251 99 1376 29 1173 36 1161
173 -0.9878101141558141 2.5083736591780674 1.8969214115876074 123 122 111 0.21934946824272586 16 453 45 446 29 316 36 329
294 -0.12935215494012214 2.0495035910036861 1.4261730120595857 59 40 4 0.37141859741018757 98 738 16 804 99 257 45 820 56 145 91 102 97 624 48 843 11 802 95 121 18 112
1105 0.3830064647862127 1.5696917325786763 1.5153730058779373 147 109 44 0.063972564258858861 29 67 36 79
1984 -0.41086035231172474 1.5436277343455418 1.3156638542435943 255 233 74 0.11049507416019949 89 774 95 676 41 681
174 1.0359464741525846 2.3595190479923267 1.8413977824348744 32 22 19 0.24548371445524414 98 475 16 455 45 392 48 662 59 496 12 541 27 338
1497 -0.43405070621581787 1.4988493440174369 1.5433984580415563 0 0 0 1.7042031485534286 84 1133 87 1314 83 836
175 1.0374187716623329 2.3606281685982711 1.843852795994255 32 22 19 0.24577803282287841 98 476 16 456 45 393 48 663 97 514 11 692 59 497 12 542
1340 0.37482462215363666 1.5000710869194576 1.3629489751344401 19 20 28 0.13360401347654649 97 576 84 551 87 825 11 774
288 1.2447576223026493 1.9837844987151572 2.4335869223662328 245 229 189 0.3531337715022651 98 736 16 786 99 286 45 758 56 737 91 645
176 1.0875304305513358 2.3543747281525658 1.8544731885811905 106 77 66 0.27157204375984489 98 473 16 457 99 440 45 388 56 475 29 349 91 436 97 521 84 493 87 776 11 695
177 -1.0972120488491686 2.5318086598422131 1.8982050458168607 139 137 125 0.12968057091382926 98 493 16 464 99 485 45 904
1286 0.76204422142438377 1.3123635994580185 1.4026882394166222 254 194 52 0.2405267670531607 97 21 84 21 87 41 11 100 51 60
298 -0.64619418794238614 2.0805887440025348 1.1569744704302733 76 94 132 0.15864955921347257 98 739 16 816 45 844
178 1.0277892546882335 2.3796555299376694 1.8392649729564965 105 76 66 0.10560017442503807 98 487 16 469 45 402
1795 -0.46109567430091997 2.8054767977981014 1.3471385241228615 64 65 59 0.49849287283918231 12 527 89 264 63 376 51 192
179 1.0239846021838348 2.3738607912762846 1.8214772998180775 105 76 66 0.36447207569108597 98 488 16 470 99 454 45 403 56 481 91 441 97 522 84 492 87 775 48 666 11 957 83 444 51 466 7 724 3 591 26 188 82 162 50 169 65 193
308 0.69157578504892669 2.1663269907971445 2.2283601787706764 110 99 76 0.29012446487081478 98 781 16 837 99 756 45 824 56 757 29 628 91 659 97 896 84 862 87 935 48 1186 11 1193 59 1146 12 935 64 597 89 717 95 629 41 637 27 534 63 524 83 577 7 655 3 305
1191 0.40042709479136446 0.84629569499450663 1.7880359666001957 148 128 44 0.50372801584916393 56 1361 91 1259
773 0.99968898451622279 2.0738554809577288 2.320677362363166 234 218 181 0.12339151647210118 98 759 45 786 56 743 91 650
180 0.91189179731090586 2.3802696421396363 1.7750806464307731 35 23 19 0.28271716766904786 98 486 16 471 99 452 45 411 48 660 56 474 97 499 84 472 59 502 12 540
181 -1.0001146997901242 2.5399942521590959 1.8715536446713634 129 127 117 0.084181534759464757 98 502 16 477 99 493 45 907
302 -0.26198413577641877 2.0856449537047288 1.3058287588264621 254 214 58 0.32976162136364573 98 748 16 824 45 839 32 566 56 698 29 116 91 611 59 885 64 965 27 708 63 743
1113 0.54953106494845749 1.7933249694774023 2.8340885924485422 52 34 23 0.4065099231149138 56 106 91 107 97 95 84 100 48 178 83 91 87 636
1992 0.4191426474832311 1.0727527102864751 1.9623424239440233 255 237 63 0.10594976617930452 89 793 95 703 41 703
3847 -0.17155008208665098 1.8597472125295798 1.6072053985647428 25 20 12 0.15569143189656789 34 1171 78 1215 25 1237
182 0.89845450360433921 2.3963355286992711 1.7539569126080639 106 76 66 0.27456857960458059 98 501 16 481 99 464 45 877 32 252 56 483 29 356 36 355 91 439 97 511 84 482 48 943 11 952 87 770 51 434 7 721
183 0.80169437320911041 2.4080522417122152 1.7520659090397601 108 78 66 0.085293797623972364 98 503 16 482 45 425
1284 -0.59713986652493178 1.6452049376612889 1.1860708110977636 253 212 59 0.16390975158050372 97 19 84 17 87 25 11 734
3163 0.33409423025473217 0.71161785255856103 1.8861427678022762 241 227 74 0.78674597262938772 6 1020 33 349 80 334 54 1200 98 1305 16 1468 45 1424 56 1277 99 1270 29 1096 36 1075 91 1155 97 1285 64 1181 58 1116 21 1109
3018 -1.3514195448420387 2.3560506208681384 2.1934448027483007 0 0 0 1.4379502595491094 6 1107 80 983 54 1039
296 0.68541330001734213 2.0788275551682949 2.3315517135697612 233 216 178 0.32267721728156595 98 757 16 810 99 315 45 790 56 736 29 158 36 172 48 1177 11 1180 59 1121 12 1031
777 0.98457295022649782 2.2839798782809027 1.8516232033392572 108 76 65 1.3650397441100568 32 585 45 850 29 663 36 662
184 0.84895080001301171 2.4013621359116679 1.7442753030797404 35 24 21 0.19896885664912206 98 500 16 483 99 463 45 421 56 480 91 435 48 664 59 504 12 545
185 0.83720660331603536 2.4191709083443573 1.7308298876605923 108 78 67 0.19448471950159529 98 508 16 492 99 472 56 489 29 357 36 361 91 442 97 739 84 740
1294 0.33445726775853479 1.772573819604794 2.7957782330358074 38 18 10 0.38345375655472835 97 79 84 87 11 178 48 155
4060 0.10086240217860321 1.252191537423917 1.7925395552378822 31 29 28 0.15661520899751949 30 398 76 288 52 309 46 31 77 32 2 22
3245 0.30201294891371727 1.8555429619856689 2.7438707609648119 78 56 49 0.53330890982014367 80 882 42 825 88 717 34 953 5 960 78 907 25 1067 100 557 90 669
306 0.9775012123352369 2.128311841875234 2.2578726385084242 232 217 181 0.18861297968931043 98 777 16 832 99 746
186 0.77484234701406063 2.4413201117366969 1.7038473010663995 105 75 64 0.16774368865239583 98 517 16 499 99 486 45 891 56 496 29 362 36 366 91 447 97 517 84 743 87 528 11 946
1803 0.52524127090429218 1.1190795166992797 1.3530515631295839 194 205 232 0.2874642269081718 12 130 89 546 95 440 41 467 27 489 63 98
316 1.4534184515885511 2.2729923769822755 2.0069128259755837 87 87 81 0.27956813407335473 98 1080 16 866 56 1040
1199 0.76989540567144921 1.6777721243728378 2.95083856713212 72 47 32 0.080086537987759401 91 98 97 86 84 94
781 0.16203785214931449 2.6085288972388789 1.6137908297610404 60 68 66 0.1974882927237773 32 671 98 543 45 937
188 -1.1238309987640644 2.6208787542329248 1.7688655215197662 175 170 148 0.19628314561590501 98 527 16 503 99 835 45 931 29 354
3330 -0.94136319913049393 1.9617943757579828 1.5896860567454754 254 230 76 1.5506946579992575 8 1193 58 1144 21 1140
189 -0.23857549003470091 2.5040957679229807 1.4503475831660839 5 5 6 0.04173937478745382 98 523 16 506 99 504 56 436
1185 0.50632088035493961 1.9406721225434338 2.0266132098899186 135 122 98 1.8797901612679617 56 1342 91 1199 97 1296 84 1253 87 1360
2000 -0.26108207639757947 1.7882040269695878 1.2768380263084613 113 74 12 0.06439173930532946 89 806 95 714 41 712
190 -0.93921581200631243 2.6432733097961134 1.6519118096163754 76 75 66 0.26137019459073324 98 537 16 513 99 531 45 479 59 478 64 760 85 327 6 638
191 -0.46185355070910605 2.544136989670486 1.3370112567975545 26 35 52 0.14726917507453113 98 533 16 514 99 831 29 690 36 696
1292 0.43519354701280011 1.6858261926055242 1.8090137305062035 179 137 57 0.043624608267121917 97 53 84 62 87 609
304 1.3984033552100616 2.15923048468346 3.1111157254323749 232 218 181 1.8717525066513598 16 826 99 766
849 0.35039594020275655 2.4066319678988735 1.7695660877065487 49 60 83 0.71003731210274423 98 481 56 828 29 679 36 681 91 724 97 710 84 705 87 731 11 578 83 417 76 163 7 618 51 651
192 0.20487928306865424 2.5692465591152178 1.6592682456046071 65 75 76 0.17882590633569359 98 536 16 515 99 525 45 469 56 506
1574 0.24755742653396853 2.6153658168483545 1.5570950857993298 99 107 103 0.27574575410931706 87 517 11 678 12 543 64 396 22 219 13 148 85 247 33 512 80 178 54 499 58 547 88 188 21 197 67 227
2599 0.35634546191743571 2.075544166463593 2.0560733426356741 131 96 21 0.055161874310225102 11 327 83 97 50 87
193 0.39580780189755677 2.5446211079615377 1.5918641939467053 86 59 45 0.31211384622349603 98 535 16 516 99 523 45 466 56 514 29 380 36 387 91 455 97 508 87 756 48 947 59 549 12 795 64 375 89 391 95 277 63 360 6 229 33 194 80 160 54 150 58 523 88 168 72 116 21 545 67 201
1366 0.42812930285005757 2.5370341316654561 1.5700720865427202 86 60 47 0.45041396606490397 97 1028 84 737 87 1041 11 1246 48 1453
378 0.36431016852889186 1.9848906674627069 1.8960260689467952 117 97 30 0.16453359037115953 98 1043 16 1051 99 993 45 1083
194 -1.0021163080133082 2.6654704685440374 1.6237659360969805 80 79 69 0.53053004227102751 98 542 16 519 99 537 45 486 56 446 97 177 59 489 64 763 80 324 33 329 54 315
1875 0.5280927845831539 1.3451401752441952 1.5347464344786321 38 30 15 0.19485778770787646 89 171 95 131 41 160
195 -0.39595413542776392 2.5826072906868824 1.3897912861035735 30 39 57 0.04413192537385726 98 539 16 521 45 480
324 -1.0634430506469021 2.5634150124761477 1.8483286655190694 135 134 123 0.17593790703076281 98 510 16 886 99 502 45 913 64 1002 6 870 33 824 80 814 54 854 8 876 42 750 85 757
1271 0.49761848823889226 1.9503070883769364 2.0372075086904036 227 211 173 1.6520109909625149 91 1198 97 1295
196 -0.39842060292008641 2.5855763525314543 1.3953205037690375 30 39 57 0.38755911578096558 98 540 16 522 99 529 45 481 29 363 91 373 76 188
1257 -0.10330741980215942 2.746260878474847 1.3248975333134754 64 42 32 0.33432563260857534 91 1069 97 1152 84 1107 87 1190 51 1116
382 0.91975149872292461 2.0646478212464157 2.3533266515587163 231 216 180 0.1325940640020267 98 1049 16 1060 45 1086
197 -0.75886637076591368 2.6705813556644169 1.6287740962537076 93 96 89 0.089001748322283233 98 544 16 523 99 543
198 -0.80341407328310532 2.6457800817305892 1.5124093835804104 63 66 60 1.9258810361327245 32 364 16 525 30 317
2596 -0.30610342440525823 1.7382766611002973 1.2875018848468895 255 242 71 0.24499223434179349 87 582 83 31 7 755 50 21 65 212 3 628
3927 -0.13782291216634407 1.4894340198384661 1.8230975453614728 240 204 68 0.036770941744935885 25 1311 78 1285 44 1155
376 -0.86244625728306523 1.9373522626950135 1.4761639225522172 32 34 45 0.13949457309511112 98 1033 16 1041 99 980 32 841 30 626
3307 -0.70846237997189943 2.6360942443266269 1.6768988028388634 52 53 46 0.29208548747837321 8 839 58 829 21 851
1573 -0.46187686731296723 2.7077394072388756 1.3310089999193762 1 1 3 2.5251481870609855 48 650 11 536 59 592 95 166 41 196
1364 0.73035708444174485 2.3925784129832355 1.8710154376239334 221 205 170 0.11527362110536886 97 725 84 720 87 753
199 0.077494022409174093 2.6167237789973457 1.6130723653310788 67 77 78 0.25112414044883635 98 545 16 527 45 478 59 547 64 397
1582 0.22788390459127686 2.329604148229389 1.6535972000550609 61 68 90 0.070789713985318456 48 890 11 846
200 0.035630855454142137 2.6468557038308083 1.6967885582128241 67 77 77 1.479823333416205 98 549 16 530 99 542 97 489 84 456 48 652 11 627
322 -1.1624767891773291 2.5540827013377725 1.8709292378304503 196 187 160 0.082824974969362961 98 507 16 882 99 496 45 910
3325 0.28854562476590156 0.76624555696754959 1.9709778531232012 0 0 0 0.33300228270661486 6 898 58 1037
1374 -0.27203900203355147 2.0794117264210592 1.3230502076311323 252 214 62 0.30426226033621839 97 834 84 799 87 871 48 1329 11 1329 12 1234 89 1379 95 1248 41 1253 93 1127 83 508 18 1189
201 0.35369314135519697 2.6026142005849602 1.551332582853167 27 20 18 0.21983530355898981 98 548 16 531 99 535 45 476 32 296 56 539 29 392 91 483 97 540 84 502 87 524 59 575
1883 0.42052906126732648 1.8609929469597264 1.8811226808103958 56 55 67 0.083552455814645529 89 233 95 186 41 224
202 -0.78520562918296744 2.6991775834231952 1.6098314633583231 100 102 92 0.055051917188170395 98 551 16 532 45 489
2600 0.34677710978149334 1.7355811604035061 2.7804521340175605 116 84 69 1.1968692891098485 87 873 83 299 51 898 7 527
1279 -0.34945146127285087 1.5892298590328457 1.8334680913023707 53 50 51 1.4801154238083782 97 1358 84 1310 87 1379 48 1694 59 1606 26 712
332 -0.34386567925074152 2.54272571556622 1.4087742314239111 57 66 90 0.18234578037376306 98 888 16 905 29 870 36 882 45 935 91 890 11 841 48 907
203 -0.98184681257172846 2.7335169024271653 1.5612705746633209 76 79 72 0.47719827407426441 98 910 16 538 99 859 32 936 45 960 36 719 97 249 48 525 59 520 12 338 64 448 27 225 85 335 80 325 30 714 76 594 52 573 46 597 77 685 2 713 70 327 57 351 37 294 1 493
3416 0.15697337554725116 1.625998241790815 1.9261438903019321 224 199 154 1.3937879452716793 85 153 72 337 43 857
3625 0.39105384253411934 1.1577698337674871 1.4197428853565812 142 155 186 0.15171433389642205 6 15 58 6 21 7 67 5
204 -0.84919100137810866 2.7106324257068954 1.4850953812432619 74 74 66 0.99907738436436744 98 556 16 540 45 497 56 494 30 332
861 0.46050859134692929 1.3902818983783238 1.5788865590693268 140 121 36 0.37228206562123056 16 1411 56 1099 91 794 48 1508
1265 1.5009496467648482 2.3062566864177509 2.0614518088109532 0 0 0 1.8180243359115067 45 1352 97 1226 83 786 98 1086 77 743 82 578 65 642
326 -1.127554058476353 2.5850536516421614 1.8192619002615074 193 184 158 0.04073978517571758 98 877 16 889 45 922
205 -0.39495002539039986 2.6748543798643731 1.4411484685559788 51 63 89 0.81901976256793152 98 909 16 542 45 490 91 936 97 717 84 954 87 729 11 855 83 567 51 589 7 557 3 693
2595 0.30984903168694772 2.6804073818814955 1.5129678952535102 37 40 36 2.5264675759298694 41 820 89 1152 12 1164 93 823
6700 0.84565215589516241 1.281763495551264 1.4168307953496635 2 2 1 0.63158330947045171 69 615 75 382
206 -0.45742381839901775 2.694161856521792 1.4321167807734219 51 62 87 0.17734170137195024 98 917 16 550 99 858 45 499 56 848 29 888 36 901 91 740 97 716 84 711 87 727 11 511
320 -0.74390496130776351 2.4049451402991116 1.2924820981473844 118 130 157 0.52504497577615117 98 860 16 876 99 1025 36 637 29 184
1581 -0.036264595095733626 2.376399613962894 1.5880450155309511 24 15 5 0.62878184248638169 98 858 99 803 11 839
1372 -0.28029660685320468 1.792573089622066 1.2006200980193893 22 15 17 0.10167755090479813 97 808 84 778 87 830 11 1013
207 -0.83053541121522356 2.7564296454739519 1.4980206106859604 77 79 71 0.016149493998804242 98 564 16 553
1590 -0.55659515535409465 2.6861792530590036 1.3635921693118687 4 4 4 0.070382653816975199 87 933 11 1190
208 -0.66643859492919144 2.8280645051289239 1.3710853191031156 80 84 79 0.070027597721188106 98 577 16 564 45 516
330 0.24262245878610575 2.5359698964999473 1.6959609314703432 5 7 8 0.29661602811483323 98 887 16 900 99 830 45 915 56 1056 29 715 36 709 91 933 97 1138 32 281
1446 0.2290572723233919 2.4229800616937331 1.7306038833420945 54 64 88 1.2746538081432492 98 1403 99 1259 56 1298 36 1108 29 1124 91 1179 84 1257 29 1148 91 1204 11 1596 83 848 30 901 76 741 52 652 51 1274 3 955
209 -0.34365701686062133 2.8130373493291865 1.2644170740621139 108 74 54 0.38099578055464423 32 385 16 568 48 675 64 455 63 377 21 291 67 331 1 174
2615 0.90769577798982048 2.3787550837623157 1.774351037687077 37 27 28 0.21214227385942505 55 248 85 176 6 156 80 104 54 87 8 96 58 122
6704 0.29603714026431838 1.6483113549804791 2.0107259612700004 72 67 58 1.0820163083968468 96 944 75 931 86 740
1955 -0.0067771705656398482 2.3223303927996084 1.5240968000921837 4 4 4 0.16366382852160188 89 662 95 574 41 577
210 -0.39449270275546666 2.8336810029664701 1.2576921984565261 35 25 22 0.18550856234399293 98 586 16 570 99 591
340 -0.89031117705874996 2.7173207229870235 1.5829253554384051 115 118 110 0.2047679183303181 98 908 16 919 45 957 56 484 2 549
549 0.53771855055204876 1.2706263374283451 1.5172763607855582 62 45 12 1.084016604673244 32 1214 98 1409 16 1513 99 1316 45 1556 36 1116 30 968 76 784 52 793 46 796 77 888
211 -0.18440066546986031 2.8304869696598134 1.2927188398564329 37 25 22 0.27078541292010411 98 588 16 571 99 592 56 594 29 736 91 757 97 754 84 748 83 437 30 330 76 452 52 448 51 254 7 629 3 491 26 358 82 441 50 320
212 -0.35155374249930321 2.8402511053333472 1.2643302945848118 39 29 25 0.33533267175958908 98 589 16 572 45 517 64 456 32 388 85 323 6 357 33 289 80 265 54 245 8 285 58 599 21 636 47 568 67 582
933 1.0360091275050256 1.9050506336511079 2.5484361020421091 239 222 185 0.5421744631460329 99 715 29 595 36 605
1273 0.052743548214045977 2.1099019922692248 1.7218373795270383 88 69 14 1.6839277263598393 29 1158 36 1152 84 1273 83 859 97 1318
334 -0.76627874998419243 2.6735299448356988 1.6296246490153006 95 97 90 0.22227183721920363 98 901 16 912 99 847 45 946 6 863 80 581 54 596
6699 0.32347307676718312 0.98787734863235321 1.9042795243314539 255 212 53 0.11037764078228311 96 397 75 378 86 91
213 -0.33824685506740582 2.8516251318544028 1.2383228477564547 35 25 22 0.5348991828463644 98 590 16 573 99 905 32 764 36 738 64 458 30 563 76 238
214 -0.59829023776150925 2.8902964034086609 1.2648276869038195 86 90 82 0.15162272722716597 98 973 16 574 99 600 56 591 29 477 36 482 91 526 97 532 84 486
2612 1.0935929807442049 2.3358361412551414 1.8702600871292918 35 26 25 0.10095613846308697 55 228 85 151 6 130 33 95 80 87
4007 0.076872874099197935 1.3397374410352083 1.8545704679889028 107 57 2 0.16015319404223891 32 23 76 46 52 52
328 -1.1573738815275962 2.5925488680429987 1.8275836589065875 200 190 162 0.066290670641125385 98 879 16 891 45 924
3323 -0.79605555698382668 2.3624872276172981 1.3683291721011939 93 110 143 0.11449067824467792 8 831 58 998 21 992
1444 -0.96583641080837213 1.9858576268663053 1.2286534729918888 0 0 0 1.3384117480705457 97 1359 84 1311 48 1695
215 -0.38558817940217782 2.8682824312612656 1.2232360684827921 50 37 32 0.17306274522943429 98 592 16 575 99 598 45 519 36 483 59 649 64 459 32 767
1598 0.57049387911688387 2.1270290858339087 2.268129558225922 239 219 175 0.35634524610964891 87 1147 11 1373 89 1065 95 949 41 973
216 -0.38561274817890123 2.8691117183971282 1.2269206860315158 50 37 32 0.2362188338772854 98 593 16 576 99 599 45 520 56 595 29 478 36 484 59 650 46 299 30 348
937 -0.52711596004709493 2.4815240699176755 1.2669785628917283 6 5 6 0.067130204550089695 98 520 29 655
1571 0.40091638628977089 2.250338907462146 2.136425742271026 223 202 161 0.2298308369126307 87 237 11 471 89 696 12 747 95 611 41 620 93 468 18 577 69 336
338 -0.72983497363023975 2.7027191311095637 1.5788572309263045 100 102 93 0.2115352600236243 98 906 16 917 99 853 45 955 32 731 29 384 36 399
3277 -0.74479483934965351 1.733344539559402 1.0807603077546237 141 119 34 0.16871570114714321 8 216 58 216 21 526
6719 0.3423754602948364 1.6119373891018622 1.9341730409533981 189 134 33 0.22541660000288036 96 633 86 574 75 607
1454 -0.68224031088579729 1.6614275477338303 1.1640846817976744 171 119 24 0.06509336720438097 84 15 87 20 11 33
217 -0.44699351034715767 2.8916807587727069 1.1996309492134054 57 41 34 0.19545629115361937 98 595 16 579 99 602 45 522 59 652 64 463 32 779
1963 0.93738332306907879 1.2548507093835763 1.6237904532785588 205 125 35 0.1620209572768416 89 659 95 595 41 613
2616 0.34196684527133836 2.5258023315056644 1.6822945683426522 58 65 65 0.17658887657611244 55 267 85 234
1231 1.1147670711739894 2.3143769810658408 1.8629477047337069 107 77 67 0.34848494921417283 91 737 97 736 84 738 87 774 11 1253 51 1015 7 725 3 318
348 -0.91547977639976741 2.7679293620725676 1.4938345926714789 125 127 120 0.077912376298984162 98 927 16 934 99 877 45 970 29 399 36 413
557 -0.056117675766547866 2.0513435363878498 1.4574126799098146 8 10 15 1.2490209001536163 98 1424 16 1530 84 1251 48 1625 11 1634 59 1566 12 1356 64 1299 89 1419 27 1095 27 1138 63 1116 22 1155 55 960 13 972 93 1134 85 866 88 779 43 271 88 620 51 1288 7 1093 18 1292 3 950 23 1153
219 0.25904693279400598 0.89872609909052137 1.7346121778604155 42 45 52 0.30614068710409181 98 16 16 587 99 15 48 6 59 944
3641 0.0083582266132505266 1.1761122459592315 1.7003461611879742 241 207 68 0.11755204167898886 58 408 21 380 67 16
220 0.31520489949051056 0.99890211911316629 1.7359190304420904 136 114 36 0.11836602329553263 98 607 16 595 99 619
941 -0.49214997831322349 2.5871456833985009 1.343310756138923 24 25 28 0.14791937549057563 56 466 29 707 91 362 97 267 84 223
3634 -0.31987928622052464 2.8349232427855617 1.2196952809783244 113 80 66 0.094529739300355631 6 353 21 296
1217 1.0455911932607083 2.34136601554721 1.8410006072754537 110 80 69 0.16717875734936546 91 417 97 501 84 479 83 224
342 -0.48716787881600476 2.6456005633334461 1.3801588651502099 59 68 91 0.15570805827908032 98 1138 16 921 45 954
3623 -1.1716260720723817 2.3864442611631027 2.1435245297681313 204 193 162 0.61656959977622361 42 520 34 565 5 550 32 660 45 380 64 714 55 477 85 741 6 851 33 809 80 805 54 853 8 877 42 752 58 853 88 518 72 266 34 843 5 826 21 862 92 275 43 231 44 669 30 246 77 210 2 247 67 808
221 0.43821123593744743 1.0827857480049314 1.3788929014601987 128 142 176 0.077945462762056592 98 31 16 601 99 22
2611 1.1372234445775931 2.2763087260632258 1.9069092275307 150 102 77 0.1870243962174736 55 212 85 135 6 112 33 82 54 43 72 255
3490 -0.55288368860353332 1.6705468418452316 1.141036080089822 255 226 69 0.035523479020066695 42 465 34 473 5 391
222 0.55855106670853683 1.0647739915068437 1.4453553318153503 144 129 39 0.068381851749589495 98 613 16 602 45 549
336 -0.37109915331406867 2.6065471056229446 1.4338848522144827 59 68 93 0.3208717795829113 98 899 16 914 45 482 56 844 29 875 36 887 91 736 97 947 84 697 87 934 11 845 83 373 76 578 52 564 7 546 51 157 26 311 82 279
545 -0.60300434748255616 2.466261462851449 1.376415173968105 10 9 5 0.65512029704444219 98 1404 16 1507 45 1545 64 1254 27 733
1452 0.8337244454900844 1.6877384217176552 3.0000955225112746 221 205 166 0.21474152006259531 97 844 84 812 83 323
223 0.59640431488285706 1.0929882678519895 1.407423434976113 141 127 46 0.1645330767542563 98 615 16 605 99 620 45 553 36 15 29 14
224 0.59382555145072768 1.0949209361543795 1.3961067672438146 141 127 46 0.062439564977094367 98 616 16 606 99 621 45 554
1398 0.26861063497383153 1.806466914299266 1.6377825941683237 106 87 23 0.039581294711770375 97 1092 84 1042 83 668
225 0.63108428070089917 1.1233983666760141 1.3572027919232674 139 124 37 0.14125468604437555 98 617 16 609 99 622 29 19 36 17
1175 0.32040835989795308 2.4044680201291664 1.7596162937911195 43 48 65 0.60832117510699968 16 1342 91 1128 97 1215 84 1180 87 1250 11 1546
356 -0.63361315614624614 2.8604573358542096 1.3222459628011551 80 85 80 0.19301677382088381 98 957 16 967 99 594 45 996 56 582 29 468 91 508 97 505 84 459
227 0.52968686490660377 1.1388197801319668 1.3449250342158836 17 13 6 0.19560634456928122 98 619 16 611 99 624 45 557 56 894 29 757 36 504 91 764 97 761
228 0.64384134210054556 1.1440738612922692 1.3318287033539191 109 85 17 0.13002352010519863 98 40 16 613 99 626 32 798 45 559
885 1.2185568843233163 2.1455010981800928 2.1779327846909315 168 154 126 1.5073829559330514 98 1487 56 1376 36 1187
1161 0.31562788028997202 1.6699980980501812 1.5987870348927982 99 79 20 0.36097686109402305 56 1124 91 1012 97 1080 84 1033
229 0.6451267481335029 1.1428828629472139 1.339639218512251 109 85 17 0.2039136623959209 98 41 16 614 99 625 45 560 29 22 36 22
230 0.65099653947507008 1.2188543401985585 1.3295241263194351 139 124 42 0.17895207260063425 98 624 16 616 99 631 45 566 29 29 91 18
3959 -1.0826520536107433 2.3071755478469687 2.1904151696400556 47 28 19 0.12059712549273686 32 644 30 483 77 448 2 462
1396 1.0266128179672069 1.2939789376310018 1.5531877563090493 198 126 20 0.71752590167624586 97 1065 84 1013 48 119 11 128 51 1064
231 0.64849813015528801 1.2205691915467531 1.3195392080599984 139 124 42 0.073547935380470067 98 625 16 617 99 630 45 567
232 0.10722385762394372 1.2346084927083547 1.690134543908101 26 30 44 0.13492901910824859 98 628 16 618 99 635 45 569 56 616 29 509 36 521
354 -0.65427754140883032 2.8467940761815829 1.3309567949440195 122 124 115 0.06220339508757277 98 951 16 961 99 900 45 1263 29 461 36 466
3229 0.37321772519791468 0.89607364105590148 1.7626167487837368 124 107 31 0.2911283317289115 85 579 42 556 34 630 5 622
1406 -0.45313164234694492 2.7563687078106267 1.3599381150912746 48 54 52 0.16507010735374575 97 1146 84 1088 87 1164 11 1390
233 0.51954472435418964 1.2419427401044154 1.4958396176836357 118 95 25 1.3561058598760567 98 626 16 619 99 44 45 28 29 508 56 617 36 520 91 776
1915 -0.0072468746048890299 1.5443024408407866 1.7255877227456478 125 90 18 0.081417414037729688 89 517 95 378 41 404
234 0.76390373357260688 1.2436667526707261 1.3450982790929153 97 79 18 0.23711345118988195 32 421 98 629 16 620 99 633 45 570 56 618 29 507 91 553 64 822 76 11
1183 -0.22285881507387348 2.7426216933509933 1.354201097344425 71 49 40 0.65292589653480959 84 1236 76 747 52 736
364 0.2831537619255497 1.0041208828523958 1.7079963701606879 48 48 53 0.19428764666278778 98 992 16 993 99 933
235 0.098597135422329729 1.2609985543660351 1.7796366803110786 31 31 33 0.28836218167733757 98 633 16 622 99 639 56 32 29 513 36 525
3448 0.11021742767124805 1.6470026325040061 1.5174837467627649 210 176 55 0.24987361126816995 55 913 88 869 72 899
236 0.54426149919590061 1.3542779810066314 1.5608701245377667 21 21 23 0.19431398753582507 98 997 16 624 99 642 36 770
893 -0.32893009392724981 1.7593774945819411 1.1954779191272409 122 135 165 0.19678623661961972 99 137 29 73 36 84
1169 0.48339173936957353 1.6329060169600726 1.8361932840302553 0 0 0 0.57114560786636959 56 1127 91 1101 97 1083 84 1152
358 -0.61772347843371633 2.8777364262481875 1.2742720743114497 128 131 121 0.24750100548474671 98 966 16 976 99 910 32 781 45 1005 56 869 91 523 97 523 84 466 48 957
237 0.54340514690059294 1.356216523140066 1.5614213679505067 21 21 23 0.31439492124841267 98 998 16 625 99 643 56 909 29 768 36 771 91 789 97 795 84 1007 97 1060 87 1068 48 1010 11 1287 83 649 82 323
3442 -0.45595360286060793 1.5600540302027426 1.298288001905112 255 239 70 0.10137525240748371 88 894 72 875
238 0.50141164192850296 1.4031378536652994 1.5482738336392206 22 19 17 0.1394180356693685 98 64 16 627 99 54 45 580 29 44 36 50
352 -0.59303468319654351 2.8206956302554191 1.3537455658445663 110 113 106 0.094341175139593503 98 947 16 955 45 988
239 0.21107279291375181 1.4325388515937105 1.8668747163023225 37 39 46 0.12222167353843864 98 644 16 630 99 651 32 440 45 583 29 777 36 778
240 -0.53910378014370408 1.5252678996667126 1.3665907092118728 180 129 27 0.10440086901218898 98 68 16 631 99 60 45 589
833 2.8564218763211287 2.0986346585777738 17.674203222615869 127 119 96 1.2561948868639405 98 265 56 305
362 -0.64565784873212506 2.9321328480376168 1.1896545123762374 152 150 134 0.082160941663212528 98 981 16 989 99 1100
1350 -0.15115001621406796 2.1487737105639386 1.5487292446888061 4 3 1 0.74955707345616007 97 101 84 614 87 888 11 818
241 -0.53910378014370408 1.5252678996667126 1.3665907092118728 180 129 27 0.10440086901218898 98 69 16 632 99 61 45 590
1859 0.54864340810697509 1.0268359770483331 2.0466940922094197 184 105 15 0.059750816008109608 89 74 95 63 41 75
242 -0.56631850319561994 1.5783558372533268 1.2851620964316537 182 121 23 0.077116035062786706 98 81 16 640 99 77 45 607
1255 -0.76539975441618746 1.8794787264578035 1.0709898668035629 105 93 31 0.69701520350323409 91 1095 97 1071 84 1019 87 817 11 1002 83 651 51 822 26 504 50 476 65 376
372 -0.39117748315880951 1.6742619831579013 1.1588291889457574 252 212 97 0.16853358289556064 98 1011 16 1024 99 952
243 -0.56585345407673482 1.5784343264065921 1.2832339680480846 182 121 23 0.058485858647143431 98 82 16 641 99 78
244 -0.40900231612978294 1.5648660124404541 1.2840249126429382 173 129 28 0.075533738016554816 98 83 16 642 99 75 45 604
837 1.0508070828101546 2.3188426700149321 1.8777944026831765 32 19 16 0.3365676491795434 16 430 56 452 97 490 84 730 87 769 48 649 11 948 59 470 51 1008 7 723 83 442 18 665 3 735
1177 1.4176162055303319 2.2346947886717157 2.0165149990762887 79 53 42 0.39168938043492807 56 1252 91 1130 97 1217 84 1237 87 1306 48 1601 11 1600 83 828 26 666 50 602 65 638
366 0.061540510628170293 1.1694013056127028 1.7163438757977971 125 108 40 0.94782739230368285 32 807 98 995 16 997 99 632 98 622 48 979 64 819
245 -0.6806259718032327 1.5986093824215992 1.2372507282321585 255 231 78 0.20212203665372036 98 86 16 644 99 84 32 466 45 1055
246 -0.47145980911129248 1.5869040624316069 1.2636618115015195 179 131 26 0.10197526595283983 98 89 16 645 45 609
3911 -0.21087735367157592 1.7528968770882214 1.715526422720179 179 143 39 0.30982152386224127 25 1160 44 997 78 1039
360 -0.75776094468472444 2.904390561310775 1.2598582709065156 90 95 89 0.054398346985788736 98 974 16 984 99 914
3227 0.59777324931324627 1.0787229028963348 1.4168037766608512 162 137 38 0.15684444907034359 85 793 42 537 34 578 5 563 78 671 25 656
247 -0.10217823223964204 1.5461641501887811 1.8228888680473916 31 35 45 0.20578107588057631 98 650 16 647 99 951 45 1041 56 925 29 781 36 783 64 67
248 -0.78525200672757955 1.6140418311690752 1.2626002599245552 177 129 28 0.089445995319601415 98 91 16 648 45 617
841 -0.31974260420071549 2.7901289569818317 1.3257714608374029 22 16 15 0.071004390039122539 98 1154 56 580 91 510
370 -0.40967423512917706 1.6425353941894423 1.1925326902560573 162 118 23 0.24956356018345416 98 1008 16 1018 45 1062 56 916
3309 -1.0948882535458271 2.3455196885845866 2.2006142682228229 35 30 27 0.40034723927033966 6 842 80 789 58 840 88 649 6 997 72 548 43 238 92 282 90 60
1358 -0.43558277407059437 2.33625749897528 1.3975163427444577 7 6 1 0.071166818206744156 97 117 84 639 51 118
249 -0.78525200672757955 1.6140418311690752 1.2626002599245552 177 129 28 0.089445995319601415 98 92 16 649 45 618
1867 0.62346402682058977 1.0382852697583824 1.3822037179577529 119 99 22 0.25677099916348717 89 115 95 97 41 117
250 -0.84658258936256281 1.6358674876735402 1.2330374988695558 173 129 29 0.097349235272230605 98 98 16 653 99 99 45 623
1263 -0.49885053724048123 2.5208053322683681 1.3014533313443379 44 52 73 0.50726563050145224 91 1123 97 1206 84 1169 87 1238 11 1349
380 0.15358568415944854 2.0071378501282626 1.5378367541732096 5 7 11 0.75799372241103691 98 1045 16 1054 99 1149 29 983 36 976 48 1157 59 1305 89 646 83 675 7 933
251 -0.84675856156688745 1.635914625792924 1.2353595770327948 173 129 29 0.093766944159983337 98 99 16 654 45 624
3400 -0.53809141057257115 1.5461304387190657 1.563575559589131 133 132 143 0.071003258211725484 88 224 72 15 43 19 92 26
252 -0.81161278298162187 1.6667840486468131 1.1778604487564506 172 129 28 0.040559824123683239 98 115 16 660
845 -0.73115355305200447 1.8384583501607603 1.0346102974358706 102 90 26 0.3699168701506268 99 673 56 646 91 580 84 550
1249 0.55503218571777235 2.4502069084338389 1.830530025113873 215 199 162 0.22072831714128985 91 926 97 1012 84 980
374 0.1974322075047942 1.7002021614631451 1.4214393858325907 99 111 139 0.31216670752462328 32 989 16 1029 99 965 45 1320
253 -0.56246836473795436 1.6620915038961783 1.1557600522759497 165 124 31 0.10677915231806623 98 120 16 662 99 109 45 638
3394 -1.1697603593745034 2.3849694118949993 2.3746600330783667 0 0 0 0.54992990235300399 80 1164 88 1020 72 944
254 -0.56287113056284732 1.6621469268841362 1.158438195448354 165 124 31 0.11143691027896192 98 121 16 663 45 639
368 -0.3563774222236617 1.6228215218594084 1.2287120191791254 161 116 25 0.70117047004786281 98 1004 16 1016 99 655 45 1061 56 637 91 566 97 567 11 745 64 1121 89 487 41 382 27 517 63 521 22 287 55 258 93 11
1356 0.31121114904262437 2.0432270963616279 1.9099343842960115 110 88 20 0.11410695680774093 97 855 84 630 83 525 87 655 7 789 3 679
255 -0.68055271326914468 1.6854597624584235 1.1182789193044296 255 236 81 0.13667466190749497 98 123 16 666 99 116 45 652 48 750 11 39 59 1050
257 0.30445620530586714 1.6301404974483893 1.5577605385688531 147 127 51 0.59014854391733607 98 1016 16 676 99 958 29 961 56 1115 36 953 91 1097
688 -0.750641075039017 2.6548894673668979 1.6705501298587369 59 62 55 0.2552784842478994 98 1128 99 1072 36 1006 29 1013
259 -0.0051470719567875776 1.710687992740578 1.7886890099893313 121 93 21 0.17705954142578437 98 666 16 683 45 651
261 -0.034978157189981249 1.7393874108273657 1.7469220959802119 173 141 48 0.10489111386881943 98 153 16 686 56 68
692 -0.43368818176895951 2.8106876325123662 1.3532661803933306 90 98 97 0.60320639210735183 98 1155 99 1093 56 1190 29 447 36 460 91 506 84 465 91 501 87 734 11 887 11 1406 59 1209 12 953 89 669 95 569 41 568 63 769 22 335 13 326 93 110 72 298 18 164 69 105
263 -0.14601336295474776 1.7765199599913049 1.6776740321069576 166 138 42 0.49196165738096109 98 1026 16 691 99 154
3766 0.093606567598967683 2.6671681110739938 1.5126514640981761 83 94 94 0.30377060600318317 54 778 42 691 92 305 98 915 32 695 16 926 99 856 45 949 56 850 29 723 36 722 97 1036 87 755 48 954 84 487 11 925 59 926 12 955 64 1004 89 715 95 623 41 630 27 760 63 765 22 449 55 691 13 369 93 451 85 724 6 580 33 755 80 727 58 561 88 621 72 615 21 581 43 287
265 0.25934649581089803 1.7632967731446119 1.6140159585786809 31 37 49 0.025861231786373489 98 671 16 696 99 675
696 0.071241216753352016 1.3153139523088644 1.8739419032750821 135 93 20 0.62316101023517934 16 1407 99 1120 29 939
1722 -0.065461165379131728 2.7730361331152058 1.3561368036643868 43 36 39 0.35919887790652894 59 1212 12 962 63 593
267 0.39565486446909309 1.7567628211364652 1.7967053898024701 34 41 55 0.15434470358802685 98 676 16 698 99 681 56 663 29 554 36 567 91 599 97 603 84 581 87 613 48 815 11 796 82 202
269 0.17300080589031258 1.7903382574894271 1.3969705323777313 29 38 56 0.11258222679855423 98 1029 16 704 99 974 45 725 56 658 29 544 36 557 91 588 97 593 84 574
700 -0.91097545656340606 1.9865614102982132 1.5067827490845385 135 0 0 0.21224278355004422 98 1230 99 1143 56 659 36 968 29 974
271 -0.089872037714073802 1.8461495433174901 1.5852878753829174 226 189 68 0.26293446737054449 98 177 16 717 99 167 45 738 97 51 87 73 48 805 11 148 59 823 12 881 64 608 27 666 63 671 55 650 88 616 72 599
273 0.36003796413660738 1.8512915542327821 1.8252866775557428 112 90 23 0.18730304375277543 98 688 16 730 99 688 56 677 29 803 36 815 91 834 97 832 84 805 87 878 48 830 82 350
1666 -0.95087321848885098 1.6063936713929174 1.2565486349724231 0 0 0 1.3592120116344775 48 1493 59 1435 12 1184
275 0.36795955857583162 1.8790901467997418 1.8543912914898522 87 57 8 0.20999570438206497 98 691 16 740 99 696 45 161
277 0.61269359721393235 1.9571696326493648 2.586708147877872 232 215 178 0.13730115954003583 98 716 16 757 59 1067
644 -0.06861148753342633 1.5527213377164846 1.85470475988739 127 86 15 0.17573186721264486 98 112 99 661 36 553
279 0.1346611866276132 1.9323942641765917 1.6342236936708618 63 42 5 0.25950921943135241 98 699 16 762 99 699 56 686 29 571 36 582 91 835 48 284 59 248
281 0.35011318577609962 1.9446500953482007 1.8728562763895411 88 57 8 0.32327755779337408 98 708 16 767 45 193 29 583 56 971 36 589 91 850 97 638 84 814 26 404 82 364 50 403 65 427
648 0.18812875209950866 1.9335857127719209 1.5802840600033803 102 92 28 0.52720686710202369 16 1050 32 520 99 701 45 1080 56 967 91 838 59 1128 64 911 30 426 77 61 2 86
1674 0.30896485558765369 2.2931343412377223 1.6627000645633874 54 64 89 1.1901868597637264 32 1236 59 1585 30 988
283 -0.19100902410770165 1.964307091729149 1.3788087013538932 158 168 195 0.51299373701973539 98 702 16 774 99 698 45 1088 56 89 91 81 97 60 87 84 48 832 11 165 59 278 12 259
652 0.77514025691148236 2.1437351102153785 2.2476546436076887 114 105 82 0.1057802295230259 98 776 99 748 45 816 56 756 91 657
287 -0.35095129900764316 2.0148471797728584 1.466549015639891 61 41 5 0.32219494548571048 98 720 16 785 99 711 45 804 56 964 48 827 59 270 32 184 30 113 77 73
289 0.18535062490466042 1.9882261229548814 1.5472348265087859 77 91 123 0.30966718450656489 98 725 16 787 99 712 32 527 45 793 56 695 29 577 36 132 91 616 97 632 84 601 87 885 48 1153 59 1145 26 44 82 44
592 0.48657889129495124 1.3465567790270125 1.5487750894413883 127 109 40 0.13730333674987882 16 59 99 50 45 579
1618 0.38625795853636158 1.5644958329520011 1.5149227767102638 155 118 41 0.56537679103388028 91 51 87 56 11 125 97 582 84 556 26 209
291 -0.41332897787589412 2.0378668913805651 1.4515029018087566 62 43 6 0.18374799673506345 98 727 16 793 45 817 56 687 99 991 97 823 87 610 48 249 11 790
3021 0.36929951792175775 1.6369640684930318 1.5672719970247309 111 90 23 0.59009110082436367 33 1003 80 1004 54 1051 8 1069
1991 -0.47320375513057866 1.8577126142090266 1.6904810089900177 47 38 30 0.10453932386816973 89 792 95 695 41 695
293 -0.45419890654774719 2.0696338070409515 1.3891005870971194 170 175 197 0.17598740756009598 98 737 16 803 99 720 45 1118 32 569 30 441
596 -0.41483884116710501 1.6787314475957062 1.1439046570375355 94 84 24 0.17193429280967057 16 121 99 123 29 57 36 66
295 1.0681683145672671 2.0526427550392876 2.3694276875336202 231 217 181 0.022168780162994117 16 805 45 777
3670 -0.4586908695302252 2.7501668631325003 1.3150662860585283 85 95 98 1.817813398667836 6 1106 21 1148 67 770 58 821
297 -0.17710601213516111 2.0559910766203475 1.367053171677034 162 174 203 0.20184115181996026 32 544 16 812 45 828 59 880 12 738 89 597 95 474 41 492 27 551 63 546 22 324 13 317 93 66
600 -0.88987722724963481 1.9380825586500383 1.4585082424183602 121 94 22 0.086104731865120118 98 192 99 174 45 210
1626 1.2031788224645725 1.9580734206545825 2.4825356060671155 232 218 183 0.35328350649931278 48 416 59 209 89 732 95 642 41 649 22 537 13 507 93 730 69 577 23 906 18 667 40 463 96 606 86 554
1999 -0.29271411457909513 1.8166014609644741 1.2202781301935668 48 61 88 0.082410049840007688 89 807 95 713 41 711
301 -0.57166928392525085 2.1179538148952144 1.4308634634142745 150 119 37 0.19851233777262728 98 752 16 823 99 287 48 833
604 -0.93654242914779828 2.031900586201695 1.5557208757171535 110 81 15 0.18920505853713379 32 580 99 213 36 117 30 635
303 -0.26184505317170664 2.0861306439609959 1.2990464351745834 254 214 58 0.15685353490218959 98 749 16 825 99 724 45 840 32 567 56 699 29 117 36 134
305 0.8344773140634586 2.122470862135462 2.268765275632656 109 101 82 0.30565741370380856 32 185 98 771 16 828 99 742 45 809 56 752 29 624 36 632 91 654 97 683 87 937 84 866 11 1194
672 0.10944171266143768 1.7385667850631865 1.4002358815889226 98 90 28 0.32794001919751958 32 826 99 968 45 1064 36 799 64 895
1698 0.52130825879705223 2.4887636853169606 1.7627285786847635 203 185 148 0.23676324923165382 59 509 12 516 64 349
307 0.9775012123352369 2.128311841875234 2.2578726385084242 232 217 181 0.18861297968931043 98 778 16 833 99 747
3037 0.17394383047619885 1.778093233285023 2.8577097447709745 0 0 0 0.58724746688894414 85 1033 80 1092 54 1173
2007 -0.25042303278698591 1.9944486611198173 1.4203003597461226 71 59 13 0.084740916957064524 89 822 95 731 41 728
309 0.69166071912309868 2.1638653179887322 2.2310063208992905 110 99 76 0.34914284022250153 98 782 16 838 99 757 45 825 56 758 29 629 36 634 91 660 97 897 84 863 83 578 82 120 50 305 65 475
676 1.3920033407767218 2.3177946624598529 1.942685913287501 0 0 0 1.3397412872959162 16 1157 99 1024 18 1153
311 -1.278546861547363 2.4058027588484765 2.1076090081733989 71 46 29 0.60851465373169511 32 667 98 837 16 857 45 397 98 404 56 231 29 635 36 646 91 638 76 415 52 196 46 445 77 474 2 502 82 99 70 184 57 209 37 283 1 477 67 638
3025 -0.4599746278169573 1.5635406536737906 1.3054754121942125 255 237 73 0.2047177149167293 33 1028 80 1031 54 1071
3750 0.84295485259413894 1.7079179698936016 2.9659486143808271 236 221 182 0.609095381196474 34 922 43 831 92 898
313 0.42494571561531391 2.2654746459536539 1.7636359288549219 47 53 72 0.87124017752282923 98 834 16 862 99 1161 45 354 56 1167 29 997 36 993
680 1.0502590226797279 2.425164251621605 1.8635057214757338 87 87 81 0.95430858344698988 16 1175 98 1112 99 1041 91 1063 84 1112 11 1254
4059 0.33634056470667206 1.2305287006020433 1.7945199882120828 108 55 2 0.19073127546932572 30 397 52 308 46 350 77 350 2 386
1706 0.61185526131494972 0.95557366535354815 2.1196495681654626 135 76 12 0.32566836175829839 48 690 12 576 89 506 95 384 41 416 27 365 63 384 22 388 55 326 13 415 93 397 42 30 72 414 88 270 43 437 92 224 69 296 75 89
315 0.398990775223239 2.2775545977241749 1.7447930823530566 63 65 85 0.091188876150448461 98 843 16 865 45 366
2015 1.0196442194690243 1.2985034548702805 1.5989368179084613 255 229 67 0.25116808629846671 89 875 95 792 41 792 93 626
317 -1.0887119426618408 2.5192677997503932 1.9461561637058746 148 144 129 0.45696559220449595 32 909 98 864 16 871 99 820 45 899 29 315 36 330 30 683
684 0.32671013617058769 2.5015359046429242 1.66887331726286 2 4 6 1.1825860241474662 98 1117 99 1055 29 873 36 884 97 1008 84 975 11 1426 52 414 76 577
1778 -0.6458129012446937 2.6586846978430545 1.4665883721358686 87 88 82 1.6169427738918156 32 914 64 1017 46 455 77 649
323 0.75074797192502341 2.4089052484140168 1.7862515560194923 35 21 19 0.26244767081652565 98 870 16 883 99 466 56 842 91 422
325 0.75401553031992719 2.4257597360602494 1.7166148811029331 105 74 62 0.11062332431165522 98 875 16 888 45 1212
756 -0.67348998857412734 2.7434801661329953 1.503458475055734 63 65 60 0.033144018424422467 98 562 45 503
327 -1.127554058476353 2.5850536516421614 1.8192619002615074 193 184 158 0.04073978517571758 98 878 16 890 45 923
329 -0.69603989267344624 2.5229570219975326 1.3112492104665709 53 55 67 0.32260997215177017 98 883 16 899 29 856
760 0.37019497084750419 1.047804713348705 1.5605323421442172 139 110 29 0.030394972265815442 16 30 45 545
1786 0.048587529303205618 2.7035467280063998 1.4528540453207743 33 25 25 1.2089505254518347 59 600 12 556 64 752 32 704 99 873 45 1252 56 853 36 426 91 748 55 512 6 587 33 543 58 778 88 491 21 811 43 515 30 518 77 456 46 209
331 -0.48671221177281804 2.5289483302671734 1.3199877515345966 58 64 85 0.51379207094976009 98 1119 16 904 99 1056 76 669
333 -0.92479374511599099 2.6606745299020544 1.6109428503831316 125 125 116 0.059477786688495765 98 896 16 909 45 945
764 -0.4987019178473634 1.6402106795755396 1.1809410986437612 172 127 27 0.04976989929473008 16 657 45 629
335 -0.98718803673286937 2.6827105066859405 1.5848466244686528 130 130 121 0.10716936901063799 98 903 16 913 99 850 45 950 56 460 36 389 29 374 91 358
1062 0.89453604418972188 1.1854476599747656 1.4172615401366178 150 115 30 0.55664171786119676 29 924 36 924 26 570 82 518 50 540
337 -0.94085679753961671 2.6906291493353618 1.5776793397823348 122 123 114 0.052387371970078839 98 904 16 915 45 952
704 0.31660868351010457 2.291918177036794 1.6754645739608296 55 62 84 0.30521567155069396 98 1254 99 1163 56 1243 11 1540
1730 0.93195722728624009 2.3195856992972739 1.9559799602231853 229 211 172 0.33434660090139767 59 1377 12 1134 89 1213 95 1085 41 1098 22 966 13 1022
339 -0.72813451751961877 2.7012131533510586 1.5709589642323216 100 102 93 0.10370208245496289 98 907 16 918 99 854 45 956 29 385 36 400
341 -0.48705566386798577 2.6436053029646724 1.3734903896215251 59 68 91 0.20550409140102216 98 1137 16 920 99 1077 45 953 56 1057 29 719 36 889 26 445 82 420
1060 0.77972054838369764 1.0858638174243755 1.2962811605584748 111 98 30 0.99545605492714839 99 617 36 918 52 478
343 -0.78986154169274603 2.7218189541565332 1.5385418308309105 112 114 104 0.063264256365261104 98 912 16 923 45 958
3782 -0.41005129019976067 2.1786659223744889 2.3719379720443055 218 203 163 0.11059388199874365 5 279 78 407 44 238
344 -0.79055701169899151 2.722640129642441 1.5415170588503242 112 114 104 0.084622997602110006 98 913 16 924 99 862 45 959
3275 -0.70590941730728174 1.6506430172300155 1.206260225965913 193 149 42 0.38377938753625934 8 525 58 193 47 78
1070 -0.40619897367436969 2.0488572319402647 1.4280444872646136 46 27 2 0.40372158196948776 29 978 36 971 91 1108 56 1230 97 1195 84 1155 87 1299
345 -0.85251359949105665 2.7449390772135418 1.5145535625424618 120 122 113 0.08482174629085637 98 920 16 927 45 964
712 -0.38896464275619846 2.7471439447311088 1.3461393685909768 8 10 13 0.63303336924585396 98 1293 99 1206 91 1067
1579 -0.69678327746543711 2.3944741687756421 1.2647307518138999 57 59 57 0.37740030750364806 87 129 11 816 89 135
346 -0.85304939599025886 2.7454001651741131 1.5162098551654801 120 122 113 0.09653631373606586 98 921 16 928 45 965 99 872
1738 -0.676430979844035 1.6516022190676418 1.1783129201452509 181 142 53 0.69567873303085692 59 1260 12 1194 89 968 95 842 41 867 27 999 63 1025 22 540 55 962 13 290 93 500 85 989 6 979 80 932 54 980 8 965 42 997 58 736 88 652 72 551 34 943 5 418 21 751 43 1 92 2 78 734 25 728 47 447 18 388 69 233 23 8
347 -0.91512187043195525 2.7676409990825208 1.4923152208279431 125 127 120 0.087850593098514854 98 926 16 933 99 876 45 969 56 508 29 398 91 427
3112 -0.17808598408837656 2.0062665234334416 2.5752388289100816 152 101 77 0.54827829624022395 80 708 54 768 8 776 42 863 88 759 72 749 34 975 5 971 43 688 92 751 78 930 25 912 44 776 47 530 100 783 79 843 39 622 28 540 31 567 53 675 90 552 73 517 66 583 24 407 14 421 62 541 10 255 71 256 4 172 60 807 81 443
349 -0.32490369652754142 2.7583229067724377 1.407700690894039 71 82 84 0.36286655525894562 98 936 16 942 99 883 45 1256
716 -0.16057904019387875 1.4115481573153978 1.8761401944915272 0 0 0 0.67783460671619711 16 1409 99 1232 56 1209 36 1024 29 944 97 1179
3106 0.33624046926523676 1.7014391674471609 1.6067426577286232 236 216 173 0.79948215264118927 80 663 54 703 8 398
1068 0.31261283345085983 1.6704564754905398 1.6152636774716302 97 75 18 0.63735230515033792 56 1123 36 959 91 1011 97 1079 84 1032
351 -0.62735538678060154 2.7945994425085243 1.4150962245253393 107 109 102 0.031603302799746505 98 938 16 944 99 889
353 -0.65423156552378281 2.8468105515069628 1.3312664738363222 122 124 115 0.048766811797681671 98 950 16 960 99 899 45 1262
656 -1.2726029781539314 2.3510012297545648 2.1622365237416989 155 108 84 0.39076129923521902 32 656 98 371 99 790 45 854 59 840 16 847 64 977 30 497
1682 -0.43410268047185829 2.8709686344686611 1.212359822258152 126 87 65 0.57400177493610871 98 1160 32 1079 16 1227 99 1097 45 1270 45 1412 56 879 29 740 36 740 91 756 59 1416 97 753 84 504 87 748 48 1255 11 912 12 1160 64 1267 89 873 95 770 41 766 22 336 13 321
355 -0.63291741008640023 2.8597659810980303 1.3183682877103247 80 85 80 0.18096878556291823 98 956 16 966 99 593 45 995 56 581 29 467 36 474 91 507
357 -0.61788694612086503 2.877495763145494 1.2723284640236634 128 131 121 0.15934529375503331 98 965 16 975 99 909 45 1004 56 868 29 735 36 737 91 522
359 -0.46108124363496439 2.8630527930165472 1.2545908233015086 36 26 23 0.17011472900255795 98 967 16 979 99 906 45 1001 32 390 30 355
3734 -1.3211620288196086 2.465682178411897 2.1052165526586109 225 213 180 0.82458357754343614 55 662 88 659 92 270
361 -0.74626726818311384 2.924176243556257 1.227345228363862 136 138 129 0.10968776733432176 98 979 16 986 99 919 45 1277
363 0.2831537619255497 1.0041208828523958 1.7079963701606879 48 48 53 0.19428764666278778 98 991 16 992 99 932
365 0.49993826486798687 1.0310421175661399 1.5151413961872027 83 91 109 0.27793190876824997 98 608 16 994 45 1025
668 -0.63782186377145933 2.9728603097890662 1.1055298711866326 142 96 69 0.0026233135661504689 98 984 99 922
367 -0.72174228383510508 1.618161296351585 1.2557330364073487 254 232 77 0.27088008589601853 98 649 16 1010 45 1056 56 633 91 561
369 -0.45107736780065866 1.6436348335965196 1.1445888305341296 254 233 79 0.30943353521131239 98 1006 16 1017 99 656 45 1317 29 519 36 57
736 1.1318296311369602 1.8957389380703122 2.5557635017707514 131 122 100 0.13631629677250812 98 249 45 146 56 201 91 152
1762 -0.16580735557585813 1.8905655507465307 1.5503403151653385 162 113 22 0.037644863735279449 59 210 64 248 27 134
371 -0.6669856615127514 1.6848786768991866 1.1458964622645551 254 229 77 0.71754889517896836 98 651 16 1023 91 35 64 1236 41 871 89 972 27 1005 63 1031 55 969 85 992 6 1075 33 1045 80 1047 54 1089 8 1093 42 998 88 918 72 855 34 1037
373 -0.6889173884930162 1.7443459383854907 1.0676789942716849 106 84 19 0.17290751430292597 98 1018 16 1026 99 955 56 642 29 536 36 549 91 571
740 1.2078902375423184 1.984220872440893 2.4781547267359012 125 119 99 0.15620127361062633 98 295 45 185 64 78
375 -0.86103580352590992 1.9382812303314538 1.4712681511363328 32 34 45 0.10099252348251438 98 1032 16 1040 99 979 45 1081 36 809
3814 0.13606448489292242 1.7533864211851373 1.5592545123159192 206 177 61 0.62163803621895219 5 1070 78 1260 25 1285
377 -0.37249280357149195 1.9706139790416617 1.5079396878404274 246 194 51 0.15252800553435342 98 700 16 1048 99 702 29 102 36 114
744 0.74640528814882967 2.1701143718131806 2.2147830574169953 235 220 182 0.097506205746537178 16 333 98 357 45 285 56 286
379 0.23951504581232988 1.9767333974878234 1.5539577253752108 73 88 121 0.2979622397161561 98 1041 16 1053 99 990 45 1085 29 810 36 824 91 847 56 969 97 846 84 810 87 886 11 1066
381 -0.25120430585426312 2.0386658909296811 1.3770809111532167 250 207 57 0.082050823147351584 98 730 16 1056 99 718 29 114 56 690 36 126 91 605 97 612
748 -1.2424797760385573 2.430869327098129 2.1018903801358153 116 115 99 0.17997958192590832 98 421 45 407 64 380
384 1.2072938344670625 2.1769793063242102 2.1583681095881824 231 217 180 0.13190497726842496 98 809 16 1082 99 773 45 1116
529 -0.099062018655953946 1.5321447458883144 1.8237514569487607 69 61 65 0.28345388722632414 98 1378 16 1482 99 1286 45 1526 56 1216 29 1103 91 1089 59 1432 64 1198
1555 -0.55370197868371818 2.0323239129993609 1.4274300262207376 253 213 73 0.175361336735537 56 93 97 58 11 141
386 1.365825824640283 2.1636252050267677 2.1579686824493645 230 217 181 0.053350484460411518 98 807 16 1084 45 1109
388 -0.024369350736920592 2.2059933588822367 1.6173464871330734 102 82 20 1.0732181321526222 98 798 16 1086 99 346 11 826
533 0.073461027206525226 1.864755041860245 1.6301066898329413 72 53 9 0.66096905299349407 98 1384 16 1493 99 1294 56 1291 29 1115 36 1095 91 1102
390 1.3052573227595601 2.1860686174647732 2.1341940967137387 232 216 181 0.16030622620198987 98 816 16 1095 99 776 45 1125
3607 -0.32715456836576962 2.1484136946942516 2.3611603633078273 43 42 39 0.34055443841820709 34 1074 5 1102 44 1099
392 1.2366642436731692 2.2073134262223024 2.0973026455151023 230 215 179 0.28004124641324574 98 1066 16 1104 99 782 45 1138 56 1009 91 891 48 1409 11 1479 59 1353 12 1132 89 1233 95 1106 41 1119 27 930 63 922 22 1014 13 926 93 1006 40 458
537 -0.84423858004178443 2.1150446101455995 1.4529831086156535 179 140 36 0.34446770283327488 98 1391 16 1498 99 1302 45 1572
394 -0.75637963237974104 2.2404849880606035 1.2910496905039714 94 69 13 0.11797916180456959 98 1060 16 1106 99 763
396 -0.64595841534285936 2.2405895308901544 1.2226892825697677 29 37 54 0.14027728784812538 98 1063 16 1116 99 1007 45 1198 32 865 56 981 29 825 36 839 91 851 97 845 84 807 87 618 48 1167 11 797 59 899 12 299 89 114 30 644 76 542 52 534 46 552 77 606 2 630
541 -0.75032359492996614 2.1238819615125961 1.2432324894777587 141 0 0 0.17047088405406333 98 1394 16 1503 99 1303 45 1538
398 -0.77618004513412364 2.2629208347940408 1.2774148384950403 113 118 142 0.16270539938415751 98 1065 16 1121 99 1009 45 1203 36 842 29 826
1052 -0.010492441216848341 2.4591248598373441 0.55715779313148739 80 63 14 0.14767375690336343 29 850 36 862
399 1.2680867691836799 2.2403898378552869 2.0293144710402675 228 212 176 1.1249845130163205 32 557 98 839 16 1122 99 379 45 1155 59 1366 12 1258 64 1124 27 1037 63 1050 22 1123 55 910 13 1101 85 631 6 434 33 666 80 363 54 660 58 421 72 831 21 47 43 891 30 153 18 1144 69 937 90 738 81 766 40 721 96 926 75 913 86 706
400 0.64122041488246762 2.2930316099886867 2.0584196586184884 224 208 171 0.073799657673466149 98 1073 16 1124
609 0.7342101644509782 2.0820820818350256 2.3132952527749087 111 100 77 0.13926714858470224 16 293 99 318 29 163
1635 0.59084907195107461 2.5973233269142293 1.6765955256681184 86 86 81 1.6292195318707201 87 1204 59 569 41 352
402 1.0637769655109655 2.2733016549732903 2.0155911410398 227 212 175 0.53611428621286028 98 846 16 1128 99 392 45 1170
404 -1.150217751465529 2.4650066521004956 2.0247705320484193 231 216 178 0.7366294803196296 98 1083 16 1139 99 1027 56 992 45 1362 29 849 36 659 64 1153 6 1008 80 979
613 1.2626446608792357 2.2348129133104555 2.0310146534757503 230 215 178 0.68067621229960162 98 838 99 378 89 1329 48 1420 95 1209 41 1221 22 1124 93 1108 18 1145
406 0.61168983438100166 2.3462274825383318 1.9781824482763211 219 203 167 0.040439074246474957 98 1085 16 1147
3687 0.038249132966486563 1.569893404171844 1.6633789827073011 134 95 19 0.049308539885756508 13 549 43 522 92 566
408 0.86428254624348599 2.3372843352201564 1.9290214595163044 227 211 174 0.77990186522598737 98 855 16 1151 99 419 45 1186 59 1380 12 1138 95 1076 41 1088
617 1.0987969955247476 2.3373610337862143 1.8683900373729001 30 20 16 0.16585244766738469 16 445 99 427 45 379 48 659 11 693 59 485 12 537
1643 -0.79185258915480583 1.5959612093514643 1.2911308956225627 254 234 88 0.097285294071884312 48 718 59 987 12 827
410 1.4621771203184533 2.3158679287155195 2.0069241562911024 0 0 0 0.81940550406231349 98 1087 16 1154 99 1022 36 1004 91 1134 98 1258
412 0.75062004746004196 2.3847448727284464 1.8775275344249442 221 206 171 0.65157647934226581 98 1099 16 1163 99 1029 45 1202 56 837 91 917
621 -1.2284579649377774 2.531058983881707 1.9448226891633029 234 220 185 0.098020868063614694 32 346 99 481 45 448
561 0.46652428710461391 2.2340128772314944 1.670721416925973 12 11 11 1.2583965192920388 98 1431 16 1536 99 1336 45 1574 56 1325 29 1146 36 1132 91 1202 64 1240
1078 1.4848455900150872 2.2697924953158859 2.0504186595939973 86 85 80 0.30308057402988792 99 1017 84 1110 30 641
417 -1.0322003140639997 2.5541892369938655 1.8823156224148201 128 128 118 0.060195672048907058 98 1108 16 1171 99 824
1587 -0.5391745061026133 2.6471153631644113 1.3141751015183385 3 3 4 1.9460671595684653 48 1229 11 1186 59 923 12 776 95 503 41 520
3293 -0.68456640904400934 1.7118450274718107 1.1092443361710729 151 123 33 0.17978723034011521 8 529 58 521 21 514
421 0.31093422545042598 2.5668385268676532 1.6207596342747947 47 34 29 0.81295010035679549 98 894 16 1190 99 836 45 1227 56 847 29 383 36 392 91 742 97 738 84 733 48 1243 87 1039 11 1240 59 1401 12 1147 64 993 27 948 63 957 55 684 85 708 33 735 72 343 76 196
724 1.1111431927175 1.8016316129725805 2.6137919849159958 0 0 0 1.605836368937291 32 1183 99 1330 45 1567 56 1237 29 1053 36 1099 91 1175 98 1036 91 1200 82 562 26 621
1233 -0.72387628374807012 3.0233585197371533 1.1055046113867122 82 59 46 1.4423509627956221 91 968 97 756 87 1036
422 -0.80849875427416695 2.6734492775445307 1.629629871927315 65 70 65 0.095245159953220429 98 1131 16 1194 99 1075 29 877 36 890
3639 0.46036373614723569 1.14109216396089 1.4085461516728326 62 68 83 0.44630996067087925 58 3 21 375 67 4 37 8 57 10
1076 -0.18982336253581197 2.4204181842039629 1.5395563457093959 80 64 15 0.98984318346668598 29 1002 36 999 84 854 97 894
423 -0.80836138722269923 2.6725674948775944 1.6249858259125463 65 70 65 0.13731409357874075 98 1132 16 1195 99 1076 45 1242
3798 0.8827321132590068 1.1724615233313271 1.7990965775506755 255 218 53 0.093297854700362448 34 857 78 960 25 945
424 -0.51910951902113178 2.594432206836438 1.3390893394546071 56 63 85 0.10050661594988368 98 1129 16 1198 99 1069
569 -0.02745839335535729 2.738737703395218 1.4769530100261852 35 27 25 0.8352725751983695 98 1453 16 1558 99 1346 45 1607 87 1330 48 1656 11 1618
1595 -0.3052458396587906 1.6324950689856494 1.5128999213670196 0 0 0 2.0826261788725087 87 1071 11 1281 83 730 50 349
426 -0.87061224463608156 2.6949244116178037 1.5997329102749784 70 74 67 0.24588848331030352 98 1135 16 1202 99 1081 32 927 45 1246 56 1049 64 1019
1247 0.52002645846543882 2.4209720421750256 1.8821923963784437 214 197 159 0.27422534001825871 91 913 97 997
428 -0.12105629192272542 2.6650065847780415 1.5201423523589641 7 8 8 0.61755747400482719 98 1141 16 1207 99 1082 45 1243 56 532 98 555 29 890 36 902 91 462
573 0.13784483791406105 2.5161268571036222 1.701840689391511 2 3 4 0.75343285622587086 98 1464 16 1566 99 1373 32 1263 45 1620 48 1666 59 1598 30 1022
1241 -0.96766920575052751 2.7067273867177639 1.5674184947848044 85 89 84 0.43886106522899276 56 1047 97 907 84 865
430 -0.25128373974806484 2.712370356370609 1.4886526883656619 11 13 14 0.096897413860613554 98 1144 16 1209 11 1213
432 -0.47551516337774541 2.7161826898498465 1.4153490344741446 2 3 4 0.33193457740940002 98 1146 16 1211 99 868 45 1254 56 1064 29 891 36 905 91 943 97 995 84 956 48 1236 59 1206
513 -1.3141149771812952 2.3119653105818698 2.1737966931842614 0 0 0 1.7138259514387975 32 1153 16 1448 99 1159 29 1060 64 1302 55 919 85 1006 34 1092 32 1200 30 908 21 1180 76 671 52 655 2 843 67 1080 70 549 1 797
434 -0.24491227922786596 2.740158425769792 1.3419983044999324 44 33 29 0.13869195576032414 98 1151 16 1213 99 882
436 0.17650539671883358 2.8538487441394778 1.691872425794978 0 0 0 1.7621735762918864 32 924 16 1216
517 -0.75919222683384036 2.7058307963723749 1.5668335313991233 106 107 97 0.35800739772755652 98 1353 16 1456 99 1262 45 1497 56 1178 36 1010 91 920
438 -0.37072605887449472 2.8480437371258573 1.2372215070195327 113 77 57 0.31313318676925045 98 1159 16 1222 99 1095 45 1266 56 1074 36 734 91 754 97 752 84 746 87 751 48 1253 11 916 59 1215 12 959 89 877 95 775 41 768 22 592 7 236 51 598
3591 0.89495676814983049 1.1614472859339589 2.3601677040210354 255 242 72 2.212488445464555 55 709 5 921
440 -0.66462635475251453 2.9161763020850722 1.2419110704025207 94 98 90 0.45684747431744122 98 978 16 1228 99 918 32 786 45 1276 56 877 36 490 29 480 91 530
521 -0.043795176534131418 1.2188589307512658 1.8143147672842723 0 0 0 1.3905298986817174 98 1370 16 1469 99 1274 45 1516 56 1280 29 1099 91 1159 97 1248 84 1242 48 1482 11 1570 59 1226 64 1277
1547 -0.9303736360991014 2.7177225279325774 1.5651261530962584 71 75 69 0.45480935960761748 98 1139 16 1204 99 1084 45 1250 29 883 36 897 48 1210 56 1051 91 910 97 915 84 875 26 322 82 432
442 0.24072120210422954 0.959255721071815 1.8468082284544929 151 129 34 1.0640424653150813 98 1172 16 1246 99 931 45 1288
444 0.36959680266833522 1.0126015868597618 1.5586615000230002 5 5 6 0.20156944976554197 98 1174 16 1248 99 1106 29 753
525 0.19311211280821483 1.2571977337362159 1.8227437482578646 0 0 0 0.30834186750810005 98 1371 16 1473 99 1275 45 1434
1830 -0.055559635199493744 1.2515440135371521 1.7338962054966802 31 33 37 2.2399786089159099 12 1380 89 1403 27 1147
448 0.28430711775266815 1.1693749699321645 1.8562489292465847 14 14 13 0.11180887513602082 98 1186 16 1257 45 1295
593 0.15221987822588903 1.3800855378033055 1.8924725450221958 117 86 18 0.22036715096006346 98 640 99 59 29 526
452 -0.5436190081001897 1.4879232693886686 1.4311509264830635 254 217 82 0.51529282252199993 98 999 16 1265 45 1444 29 936 36 938
597 -0.41488207668252186 1.6784771827170055 1.1439741662540572 94 84 24 0.17106466313867627 16 120 99 124 56 51 29 58 36 67 91 40
454 0.46583810484367022 1.5358266115760646 1.5942630393154924 108 87 22 1.1072620777210789 98 1005 16 1271 36 779 56 929
2852 -0.47446100895067889 1.6357414410665736 1.217920059949662 255 232 73 0.51775143262361845 6 969 33 931 80 916 54 955 42 874 34 918 5 872 78 996 25 977
3671 -0.76141414311187761 2.1256073134291928 1.4462507036393859 127 101 27 0.38553775801010803 58 1207 21 1171 47 1106
1838 -0.10707104662054132 2.6803151196976058 1.5271427624164371 67 77 78 0.24722098224476116 59 570 12 514 89 323 16 545 45 488 48 658
456 -0.36935450540051828 1.6510730335537576 1.2000556908527718 247 212 96 0.8453628632428567 98 1205 16 1277 99 949 45 1451 36 542 29 530 91 569 48 1288 59 1263
601 0.87502397053705216 1.7547278366299304 2.7632150329031449 241 226 189 2.6111476223320542 98 179 99 177
1627 0.66337078309027053 2.1373479400200486 2.2644894889744394 78 70 56 0.2296857971010621 45 271 59 272 12 290 64 171 89 349 41 293 27 142 63 148 93 263
458 -0.78703181517396847 1.7791983070240101 1.0537528803045679 104 90 23 0.72242379969880022 98 1214 16 1290 99 1128 32 1123 45 1462 56 927 29 947 36 947 91 575 97 570 84 542 87 565 48 1016 12 678 89 19 41 9
2856 -0.6771409210922813 1.6004991897098468 1.2667382520145882 255 228 70 0.50891936507618196 6 1069 33 941 42 881 34 950 5 895 78 1023
460 -0.1913372059170069 1.8964641510500115 1.5422200301418849 242 194 55 0.66186668486972633 98 1229 16 1305 99 981 45 1332 29 556 56 945 36 569 91 596 97 596 87 849 48 1314 11 1310 59 1449 12 1224 89 1276 95 1156 41 1169 27 1017 63 1036 22 1144 55 941 13 1056 88 878 72 972 43 925 92 917
605 -0.14168826072967131 2.0695028178488557 1.3762027117553881 167 179 208 0.13955084325716904 98 745 99 267 29 118 36 136
3874 -0.0057111032584148038 2.0100845904536282 2.5833587389078811 231 210 164 0.25896866333310387 34 270 44 273 90 185
462 -0.91633588944034827 1.9845033488149717 1.5278655377238117 144 0 0 0.15139413698779203 98 1231 16 1308 99 1144 45 1470 29 797
1846 -0.63722662895426019 1.7113549249380458 1.0482662496488366 254 231 73 0.1001103687802839 89 33 95 19 41 14
464 -0.28394986467171462 2.0016498026615674 1.4415144949765795 72 53 8 0.49306521084775373 98 1234 16 1311 99 1147 45 1474 59 1297
673 -0.74683822525179722 1.8660722623274162 1.0572255837923643 111 100 27 0.30836694245509805 98 1028 99 973 45 1076 36 793 29 785 52 603 30 766 46 643 77 725 32 835
1699 1.1043337702346592 2.2962393603297433 1.9560523043493594 109 76 62 0.098640596662487229 59 457 12 519
466 -0.9265814389811502 2.0875438574241509 1.5655189328162527 90 64 10 0.43709322878253054 98 1237 16 1315 99 1150 45 1480 32 1141 29 809 36 974
677 1.1739026218002349 2.3595663744690025 1.8504981374092095 86 86 81 1.1462259569139275 16 1343 99 1028 48 1247 46 561 18 672
470 0.70598131969736466 2.1312929394882407 2.2321758299763745 232 216 178 0.48641129884592432 98 1246 16 1321 99 1003 45 1339 56 990 29 836 36 849 91 865 97 887 84 858 87 930 83 403 26 133
3751 -0.45436605201856139 1.7262723236066682 1.579059336519574 135 87 16 0.24599531213278628 43 841 92 913
1854 -0.40271102216263382 1.7978933220592945 1.6649507375190897 138 91 14 0.097323697621872693 89 498 95 47 41 54
472 1.4286725415970087 2.0868070380140122 2.1767141789272828 0 0 0 1.8316923335914899 45 1476 56 1239 29 1063 84 1184 30 957 46 735 99 1255 2 875
681 0.56322303100531335 2.4541276709623925 1.7989918951016586 214 199 166 0.4015250212977875 98 1111 99 1044 56 1050 48 1427 16 1348 11 1452 87 1183 89 1322 95 1025 41 1213 22 864 93 1092 18 1088 23 985
1707 0.62778427263704428 0.98011519930201663 2.1072989983928725 182 115 33 0.30237183096186132 11 16 12 578 95 66 89 79 41 83 27 372 63 388 22 143 55 329 13 171 42 356 72 418 88 274 43 435 92 481
2872 -0.78131848937924531 2.1494041477394483 2.3724815778632444 110 75 61 0.37068504323428186 85 970 33 1046 80 1054 54 1098 8 1106 42 1013 58 1092 55 775 88 884 72 863 21 976 43 845 92 725
476 0.38292883175541831 2.3503131975530112 1.7680089490623239 61 66 86 0.48035687521771647 98 1257 16 1340 99 1171 45 1197 32 621 56 1248 29 1068 36 1048 91 1124 97 1213 84 1178 87 1249 48 1379 11 1544 83 820 76 667 52 645 50 635 65 669
3890 0.25911678994644788 0.98282901279547941 2.0932974137309368 239 218 174 1.4077984317784986 34 676 78 750 44 681
478 0.39402977090910873 2.4702352136391026 1.7639610642704493 32 30 29 1.053324082011506 98 1264 16 1349 99 1176 45 1368 97 1000 87 1169 48 1419 11 1231 59 1387 27 1038 63 1056 85 958 46 676
480 -0.77158899789618429 2.6386929448297303 1.6196446725612925 71 74 69 0.21195959923280885 98 1275 16 1361 99 1190 45 1388
625 -0.33891329285325594 2.5055929961695331 1.3908757267350274 23 31 47 0.16540703013647917 16 509 99 507 56 425 29 677 36 342 91 307 97 213 76 168
1651 0.9776210981773511 2.125800155539836 2.2569814576604705 232 217 179 0.20638780634704179 48 1200 59 1150 95 1041
482 -0.90215395512861674 2.6897847467092508 1.5897091854815302 82 85 79 0.42855166396643052 98 1280 16 1369 99 1195 45 1394 32 1070 36 1007 64 1167 85 762 6 882 33 827 80 807 54 849 8 623 58 869 21 1016
484 -0.89377153451871894 2.7536921215109329 1.5271752263923084 118 121 112 0.58134341080223262 98 1287 16 1379 45 1503 56 1179 29 889 99 1089 36 907
488 -0.38047419543359845 2.7862832904866628 1.3809510690740912 86 95 94 0.45523790109791606 98 1295 16 1387 99 1209 45 1505 32 1160 56 1187 29 905 36 914 91 961 97 1027 84 987 87 1006 48 1456 11 1407 59 1489 12 1265 64 1317 89 1050 95 927 41 951 27 1107 63 1137 22 1070 55 1050 13 967 93 1063 85 1073 6 1167 88 912 46 692 30 917 77 842 69 865 23 956 18 764
633 -0.60466437722677269 2.8056854227831853 1.3992197206518904 67 72 67 0.20470651322432323 16 947 99 579 45 984 56 560 29 435 91 479
492 -0.32439936580497875 2.8664340016428258 1.2268240000150543 50 37 32 0.40207694070420713 32 1077 98 1301 16 1394 99 1267 45 1411 56 1270 29 1085 36 1067 91 1145 97 1159 84 1113 87 1193 11 1459 59 1217 83 720 30 833 76 749 52 738 46 760 77 780 2 698 51 915 7 970 18 178
494 -0.0056934060474024047 1.1027628788533113 1.744460435719605 0 0 0 1.1443392551770328 98 1177 16 1401 99 1112 45 1294 56 1087 29 918 36 921 91 980 97 1047 84 998 48 1480 11 1494 59 1421 64 1067 89 1250 95 1123 41 1137 27 1050 63 1076 52 589
496 -0.51184509110128007 1.4522576296149936 1.4260675773778724 0 0 0 0.4475216069822201 98 1190 16 1408 99 1228 45 1439 56 904 29 930 91 987
1603 0.85439438486060026 2.1692954171577159 2.2067176246979252 232 216 177 0.20616833933356332 48 1355 11 1394 59 1308 12 1066 95 1018
498 -0.79342400601444296 1.5153730297644012 1.3465272494675895 0 0 0 0.57913763054275114 98 1319 16 1413 99 1230 45 1525 56 1205 91 986
500 0.12469848917625712 1.4593973276330363 1.8906098145461172 156 130 52 0.25181727655845282 98 1320 16 1419 99 1233 56 1213 29 1034 36 948 91 1001
581 -1.2326326800609828 2.2097687652565914 2.0534635160352033 0 0 0 1.0718584280965076 98 1477 16 1579 99 1392 29 1184 36 1177
502 -0.77660442833628796 1.7303528304592843 1.0877555946921187 254 229 73 0.65669452313130272 98 1208 16 1426 99 953 45 1457 29 533 36 546 91 796 97 788
3655 -0.31001620282658215 2.803964125403628 1.2465500041828053 109 77 63 0.13589588353054619 58 809 21 834 67 574
504 0.073830242780924746 1.7145629627568497 1.4318415200691332 224 196 101 0.15267183107286061 98 1216 16 1430 99 1131 45 1455
585 0.027497316702323242 1.6750478438291974 1.5794788122207772 172 113 53 0.91732358817394866 98 1484 16 1585 45 1636 29 1189 36 1184
1611 1.4800164043968533 2.123660740466137 2.1644039555423031 0 0 0 0.82520428041395566 16 1325 11 1560 30 789 32 1134
506 1.277170469683681 1.9295976044694521 2.4871111341112853 0 0 0 1.0667551569515592 32 1126 98 1389 16 1438 45 1569 56 1158 29 1058 36 1102 91 1115 97 1275 76 657 83 822
508 -0.50092517648444723 2.0189239246078534 1.4197309899155681 254 219 62 1.0854566951687807 98 1388 16 1440 45 1341 48 1592
589 0.37779646911705911 1.1846988982281861 1.4341268574213371 125 105 41 0.87285858314527298 32 803 99 39 36 513 29 761
510 -0.21763935844438115 2.0764436960181549 1.329203519877783 106 85 21 0.26903639037084026 98 1336 16 1442 99 1251 45 1483 59 1532
512 -0.64925480645942346 2.1229229261657934 1.1689714148156303 35 46 67 0.24342857617972047 98 1337 16 1447 99 1252 45 1486
1458 -0.66569475683154278 2.1070935147384544 1.4657098351985094 199 159 45 0.13882696715424023 56 127 87 82 11 152
515 -0.46978431463103343 2.3281276804724786 1.3060538622858722 98 88 25 0.71045162889106928 98 1255 16 1452 99 1166 56 750 36 848 91 174 97 856 84 819 87 1127
1969 0.1233248571124719 2.6337929665120816 1.5480450657305136 88 97 97 0.22865227458740442 64 744 95 621 27 578 63 364 13 125 93 208 72 93
518 -0.89083569721656952 2.7897284650499965 1.3446633415220277 130 132 123 0.3937506913901429 98 1356 16 1459
519 -0.42959147976975531 2.8010814898271765 1.3537257310036428 87 97 96 0.4187034849961524 98 1358 16 1460 99 1264 56 1189 91 1068 87 1166 48 1564 11 1405 59 1542 76 596 52 575
3510 0.97024619658324873 1.2180311664736787 2.3211474525748992 255 230 72 0.70816152910914287 55 714 34 879
522 0.33978036035801756 1.1855956625209443 1.7786023961228119 151 134 58 0.27979746268372163 98 1369 16 1470 99 1273 45 1554
1466 0.93299801062128795 2.0440866518570506 2.378309280704948 113 101 74 0.2186866620780856 97 159 87 247 11 503
523 1.0842701792202141 1.1824847596741621 1.6722315246934036 0 0 0 0.95642950513250724 98 1316 16 1471 45 1433
1983 -0.48925523336219345 1.6101299657948647 1.1998290929815068 255 232 73 0.08454621701595906 89 778 95 675 41 680
524 0.35849640245721065 1.2610845010070926 1.485683683582341 7 10 16 0.6016361076738469 98 1315 16 1472 99 1118 45 1518
1977 -0.53118737387225567 1.585560809482121 1.2591479303241975 255 231 73 0.063766626696672532 89 767 95 668 41 672
526 0.40274530485755117 1.3670232874613726 1.5893353052154509 0 0 0 0.94524513972445612 98 1317 16 1475 45 1302 56 1210
527 -0.61163971095641723 1.5038169205459833 1.2771485494629817 252 228 77 0.94121737135623484 98 1195 16 1477 45 1524 48 1607
528 -0.89459143912888395 1.5553745618630752 1.3530518250020003 0 0 0 1.1600147714521234 98 1376 16 1478 99 1279 59 1554 12 1327 89 1333 95 1115 41 1127 13 670 69 580
530 -0.21255318781522869 1.5504567290583995 1.8408693753991334 0 0 0 1.0479094628064649 98 1321 16 1483 97 1183 84 1015 48 1504
3981 0.31469965738840122 2.8642281837039847 1.9027255073019271 0 0 0 1.6655401917995367 45 1401 30 828
1410 0.68558411767380734 2.406460822793913 1.8551235099872663 221 207 170 0.25996658872249045 97 1142 84 1099 87 1189 11 1460
531 -0.18485923107456831 1.8253449125629289 1.5962106744964886 47 35 6 0.13250800561258724 98 1382 16 1490 99 1292 45 1531 29 1113 36 1092
1927 0.52794568278358756 1.0723869340090948 1.9864308296656679 254 216 55 0.042990668386284257 89 521 95 399 41 423
532 -0.94474483679407439 1.8822016192902715 1.5805626740604508 123 111 76 0.81064392412717512 98 1421 16 1492 64 1132
535 0.08940327340430089 1.9561604781146604 1.6044475547162615 106 87 20 1.1183065619231398 98 1386 16 1496 99 1295 45 1534 56 1231 29 1048 36 1038 91 1110 97 1198 84 1053 76 723 52 623
3462 0.60071455364847015 0.97627640812917005 2.1095700093482272 250 197 51 0.17133796320832673 89 509 95 387 27 366 72 184 55 8 88 20
538 0.19708234195869825 2.0424463122415704 1.8420755460787639 90 71 20 0.97617888592658841 99 1301 56 1293 29 1119 36 1130 91 1174
1418 0.35223202423257849 2.0451066785435499 1.9658710131387076 118 95 24 0.73684785540316844 97 1203 84 1164 50 654
539 -0.48390962900788947 2.0884359060487747 1.3631461219701946 90 73 16 0.76661479312200498 98 1392 16 1500 99 1300 45 1537 56 1235 29 1049 36 975 91 1109 97 1196 84 1156 87 1234 48 1622 11 1589
1935 0.62919196467930172 1.0603909045066628 1.9812271993674548 188 119 42 0.067974168990359921 89 543 95 432 41 459
540 -1.1434763059729283 2.2211796511935389 2.0200410751930051 0 0 0 0.78254128548971202 98 1395 16 1501 99 1334
1929 0.64179861552473583 0.98160176959332734 2.1268637953515914 255 243 98 0.38746274297229616 89 88 95 403 22 624
542 -0.90032344353322336 2.3029443142457899 1.5719993760352751 66 74 94 0.3918177121516831 98 1430 16 1504 99 1357
543 0.38066287368824459 2.2203117473411638 1.6151132978027622 52 59 80 1.0237758770112788 98 1400 16 1505 99 1257 45 1540 29 1061 36 1105 59 1368
544 -0.54587395413806528 2.3767356818828111 1.3851525505726621 22 17 9 1.1498890751939321 98 1402 16 1506 99 1308 45 1577 99 1338 56 1295 56 1324 97 1274 84 1228 48 1538 59 1538 76 767 52 721
546 -0.35718433810587397 2.6341585590070555 1.4923629774511267 50 59 80 0.82007780411378406 98 1405 16 1508 99 1343 45 1546 56 1332 29 1151 36 1141 91 1206 97 1303 84 1235 97 1281 87 1303 11 1595 83 819 76 808 51 1210 7 1027 3 866 26 625 82 618 50 587 65 619
3276 -0.81369297750823344 1.5899609374458301 1.32481893658704 159 124 33 0.1213691970148983 6 246 58 201 21 98
1362 0.54632093370615742 2.2764845836689664 1.5964128428497593 3 3 4 1.6104615362934942 97 691 84 687 11 876
547 -0.25273689317465609 2.820442891418224 1.245487577716816 47 33 28 0.51558265891286459 98 1407 16 1510 99 1314 45 1508 32 1162 56 1302 29 1130 36 1114 91 1186 97 1284 84 1238 87 1304 48 1569 59 1414 83 825 30 962 77 841
1879 -0.44535215365851155 2.7161545181332531 1.4415676726933793 0 1 3 0.13192925884198245 89 655 95 171 41 206
548 0.030111269596197685 1.1410852174374515 1.7443175666019277 240 206 72 0.90247428321217538 98 1368 16 1512 99 1272 45 1553 32 1174 56 1279 29 1098 36 1077 91 1188 97 1286 84 1262 87 1053 48 1605 11 1620 59 1548 64 1331 30 937 76 610 52 678 46 699 77 795 2 808 26 668
2246 -0.095157112408448818 1.4164698679442411 1.9057206203811605 11 8 7 0.019555583277261222 89 489 41 384
1873 0.87406010578570392 1.0214902094675373 2.0068355373308284 254 237 83 0.29658229978259726 89 161 95 128 27 32
1216 1.1632725041351317 2.2999025409922025 1.8565282210453673 155 108 83 0.20075839875546211 99 410 97 498 48 937
550 0.44331851426512153 1.2862781295781969 1.6031267176921968 147 130 55 0.30634813922751997 98 1410 16 1515 45 1519
551 1.077223603402794 1.2635443333221832 1.5877179599204692 166 113 25 1.0148666318931232 98 1412 16 1517 32 1175 99 1318 45 1557 56 1337 29 1133 36 1117 91 1227 59 1578 30 756 76 695 52 685 46 631 26 692
2241 -0.36255845364929051 1.8181337006276606 1.5397241755934061 254 211 61 1.7163747640368383 89 1351 41 1292 22 1228 13 1139
3414 -0.33738138081425567 1.844260222309402 1.8061319109413161 255 191 42 0.2126144229668013 88 485 72 309 92 303
552 1.0818361610871476 1.2579017227993685 1.6166003420715156 166 113 25 1.30434012240557 98 1413 16 1518 99 1319 45 1558 56 1338 29 1134 36 1118 91 1228 64 1330 59 1579 26 693 65 684
2250 0.38036097975894967 0.98724357064815915 1.5772748692335614 8 9 14 0.14957074549643157 12 34 27 33 63 35
6357 -0.86541266449794374 2.2105104164724336 2.0262776035566947 154 146 158 0.67480785119802211 17 1133 74 1073 35 994
1370 -0.67841357559170401 1.8293821071278844 1.058967848279317 105 93 27 0.49515046643571303 97 802 84 770 87 816 48 1030 11 999 83 468 7 447 51 501 26 373
555 -0.61641839279368138 1.8823041872950561 1.6168237227314211 65 62 69 0.52728866598700053 98 1383 16 1527 99 1293
6350 0.33775734785429101 0.76924074477516069 1.9488096082889197 255 199 55 0.26976051336565493 17 1111 74 1052 35 963
1887 0.43178940291042184 1.9300790340131093 1.9371711840845702 67 74 95 0.22146424577217741 89 665 95 197 41 237
556 -0.36347847892518453 2.0424282756558108 1.3571125118999021 95 77 18 0.83024592972271849 98 1422 16 1529 45 1599 48 1621
1881 0.21494434930734324 1.939930434379586 1.5640404104491765 61 49 35 0.13070074484093488 89 223 95 173 41 210
1224 0.22407324398352882 1.7409959412163967 1.627607286490681 155 121 40 0.025325702667493542 91 818 97 592 84 573
558 0.43467097309634617 2.099737973594145 1.8834697583403952 148 127 93 1.9906949478043456 98 1427 16 1532 99 1304 45 1536 36 982 48 1597
559 -0.55633741552500227 2.208619598942271 1.3104733128309234 67 54 42 0.31460168850377318 98 1429 16 1534 99 1335
6354 -0.9294753291920429 2.1648989868272985 1.5691925507936977 81 87 96 0.69672869022686024 17 1119 74 1061 35 970
560 -0.15699970686640619 2.2191700008562969 1.4589075439542827 100 90 26 1.0667502526123078 98 1447 16 1535 99 1356 56 1344 29 1168 36 1163 91 1222 97 1320 84 1274 87 1347 11 1613 48 1598 83 870 30 1000 76 833 52 836 46 832 77 913
562 -0.47423608523294553 2.3007845114916212 1.3088326474146674 100 89 24 1.9943462162651409 98 1401 16 1537 99 1358 29 1121 29 1145 32 1262 36 1131 76 819 52 837
3292 -0.75420099734304036 1.6502341123899016 1.2163570096759719 165 128 33 0.13107754597402535 8 536 58 518 21 507
4013 -0.47701005513298139 2.5962050236909251 1.3548991323062896 57 66 90 0.11022343156219666 36 371 76 187
1442 0.43830234792304068 0.88748406925527068 1.6900410467833535 150 129 42 0.049288242241492079 97 1355 84 1308
563 1.0144259862322897 2.3316257114899219 1.8858304002755439 64 44 37 0.84665818213554433 98 1432 16 1538 99 1339 45 1576 56 1330 29 1149 36 1135 91 1225 97 1325 84 1276 87 1353 48 1653 11 1641 59 1586 83 865 51 1315 26 688 82 644 50 664 65 705
2269 0.43576486738187042 2.5397161832610262 1.5688006561476411 89 64 55 0.11405543836400893 64 722 27 580 63 584
1959 0.92222189605644267 1.2208385682281253 1.6856783346392088 254 232 69 0.18006416837748743 89 653 95 584 41 596 22 682
564 -1.137266135924353 2.5938846092415511 1.8213410913982413 194 186 159 1.0725030759187562 32 1253 98 1433 16 1539 99 1340 45 1579 56 1296 64 1346 85 1110 6 1209 80 1165 54 1195 42 1114 58 1211 21 1204 25 1302 5 1100 77 922 46 836 2 932 67 1101 15 1185 82 496 17 1110
2262 0.79865051734843906 1.133845526227262 1.8423057105286469 200 132 37 0.15720841662050838 12 618 27 431 63 439 55 368 42 341 34 375 78 484 25 477 100 82 79 90
567 -0.00042415032136293787 1.8996984788271469 1.5963142286031253 79 50 6 1.2505203639072922 98 1445 16 1549 99 1329 32 1225 45 1597 56 1317 29 1116 36 1096 91 1197 97 1316 84 1250 87 1319 64 1357 83 843
2257 -0.43305066362973504 2.7516869925690401 1.425245758405675 2 3 7 0.098862796206515904 12 508 27 343 63 368
3494 0.85311132718928451 1.1491885981108998 1.8341173142119676 255 232 67 0.40400959209182985 42 525 34 588 78 689 25 678
568 -0.40471174382338548 1.9526745262724736 1.4854288253653367 255 220 58 0.94725027636780335 98 1446 16 1550 99 1354
2266 -0.68199568614373629 1.6645826473245344 1.1764722469536339 169 128 39 0.34067554720716348 12 642 27 511 63 516 42 482 72 6
4011 -0.61937099679216556 2.4486292122845574 1.3504680936705802 8 8 5 0.081924262190586225 32 304 76 147 52 138
570 -0.39309478563332528 2.900923097065284 1.2273881086281315 59 46 40 1.1459440074192995 32 1267 16 1559 45 1609 48 1657 59 1591 12 1376 64 1369 89 1422 95 1289 41 1308 27 1145 63 1176 22 1212 55 1089 93 1174 85 1111 6 1208 33 1172 80 1162 54 1186 42 1104 58 1188 88 985 72 1029 21 1181 43 913 92 976 30 1024 77 929 2 933 47 1084 67 1076 69 910
1450 0.51747354113663713 1.7625509452750374 2.8818527319297682 105 75 63 0.028276649761632824 97 629 84 606 83 80
1967 0.52532825241593706 2.2082284660409255 2.1950516051627647 221 202 163 0.10998961408879297 89 703 95 614 41 625
572 0.53157104037817493 2.427800178022022 1.7736696006257449 169 154 123 1.3869348299255282 98 1463 16 1565 99 1372 45 1619 29 1171 36 1166 97 1338 84 1289 30 1005 77 903
1240 -0.05599018966801788 2.3870417410822968 1.5765927901926537 85 70 16 0.37684125968435023 56 800 97 892 84 855
574 -0.23851083680919283 1.6168403556652431 1.2443530146390289 0 0 0 1.2872624777370281 16 1568 36 1169 76 827
6361 0.33798088341032473 1.5862706390650154 2.1657823757280745 0 0 0 1.4665139130408331 17 1124 74 1079
575 -0.4044701861461597 2.5869616564543993 1.4774858937558624 51 61 85 1.1060189211723723 98 1469 16 1571 99 1382 45 1626 87 1370 48 1682 11 1654
576 0.35111978761005269 0.80887311841766008 1.8130133097895098 139 124 42 2.057340404334933 32 1268 98 1466 16 1573 99 1375 45 1628 29 1163 36 1155 6 1245 80 1208 64 1392
578 0.67669566330114284 1.0432264235960802 1.4545769104670574 147 132 46 0.62685737448020162 98 1472 16 1575 99 1389
4093 -1.2025912976951063 2.2642834375007781 2.1824377889208919 0 0 0 1.2405432351896879 32 1149 52 724 77 766 57 503
1522 0.82212877948452467 1.7482047536480783 2.8704129358580843 233 219 182 0.32925479701069593 87 644 48 1053 11 1075 95 932
579 -0.11840339082155092 1.2937251801636542 1.841895325391905 0 0 0 1.2106954687944413 98 1473 16 1576 56 1364 97 1341 84 1294 48 1675 59 1602 87 1363 26 711 82 667
2039 0.41258188254907308 0.91962204024115279 1.6145634657223851 15 12 8 0.22033509064581425 89 988 95 863 41 897
580 0.34769817785345669 1.8347409798615901 1.8714992482076069 95 71 13 1.9656345131740847 98 1476 16 1578 99 1378 59 1617 12 1412
2033 -0.45585672951211625 1.5630323557757066 1.2993707225975981 255 240 71 0.21594790233954911 89 978 95 853 41 879
582 -1.1893113803124029 2.4672871519063446 1.9927183890177245 180 173 148 1.2979564214013299 98 1478 16 1580 99 1394 45 1631 56 1357 29 1185 36 1179 32 1287 30 1039 91 1238 76 849 52 856 46 864 77 944 70 606 57 641 37 585
583 0.61760912798493239 2.3596327088842219 1.8363379559051645 172 158 127 1.6867020744788686 98 1479 16 1581 99 1395 56 1368 29 1186 91 1255 76 839
3574 0.4673491603104844 1.7053476190696526 1.8295579197538572 15 9 7 0.047888744381676632 34 632 5 599
584 -0.58518662814481692 2.5245498518110292 1.3155404315612123 3 4 10 0.8047713745217262 98 1480 16 1582 99 1396 45 1632 29 1193 36 1188
4091 -0.72315457283321583 2.3424069896533579 1.2889566353358211 112 102 32 0.60954945960787843 76 660 52 718 46 737 30 899 77 822 2 879
1530 0.27629464414390753 0.70380469261996448 1.8557427337077808 0 0 0 0.083874538836222146 91 970 48 1479
587 0.52562610089848549 1.1758525396778576 1.3661801061519612 17 16 17 0.32318484468672293 98 45 99 35 45 22
2047 0.68085541241904857 0.95684208805243232 2.1117600954032945 29 22 0 0.59464938082802676 89 1005 95 881 63 786
588 0.52562610089848549 1.1758525396778576 1.3661801061519612 17 16 17 0.32318484468672293 98 46 99 36 45 23
590 0.52751343239609794 1.2350896880105349 1.5068749433142634 121 97 24 0.59685163641273131 98 627 99 45 45 29
591 0.52654947674039965 1.2843372308072383 1.5601479865789787 118 104 44 0.48999177349775819 16 52 99 47 36 42 59 716
594 -0.65882082785300333 1.6106183770498661 1.2271799508725678 227 8 1 0.12480693579326181 98 646 99 89 29 40 91 33 56 632
1315 -0.90644100506092173 2.8749979193558852 1.6313010594094175 139 141 133 1.9627283843231513 91 744 84 397 87 292
595 -0.44047343231651331 1.6165224818981514 1.2097394601042268 176 130 27 0.1541645271924714 98 101 99 95 45 66
1474 0.19854529310100597 1.7027130129392141 1.4132476505660809 77 93 125 0.45842756985722277 97 587 87 598 48 1045 59 1091
3367 0.96988730996815797 1.0322499291562874 1.5976743220653815 254 229 70 0.89297155492954661 12 979 88 668
598 0.37336722299258468 1.7904607551468708 1.7997166930047779 112 91 23 0.27640741654171647 98 679 99 164 56 665 29 558 36 570 91 823 97 605 84 585 11 181 59 168 83 283 52 88 76 343 82 342 3 663 50 380 65 409
1985 -0.41086035231172474 1.5436277343455418 1.3156638542435943 255 233 74 0.11049507416019949 89 775 95 677 41 682
3526 -0.44180203823341319 2.1825272853034838 2.3860752555539029 221 205 166 0.14294393519905005 42 993 34 1081 5 1044
599 0.37352624932054762 1.790289776583307 1.7994448470069759 112 91 23 0.21264067062871458 98 680 99 165 45 117 56 666 29 559 36 571 91 824 97 606 84 586 11 182 59 169 82 343 26 392 50 381
1828 -0.076571905876122157 1.972037301656469 1.4792689872387719 230 192 58 0.36661091403442919 12 1354 89 1382 95 1284 27 1137 63 1167 55 1085 85 1099 33 1154
3880 -0.043464515953270139 2.0332541245604236 2.5211921726746329 222 205 165 0.077734856498477445 25 612 78 629 44 533
603 -0.36232937443903568 1.9952567452573384 1.4571600094230563 184 146 52 0.13380270390221427 98 253 99 208 45 245
606 1.1711271102776808 1.9619762096386979 2.4716000444302022 106 100 83 0.33966307209477625 98 282 99 270 36 163 29 145 87 724 83 416
1993 0.48060139783411082 1.0390079206723408 2.049112487473125 250 198 48 0.40691483406800905 89 794 95 704 41 707 43 714 92 772
607 0.63486185572916942 2.0736925750270019 2.3312366756310143 133 117 90 0.075070196150304136 98 315 99 310 29 154
1836 0.48711631406722106 2.1894685164068322 1.9056579701168419 212 192 151 1.8444095416214357 12 1399 89 1448 95 1324 41 1353
608 0.7342101644509782 2.0820820818350256 2.3132952527749087 111 100 77 0.13926714858470224 16 292 99 317 29 162
3997 0.52852007622074471 1.548172491105432 1.5825269606748475 0 0 0 1.4547774681527925 32 1241 30 994 76 795 52 802
610 0.7726161842008884 2.2207583410386267 2.1325689684649669 119 107 83 0.011615119403774563 98 381 99 361
611 -0.14213490952348704 2.2620398547577647 1.5579484523751277 82 75 20 0.13374669054615759 98 391 99 362 91 179 97 124 84 122
1426 -0.68836433264337693 1.7783716811015031 1.1063742184549439 90 63 12 0.44945038422582845 97 1182 84 1217 87 1285
612 0.34027051716048973 2.2610032414659282 1.6914411588318865 36 43 61 0.35254612681166331 16 398 99 374 36 196 56 308
1943 0.79039533408470719 1.0936085455657645 1.8877582813172957 255 239 76 0.30232082759241552 89 590 95 487 41 513 55 537
614 -1.3368845049918809 2.3719499612595358 2.1324464516010146 160 112 87 0.46628655807862762 16 366 99 388 45 859 98 820 56 219 91 138 30 503 46 198
1937 0.60215642880741704 1.1186034864414567 1.9051424758980018 195 118 24 0.027585769223660701 89 550 95 442 41 468
3478 0.22311825264391585 1.9612297516725858 2.6395381314728104 230 211 170 0.2074557075682931 42 168 34 250 44 278
615 1.1498397329928924 2.2813030142508808 1.9021613911763093 153 107 84 0.40709942952563066 98 852 99 400 45 849
3995 -0.71626270235237743 2.2279014520644487 1.2261028893460917 130 116 38 0.48764710671162781 32 1196 30 987 77 914 2 917 57 620 70 586 37 563
616 1.1325028862620599 2.303986683014807 1.9065143758205696 51 32 23 0.48865064253746099 16 425 99 409 45 363 56 453 91 404 97 497 48 655 59 468 12 528 95 339 41 367 27 331 63 299 55 216 64 255 85 143 6 119 33 89 80 76 54 53 42 45 58 68 8 56 88 86 72 251 21 63 67 148
618 0.95841351709890976 2.3743433771411251 1.783486590668117 113 83 72 0.25757114197722086 16 472 99 453 56 476 29 350 36 351 91 432 97 507 84 481 87 531 11 953 83 220
619 0.78713634871935234 2.4233522696085972 1.7184186602780607 32 22 19 0.070907683622046427 16 493 99 476 45 435
1434 -0.7505210527496331 1.975343617884842 1.6122297456302013 12 10 10 1.3330490326036644 97 1313 84 1249 87 1318 11 1607
620 0.48613786045628254 2.4254119701285695 1.7041773223985719 91 83 67 1.43625930447807 16 487 32 262 99 479
1951 0.41762414053771951 1.6107600759918248 1.5392787091010045 43 52 75 0.20536171965666458 89 623 95 523 41 193
622 -0.23865209457820857 2.5041431822554507 1.4497311749697381 6 5 6 0.027233809426393068 98 522 99 503 56 435
1945 0.36247534484550575 1.5201368108178901 1.3850442649804793 43 53 76 0.42601489405641652 89 835 95 490 41 514
623 -0.43450261869927009 2.5092572969086158 1.3549821273070775 26 34 50 0.025864705115693134 98 524 99 505
624 -0.33957425726560553 2.5067388696823412 1.395907920564357 23 31 47 0.18160705501358371 16 508 99 506 45 471 36 341 91 306 56 424 97 212 84 191 87 184 11 424 83 329 7 118 26 271 82 401 50 238 65 279
4077 0.29573685830979679 1.5903443358052978 1.3898432158094991 7 8 12 0.49210826479613151 76 499 52 501 82 458
626 -1.1571954961218813 2.5729173168832644 1.8490038503675827 102 103 91 0.10868126637422518 98 511 99 508
627 0.41299575390751125 2.504381085421163 1.6626805895129624 94 76 67 1.2016106363386785 98 525 99 510 45 906 99 1057 36 376 52 413
1506 -0.58868843879156807 2.9100747414186148 1.2486336766176054 162 161 148 1.1257832318255572 29 481 91 755 87 740 97 542 84 495
628 -0.92513305431753068 2.6257238292044454 1.6792645543794065 128 125 114 0.21071090741867207 98 890 99 527 56 826 29 706 91 310
2023 -0.92895056272886178 1.6504003050520697 1.2433834032883533 255 240 76 0.66282488391029326 89 960 95 832 41 663 22 743 13 940 72 712 43 623 5 1019 92 902 90 850 81 721 40 679
630 -0.52020695536836081 2.6230968364623082 1.3427470045475252 24 32 49 0.25066342154338067 56 482 91 735 97 296 84 250 16 533 36 708 83 112 99 539 26 291 82 265 50 98 65 125
2017 0.67837352776787041 2.0835258428526564 2.3232926010920885 234 218 178 0.46446328791387109 89 894 95 795 41 798
3558 1.0185928927311687 1.2592136303117651 1.6326107591622383 255 226 65 0.065115015144231514 34 334 5 317 44 589
631 -0.49887383205098301 2.6378767429172099 1.3558916963573144 57 65 87 0.27466114068798853 98 552 99 545 56 490 29 376 36 388 91 399 97 332 26 108 82 107
4075 -0.41476271744779908 1.7008967615546258 1.1936872652948807 76 38 3 0.18286304934555531 76 299 52 497 46 520
632 -0.71577123346532701 2.7903985877021062 1.8014093823250985 60 62 54 1.5081225646421785 98 561 99 561 45 492
634 -0.26102847214141006 2.7897015849260525 1.239417944880044 74 51 41 0.082674745613122977 98 582 99 583 29 446
635 -0.40425405355872057 2.857255531397584 1.2440930931502994 106 72 54 0.44963118116802114 98 591 99 597 45 518 64 781
1514 0.75445810358672538 2.4201559827643848 1.7897509397660036 33 19 15 0.33187833738738598 45 422 48 653 59 501 12 525 64 319 89 433 95 315 27 333 63 330 85 194 6 184 33 132
636 -0.4660696837742454 2.8830001085568786 1.2281847678438647 116 79 57 0.22666957796441262 16 578 99 601 45 521 64 461 6 379 33 310 54 273
2031 -0.41490369677687106 1.509489413099224 1.3773781953577715 255 242 70 0.081277186706410667 89 973 95 851 41 877
638 -0.73369273566834137 2.9920989160024423 1.1565721785168959 121 121 111 0.53972293163887475 32 1085 99 605 45 1015
2025 -0.62628281813016129 1.5018091768858293 1.236856920200198 255 230 66 0.49548963618578989 89 963 95 838 41 1132 93 734
639 -0.68309447424021852 3.0088300720678873 1.0808950803508035 53 36 29 0.21996218025186259 16 584 99 607 29 489 36 754
641 0.60168015169408939 1.2546680564586676 1.4054505426849648 119 107 37 0.13096738763672314 16 48 99 634 56 30 36 37
1814 0.43947416125126576 0.78372545677300132 2.0083953814221274 255 246 71 0.61050032993214776 97 1045 89 974 95 1129 22 1151 13 1079 93 1130 18 1162 69 908 23 1068
642 0.63549724803231344 1.2844045902969559 1.3540272168517342 127 115 41 0.22016432660680746 98 631 99 636 45 574 56 621 29 33 36 39 91 24
1299 0.53022726084358074 2.1633467881521922 2.2193057624310111 237 217 176 0.066614635154148075 97 155 84 158
643 0.63518411590205359 1.2845163873380296 1.3523895703202831 127 115 41 0.25282568627482466 98 632 99 637 45 575 56 620 91 23
645 0.41748449162389201 1.6179005145648464 1.5405576542761512 30 36 51 0.12462958106238528 98 659 99 665 56 934 29 784 36 790 91 808 76 58 52 67
3351 0.59566645430475829 1.013847328620461 2.0515779448908811 254 220 62 0.049103479883522864 55 334 88 306 72 400
646 -0.40878918020484023 1.9412437552461106 1.5703914961017231 255 216 58 0.098965593025636511 98 693 99 692 36 108
647 0.18899508621473077 1.9320626481999437 1.5836433173306268 102 92 28 0.53160397032110807 16 1049 99 700 45 1079 56 966 91 837 87 877 11 1056 83 286 7 496 26 224 82 203 65 246
1812 0.16325329761905782 2.6055581559014391 1.5936345435624302 67 73 72 0.38727745976890887 12 952 89 909 95 804 41 802 27 755 63 764 85 714 6 569 21 798
649 0.047143558789596078 2.0079370288397143 1.5128632322555431 70 51 8 0.53945323729209849 98 277 99 716 45 798
1822 1.2909042115365046 2.0155679533100184 2.4003536081001968 241 222 183 0.21477801035342689 12 1239 89 1323 95 1203 22 1122 59 1291 13 1102 43 896 92 1035
3864 -0.069806431819862749 1.375748456594621 1.8956141779583133 26 22 14 0.50239849845087703 78 1222 25 1292 39 880 28 727 31 733 53 896
651 0.89781410530695105 2.0998242129768401 2.2911426332073663 112 103 83 0.21865187745778644 32 534 98 763 99 739 56 747 29 620 36 630 91 652 97 681 84 867 87 938 11 1195
3858 0.10046291714859572 1.7542244970604135 1.7013395340169735 192 165 56 2.1202685618439996 55 911 34 1018 5 1005 25 987 42 827 78 1003
653 -0.54013366833037157 2.2171200097954085 1.3728268935619452 56 50 50 0.3950204259083665 98 794 99 749 76 116
654 0.71945992829390482 2.1639883818335468 2.2317556374681233 110 102 81 0.56166755865301454 98 786 99 758 45 281 16 326 56 761 29 633 36 636 91 663 84 681 59 289 89 370 82 289
655 -1.2757360838836433 2.3081430669208349 2.1892964095304066 27 0 0 0.60979057106888157 32 1041 99 778 76 569 46 436
1820 -0.63189357748620034 1.4379832216994382 1.2717892691571289 255 241 72 0.93965818757648933 12 1183 89 1245 95 1117 41 1130 93 733
657 1.5212761093781941 2.250540325108624 2.0524625968167864 89 89 83 0.51406165805827153 98 1076 99 794 56 1037 29 862 36 867 91 929 84 995 83 723 26 636 82 573 52 643 50 604 87 1272 65 641
1894 -0.21887714315197704 2.732164632792605 1.3519357642337755 63 49 44 0.23376792752179765 89 316 95 223 41 255 63 588 27 586 55 521
658 0.37693557350438922 2.41883501278914 1.8028773677548247 3 4 4 0.25571399447493426 98 865 99 814 45 882 48 913 91 732 12 458
659 -0.76569013625493954 2.4438230655834499 1.2231813489366767 93 108 141 0.26265875169479952 98 1105 99 816 45 1226
661 0.19250575472770914 2.5524476131812701 1.662318906064546 3 4 5 0.62853567361247797 16 901 98 1124 99 833 45 920 56 501 97 474 64 723
3431 0.47963775299522526 2.5195202045720819 1.6669215355047111 115 76 57 0.23296652864967426 88 602 72 638 43 536 92 577 80 458
662 -0.81737868217304099 2.645004485954825 1.6274083534001915 105 106 96 0.08698562671153981 98 895 99 840 29 712 36 711
663 -0.55866963523661428 2.6997900786919895 1.2420749903033348 71 73 69 1.6925639627445603 98 923 99 870 45 974 29 390 56 1063 84 1081 97 957 48 1560
1892 0.87291229550389515 1.3034826739464374 1.4171455725828581 253 227 66 0.20230827693694167 89 260 95 221 41 258
665 -0.73165845183686751 2.8994678948010568 1.2732598160306752 124 128 120 0.086824522463973583 16 983 98 972 99 913 45 1008 56 867
1902 0.28756022297540434 3.3943849960961012 3.2480946597211218 118 113 98 0.23186736885132664 89 402 95 276
666 -0.68394820907093323 2.9007105924028154 1.2541761136467962 127 129 121 0.12386439909281662 98 977 99 916 45 1275 16 1225 64 1048 33 833
1387 0.70412594105558268 2.2697941725610447 2.0795917555214083 231 214 176 0.17364941987267887 97 933 84 912 48 1366 59 1346
3944 0.31745838438483109 2.369246370273896 1.647214034065656 2 2 2 1.9018095542051572 32 265 77 132 2 145
667 -0.50552867631801179 2.9123185832560159 1.1701644585994271 59 40 32 0.23754609714285876 98 598 99 920 56 598 29 486 36 494
3938 -0.71324453314312664 1.7911684786873592 1.5808253695830923 9 4 2 2.2766027323500029 25 1343 78 1316 44 1172 34 1221 5 1172
669 0.23970638935286936 1.036992730099517 1.7008578321176733 8 11 16 0.24359494538234305 98 611 99 934 29 759 36 761
671 -0.37963475746539921 1.7316289654842008 1.2115415050595717 105 94 28 0.1969339403298124 98 1020 99 960 29 780 36 781
1900 0.38891579303220419 2.5184165528829312 1.6241756258759918 86 61 50 0.15694701108952022 89 386 95 272 22 239 13 428
1490 -0.59006536536589616 1.4499552107639806 1.4539242396293173 0 0 0 1.1504116788730425 84 1210 97 1174 87 1208 11 1499 48 1488 59 1236 27 1056 7 891
3383 -0.67242859507634745 2.9862692284235632 1.0918020489277145 130 89 70 0.73859188755334493 42 1015 88 930 72 864
678 1.1468525235215818 2.3860010414057324 1.8817348259378088 86 86 81 0.22926051056890961 98 1103 99 1033 46 564
2001 0.60195178341951039 0.98460870459780436 2.1039984717695099 250 199 50 0.31682660431083404 89 800 95 715 41 718 27 605 63 604 55 529
679 -1.1820787045238343 2.5078358894471844 1.9573751054461381 214 202 169 0.32539064412689361 98 1094 99 1038 56 764 29 653 91 647
1844 -0.59553063314165244 1.6170744096176768 1.2231874631910453 255 219 62 0.25780581932792301 64 202 89 20 95 15 27 103 22 2 13 291 93 3 6 230 33 219
682 0.67359757265686304 2.4445925807425759 1.8044834110116477 109 77 62 0.62562921366206303 98 1263 45 1492 48 1439 11 1475
1339 1.0057471601544685 1.2799753873392918 1.5192538396376178 110 95 27 0.20484046558992552 91 562 97 797 84 549
3896 0.29055781498326272 1.7705782136572124 2.8406009260842837 80 53 41 0.52461846838039428 25 905 78 917 44 812 100 960 79 1068 90 452
683 0.49372897717279918 2.4659132469358425 1.4789088878122989 106 75 61 1.6686197568818013 98 1270 99 1050 56 845
686 0.89064837551991582 2.5118181347286841 1.762859751173337 0 0 0 0.40416481125391845 16 1186 99 1062 51 1017
2009 -0.1007630434424855 2.062140999411985 1.4201145182039219 129 142 172 0.42094452602289972 89 840 95 748 41 746 22 580 13 545 93 360 18 450 51 550 3 396 23 477
687 -0.90613112908363602 2.6002410507391489 1.6800843070413154 123 122 112 0.28286824410110351 98 1118 99 1065 64 1010
1852 -0.67261829067615175 1.9751547512908032 1.1974648653764381 102 58 8 0.048187477522327195 89 58 95 43 41 385
689 -0.070899754527142991 2.6469763072954184 1.5812762936482934 7 8 8 0.60136077959395962 98 1136 99 1078 29 887 56 1181 36 900 91 1062 84 1091 48 1437 11 1408 12 1255
1798 -0.085918532788828411 2.7537791301234975 1.3252445758922475 71 53 49 0.11788325624812525 59 624 89 347 95 245
690 0.22284789287189524 2.6435213819937635 1.5703416821981535 30 22 21 1.553368394548357 98 1142 99 1079 45 1239 29 894 36 721 52 418 76 432
1283 -0.65531788426154669 1.6467853329721209 1.174545285082524 174 130 42 0.142100148252012 97 565 84 14 87 19
691 -0.29978716966930785 2.7279632282874644 1.4606491498135512 3 5 8 0.057837992958447222 98 1148 99 1090 48 1241
693 0.68854693009965695 0.99880738282393711 1.2965514413092729 0 0 0 1.1485089225320777 16 1245 32 1169 98 1308 99 1104 56 1084 29 1025 36 1018 91 760 91 976 46 764
3335 -1.0548156735997849 2.7709155523182982 1.5808399555475254 0 0 0 1.6245420732744076 85 1114 58 1191 48 1631 33 1176
695 0.41212958081427792 1.1581455026145777 1.4093563626694883 123 134 162 0.40497919965348783 16 996 99 1110 29 760 36 762
697 -0.58351235935823231 1.4678396467724792 1.4358868401572233 0 0 0 0.20115240589515998 98 1192 99 1122
1806 1.1175193885485599 2.3166205909515263 1.8761753454759666 105 71 52 0.10707416997591669 12 793 89 737 95 650 41 661
698 0.013076221251556372 1.5485922902199893 1.6803397559226165 196 171 65 0.70144172611621747 98 1203 99 1127 36 949
1291 -0.23802542220493117 1.8384630612079591 1.6126082130270518 250 205 68 0.76133035661015758 97 45 84 58 48 792 59 814 12 690 84 565 27 514 63 661
3848 0.27066711076361616 0.94052165274795108 1.9465775855723277 156 131 36 0.73786594800239225 78 1262 25 1287 44 1016
699 -0.93620066627872423 1.7613038356491062 1.3236919310810666 127 113 36 0.37145574674812032 98 1212 99 1129 45 1325
3842 0.036867309544266147 0.39790270851506848 2.1886307490950698 246 228 187 0.3357324449559892 78 1158 25 1168
701 0.83933453829003857 2.083282342809468 2.2802258452272821 231 217 179 0.78854637369838965 98 1243 99 1155 56 1162 36 846 91 1042 87 931 83 409
702 -0.56558517740855496 2.2653002066221015 1.3684223303348073 48 46 49 0.24236677422671704 98 1250 99 1158 29 1057 56 1294 36 1046
703 -1.1555361001771092 2.3503630110070524 2.1635264954890112 69 44 29 0.37692176899401825 32 1043 99 1162 45 1353 36 989 29 995 64 1143 6 1000 58 1024 21 1003 30 909 52 658 46 752 77 836 2 844 67 928
1804 0.017953084379685617 2.0176399730135035 1.4882255965596487 0 0 0 0.29516328493028338 45 256 98 279 11 205
705 -1.206157105788543 2.4234872405918262 2.1173696062437664 215 201 163 0.30428034013582295 98 1341 99 1170 45 1491 29 841 36 858
1878 -0.48897679266980276 2.70669535256553 1.4040613797488259 2 3 4 0.12910607497923798 89 229 95 165 41 192
2087 0.73655175447348686 2.3034201391823381 2.0208857537462226 232 213 171 0.039836247017243413 89 1145 95 1026 41 1041
706 -0.49391641075123038 2.4201972122782069 1.3606231984735422 28 31 37 0.17095612138880423 98 1261 99 1173 56 1240
1363 0.36673889502423623 2.3439834627710057 0.54634667268781123 41 33 25 1.6261903895627385 97 698 84 695
707 0.45737225753355443 2.5092229711433802 1.5874894188093189 54 37 30 0.35848773909200404 98 1348 99 1181 91 942 56 846
3415 -0.065817961198017499 1.4626169631185841 1.8205151475688202 134 94 22 0.20762122316145426 88 452 72 324 43 292
710 -0.84210035368300673 2.6675602034346122 1.6264084071151876 80 83 76 0.49047984256816701 32 1066 98 1277 99 1194 45 1391 56 1177 16 1364 76 686
2084 0.7658930176171771 2.2450261140787777 2.0955691021239717 234 215 173 0.058314050993653166 89 1141 95 1016 41 1036
711 -0.51183005086772704 2.6642716149175669 1.395833648225135 45 54 76 1.0550147134815435 16 1376 99 1197 45 1398 56 1299 29 1126 91 1181 97 1280 84 1234 87 1248 48 1555 11 1538 83 769 7 1024 51 1095 26 663 82 616 50 633 65 617
1876 0.17167343219685247 1.7885109254862206 1.4005056221553329 49 59 83 0.055131854490669929 89 192 95 142 41 166
713 -0.17719177217967985 2.8542731069438778 1.2738951333713819 87 87 82 1.1755782063715525 16 1393 99 1212 84 1121 11 1555 87 1258 51 1117
1886 0.29537948073201276 2.1005346353799927 1.930401676321994 114 89 24 0.15940719162225883 89 666 95 196 41 236
714 0.65188913363169088 1.2565047923105568 1.3577026145154085 136 119 39 0.38331534609099616 98 1314 99 1226 56 1093 29 925 36 926 91 984 97 770 84 524 76 693 52 676 46 697 2 805
1371 -0.099301218218065687 1.5454290476560013 1.8280504867481431 33 33 40 0.21715569280720759 97 800 84 772 48 1006 12 616
2088 0.91315533081274891 2.1557398249552118 2.24128016507695 234 216 175 0.065053892085079792 89 1149 95 1030 41 1046
3922 -0.92975113229530104 2.3570327720706215 2.164825326559376 215 197 155 0.37489165148202058 25 1265 78 1244 44 1092 100 1089 79 1119 53 910 66 1075
717 -0.60877807957775243 2.2604376159081467 1.3058990181601131 101 87 24 0.61421478641224236 98 1340 99 1256 36 1103
2083 0.7658930176171771 2.2450261140787777 2.0955691021239717 234 215 173 0.058314050993653166 89 1140 95 1015 41 1035
719 -0.42642827133829342 2.5564947907482805 1.3561377563831563 54 62 84 0.37358943460076566 98 1351 99 1261 29 1072 56 1253 36 1051 91 1126 97 1210 84 1174 87 1243 7 951 3 800
1884 0.85346351151073285 1.6760471144439368 3.0119623948700327 111 107 96 0.22256039135858519 89 248 95 192 41 242
721 -1.0131909020429453 2.7002058637873612 1.5855481433544414 116 117 109 0.87997138238658412 16 1455 99 1313 45 1548 56 1176 29 1015 36 1062 91 1057 59 1479 64 1315 63 1051 85 1077 33 1131 6 1173 54 1161 42 1027 58 1190 78 1168 25 1182
1958 -0.48605240143555761 2.8832717191267099 1.2533110938494731 56 44 44 0.27094150638340492 89 674 95 580 41 576 22 76 93 100 18 159 23 225
723 0.11385803142987429 1.6740107307504295 1.4502028170970289 189 165 63 0.49543967384052207 16 1526 98 1420 99 1325
725 -0.48929011559511937 2.814496480137112 1.3203700799481537 98 106 104 1.36648589030599 98 1435 99 1347 45 1581 56 1335 29 1129 56 1301 36 1113 91 1209 59 1543 12 1320 12 1362 64 1321 89 1387 95 1256 41 1266 27 1108 63 1139 22 1154 55 1053 13 1055 85 1013 6 1171 33 1060 80 960 58 1153 30 963 46 757 76 687 77 885 2 910 70 552 57 591
6187 0.34830962124638426 1.5193513929849378 1.6401287798525459 192 133 35 0.082874118627477497 17 411 74 383 35 310
3495 0.77768284834856127 1.0818159435797607 1.9045853295137463 255 234 76 0.26740454590278279 34 601 79 429
726 0.023599645878590321 1.4247129819689919 1.858260884810079 0 0 0 1.0538785025421697 16 1560 98 1457 99 1350 45 1613 56 1349 29 1154 36 1148 91 1230
2100 1.1906253928854353 1.9973916643080014 2.4120115103785742 235 219 180 0.23854218052699921 89 1186 95 1064 41 1079 22 999 13 925
1077 0.059741919927451093 2.3801110144249975 1.6613679247286439 78 68 17 0.16264324505113517 29 1003 36 1000 91 1053 84 1078
1956 -0.0067771705656398482 2.3223303927996084 1.5240968000921837 4 4 4 0.16366382852160188 89 663 95 575 41 578
729 0.20945956405765823 1.2270538268055813 1.6069029922971241 0 0 0 1.4167800852696975 99 1365 36 1147 29 1132
1966 0.53404986556031564 2.0763019934196896 1.986351641818046 217 197 159 0.33532274125573425 12 744 95 612 41 623
6207 -0.89646258389824429 1.9750262841517952 1.564381739574022 153 91 25 0.16873631960669244 17 503 74 455 35 634
730 0.16110272635605707 1.3915449888867744 1.799470040174431 120 88 19 1.1835544856041635 98 1456 99 1366 29 1166 36 1158
1451 0.7713692336427026 1.710260129341042 2.9786359016802235 227 210 170 0.23828214998667696 97 847 84 811 83 322
2104 0.99826238625505526 3.0643188862062618 3.5227761610867603 235 218 180 0.45457871802328748 89 1225 95 1089 41 1103
4008 -0.79321208547571476 1.7840600916830662 1.4936989042201299 3 2 4 0.31699803750521083 30 92 46 60
3129 0.81315877090188382 2.4529718694088416 1.6758154301683053 0 0 0 1.5325158891392636 55 961 54 908 21 956
731 -1.0602979893906312 1.8667008508090652 1.5021557942366026 0 0 0 0.88320630449286774 98 1485 99 1399 29 1190 36 1185
4002 0.66374949960969742 1.1955553701745008 1.3267750574895731 140 121 36 0.3136491849509892 29 920 36 920 30 747 98 1312 32 1096 16 1403 99 1225 45 1431 56 1091 91 982 76 607 52 585 46 621 77 704 2 724
733 0.61644435408502518 1.1901625661087578 1.3787478870694767 133 118 33 0.24576548353491981 98 623 99 40 45 26 56 27 29 27 36 32 91 15
2099 0.92063821862935147 2.2399002342078664 2.1058671227271093 235 218 176 0.069221908261155499 89 1180 95 1057 41 1070
734 0.84510337633858224 1.3074044552439414 1.4413127578486997 96 77 18 0.21651957138177877 32 13 99 640 45 34
735 0.013035816658744901 1.7886339477802122 1.6778013281982418 136 97 19 0.27178535517850516 16 161 45 122 64 147
1964 0.35085653678851575 2.1286203223614875 1.9404646595319919 122 92 22 0.19667140459178897 89 681 95 598 41 611
737 1.1318296311369602 1.8957389380703122 2.5557635017707514 131 122 100 0.13631629677250812 98 250 45 147 56 202 91 153
1910 -0.66849992274879777 2.0328708110250076 1.2370374639374919 105 55 5 0.086202756133338651 89 502 95 367 41 389
738 -0.10471757995734052 1.8653739412948416 1.5739226250279168 146 104 25 0.24832733083027106 32 99 45 169 59 202 64 227 27 130 63 155 55 230
1395 1.1235905906479351 1.2169478861968792 1.5475157660510477 0 0 0 0.10852005327199872 97 1180 84 1006
739 -0.10471757995734052 1.8653739412948416 1.5739226250279168 146 104 25 0.24832733083027106 32 100 45 170 59 203 64 228 27 131 63 156 55 231
3447 0.12624041142125594 1.8032261514462569 1.6218588356455019 210 176 55 1.9259398865842157 88 870 72 898 5 1000 34 1011
742 -0.46201383338272761 1.9538045699023581 1.0456360876719364 255 215 56 3.3017706665112789 16 253 45 240
745 -0.853972327517872 2.0947426701062795 1.5110864082876534 221 178 48 0.32473175182429515 16 280 32 236 45 304 64 969 6 831 80 955 54 1009 8 1008 58 797 21 807
1918 0.47196761245941454 1.0819781646503372 1.9852011342405087 201 114 16 0.033917718229483189 89 508 95 381 41 413
3960 -1.0548511399803873 2.3683012923390097 2.1454025840178592 49 33 22 0.31420203109057038 32 653 30 492 52 183 46 188 77 458 2 480 37 274
747 -0.37116834449433184 2.1161749226074282 1.2674110538729106 140 110 28 0.21121685459937128 32 220 45 336 59 372 64 361
3954 -0.69363984807781809 1.740543473115711 1.0771309524191575 116 87 17 0.26009252852963721 32 828 30 407 46 40 77 363 2 396
749 0.80108795458586912 2.3945637282265775 1.7880611381966405 23 13 10 0.21612321001535181 32 253 45 413 59 500 12 526 64 682 95 318 27 334 63 328 55 249 13 270 85 191 6 175 33 125 80 116 54 99 8 118 42 91 58 141 88 122 72 173 21 101 30 196 77 134 2 143
750 0.44491719083866965 2.4069116461694944 1.7905021938875092 5 5 8 0.11787550112254912 16 465 45 418 30 202 77 140 2 153
751 -1.077150367356722 2.5454833076213017 1.8811514127884983 85 83 73 0.32827850758891536 16 474 45 453 64 408
1916 0.47562030968966917 1.0673364389938584 2.0056219793681347 255 223 60 0.10834942814577919 89 69 95 379 41 409 22 352 93 375
753 0.14403931595733019 2.6513762098772573 1.5109033838974397 87 97 97 0.28388332223533586 16 543 45 487 56 546 97 528 27 353 85 257 6 575 80 192 88 199 72 97 21 215 92 70
1862 0.51833825501662112 1.0880087350872338 1.9765668405473591 187 105 13 0.089363229845180192 89 84 95 71 41 82
1347 0.27146553066998569 1.9857832238205897 1.5814566152097762 17 20 32 0.048783150380575735 97 636 84 609 87 124
755 -0.1685717070720627 2.6991785954570027 1.4827773263077981 67 77 78 0.11781880594653721 16 552 45 494 48 661
757 -0.38572053826516184 2.7457775857847233 1.4573591636137935 3 4 8 0.1095009429171141 16 556 45 507 64 441
3399 -0.68080220173225514 1.6576335283238339 1.1761319798912795 175 131 41 0.18961203290456846 42 481 72 7 43 2 92 3
758 -0.40817102358565771 2.6866690953400241 1.2458607496827172 1 2 4 1.5655516256719961 16 557 45 509 48 651 11 537
759 0.59155471308449581 1.0136003675786318 1.4116142275980779 121 96 19 0.07996888268593029 98 603 45 542
1860 -0.63732156830849551 2.2143684383684912 1.3413014640462388 238 181 45 0.089990170787563703 89 109 95 65 41 72
761 0.61054710801772727 1.1136619530487311 1.3912404859463547 107 85 18 0.20651220613509941 16 607 45 555 36 19 29 18 64 810
1870 -0.26935647914279232 2.7589843903985938 4.5366660131144041 192 110 18 0.89022224088469792 89 186 95 117 41 145
762 0.49114026480597667 1.1441385241171191 1.3869393424865772 27 27 31 0.50555779138008672 98 620 45 558 29 497 36 507 91 7
1355 0.66893377106340191 1.8439409973876453 2.7541176669264895 231 216 179 0.41880272945427355 97 645 84 624 87 892 48 1066 11 1084 83 331 26 282 50 125
3912 -0.11858176979791622 1.4854566076718272 1.7613769928426746 159 129 45 0.20329003120511505 25 1159 78 1149 44 1006
763 0.30140785032964645 1.2487144110955124 1.8346284174633278 158 131 50 0.14689844907159419 32 427 45 572 30 27 52 41 46 32 77 33 2 23
765 -0.62237669941901397 1.6840693933882118 1.1324679315661192 169 128 30 0.11610924440881848 16 670 45 654 56 46
766 -0.21133104841070011 1.797389710843063 1.5958405209967828 5 4 6 0.81144816799532393 16 694 45 712 91 816
768 0.92967796891198162 1.9892778886503582 2.4127533082438202 233 218 180 0.21679503055728819 16 782 32 131 45 757 56 723 91 176
771 -0.10754324749698284 1.9387933207257566 1.4422652152805726 72 43 4 0.8231420700128611 16 233 45 773 48 250
1202 -0.5864101192979736 2.356642056990085 1.3858299735220967 26 17 9 0.24192938564270805 91 173 97 112 84 111 48 423
772 1.0681683145672685 2.0526427550392881 2.3694276875336251 231 217 180 0.022168780162980489 16 806 45 778
1719 0.50689836015451728 2.2297902850641145 1.7484263131079802 214 196 157 1.4567209534571506 59 1362 12 944 85 676 6 496
774 1.0021870654375846 2.0756208213438909 2.3275527757646213 234 218 181 0.15700529466153193 32 160 98 760 45 787
1713 0.4587874591188178 2.512767594379036 1.7345490571989657 191 176 141 0.39574610553358824 59 515 12 785 64 356 89 393 95 281 41 320 27 568 63 577 22 519 55 496 13 450 93 247 85 473 6 535 21 156
3254 0.36850277305307427 0.95460353313705426 1.6119906056419699 191 204 234 0.18041814419805779 85 923 42 934 25 1132 78 1199
775 1.1015362890039166 2.0827829226506105 2.3080943830469596 232 217 181 0.063211545758700305 16 821 45 794
3771 0.32805123200813718 2.6135283970660099 1.5186542539830989 54 42 44 0.41805466412378101 8 961 34 626 92 734 85 870 80 912 54 942
776 -0.25496974655704563 2.0649973929532144 1.3546844317029463 144 106 23 0.6922769041742961 32 550 45 832 97 616 84 592 11 798 89 156 95 102 41 120 27 704 63 729 22 50
778 1.052104154481305 2.3398896677406178 1.8472861694016198 107 77 66 0.25135207380227192 32 234 45 861
779 -0.77828801945425141 2.342518626240353 1.373224686234302 53 53 54 0.69427154680609116 98 426 99 795 45 889
1210 -0.40028261304154478 2.5866348929938807 1.4055943234697961 22 25 36 0.08507812464069181 56 472 97 299 48 605
1727 -0.13650142694570089 2.2046890978410287 1.4537612441108769 105 97 28 0.35342376983616125 59 1471 12 1054 89 1034 95 906 41 936
782 -0.52274072838275087 2.7212277439563564 1.2620247273077458 2 3 4 1.8102974247573693 16 559 32 374 45 973
1721 1.1473407700076419 2.3254710440403978 1.8722366108813233 44 33 32 0.56143559813209543 59 1185 12 956 89 953 95 652 27 573 63 568 13 284
783 -0.60485366714772759 2.8058930936042059 1.3997233914022769 71 77 73 0.22406660048568344 16 948 45 985 56 561 99 580 91 480
784 -0.76546214085056852 2.8658214735444028 1.3215186919185935 124 126 119 0.068059062136231724 16 965 45 997
787 0.63141725080663369 2.1025639138045547 2.2942366629981299 233 216 177 0.60556946484869378 16 1061 45 1092 29 618 97 878 91 860 84 846 87 921 48 1341 11 1374 59 1290 12 1032 89 1070 93 858 69 646 40 517
788 -0.10218092710336892 2.0658412313960248 1.4195922137092172 130 143 174 0.5640772832510399 98 747 45 1113 91 618 97 631 87 623 11 807 59 1163 12 930 64 950 55 677 63 726 85 709 88 623 42 439 72 596 34 125 5 71 43 505 92 539 30 436
1671 0.86994713643763077 1.10107072057959 1.9171081449030896 0 0 0 0.78223950689230648 48 1576 59 1501 12 1331 27 1149 63 1177 55 1092 85 1116 42 1116 34 1197 5 1140 78 1254 25 1278
790 0.4936531797116111 2.230807674304577 1.6548682301765694 7 6 7 0.82222980178814931 98 827 45 1172 36 853 12 946
1665 0.031791563681207863 2.6900753251624554 1.486244589304079 84 94 94 0.20071629423676648 32 913 59 1405 12 1153 89 903 95 798 41 796 27 950 63 962 22 639 55 852 13 572 93 442 85 878 6 816 6 991 33 762 80 739 58 780 72 609 21 808 43 514 92 547 18 204 69 307 23 263
3206 -0.81295720456026366 2.4497866672586066 1.5364438302583681 58 61 56 1.9990018804496184 54 1211 8 1225 58 1236 47 1166
791 0.45564849662914414 2.2642242430465274 1.6893624995110406 2 3 3 1.244360611927001 99 1011 45 1178 29 840 36 855 59 900 89 718 95 628 41 635
3723 -0.14700706416780074 2.0691575706455736 1.3834137707052363 162 174 202 0.8287975492667774 98 746 32 548 16 1062 99 268 45 1119 56 701 29 119 36 137 91 615 97 842 84 806 87 1112 11 1333 48 1530 59 1462 12 1235 64 1242 89 1288 95 1166 41 1181 22 1056 13 1059 93 1049 83 513 43 843 88 882 72 889 92 916 51 1080 7 929 18 1195 3 782 50 379 65 408
792 0.80643383864038287 2.3632564415960742 1.9043040266075157 225 209 172 0.55747502115141134 16 1156 45 1188 59 1383 12 1137 89 1189 95 1066 41 1076 22 940
794 -0.8092089554517774 2.6697472920765026 1.6163574921800392 66 70 64 0.12573721850329103 32 923 45 1241 30 696 77 663 2 696
1162 0.15127794181069998 2.0054299502275073 1.5528206002764666 12 11 13 0.23648548975820055 56 1147 91 1026 76 642 52 708
796 -0.015165247117763439 1.2739802622173337 1.8619089699220956 120 130 160 0.17358266631816902 98 1188 45 1299 56 1094 29 932 91 988 76 492
1679 -0.76354602943268179 1.7424538443741517 1.0663295056523683 254 233 76 0.41816398925576354 98 661 32 69 16 681 45 700 56 640 59 810 48 757 11 52 89 14 95 9 22 0
799 0.16049373580193671 1.7121337598363402 1.4286836522157966 87 82 24 0.95564033595909303 32 990 45 1321 59 1270 12 894 48 794 64 883 95 740 27 677 63 683 55 476 88 459 72 336 30 615 46 528 77 578
800 1.0238509162338203 2.4604654043449252 1.7814961032183125 0 0 0 0.61356244926869064 32 1031 98 1347 45 1365
802 0.030856601788966889 2.6869256699396842 1.4845532954649163 84 93 94 0.29412871596944823 16 1381 45 1395 87 1037 48 1460 11 1451 59 1404 45 1247 12 1152 89 904 27 949 63 961 55 851 85 877 6 990 33 761 6 815 80 738 58 779 88 624 72 610 43 513 92 546
2502 -0.15978637808928417 4.1666941823551156 4.9481908506750019 108 99 80 1.3363070670689274 89 369 13 268
804 0.39127663665448781 0.7113025367555883 1.8093832730491166 0 0 0 1.6003926439934846 32 1088 45 1425 56 1081 29 1022 36 1015 91 971
1623 -0.81353389870112003 1.5817477897309298 1.3116244527294325 167 129 32 0.094839073171468072 48 43 59 66 64 186
806 -0.70690574876372414 1.4960383984046104 1.2053214400758427 0 0 0 2.3374820199686024 16 1410 45 1443 48 1487 11 1258 18 1003
1472 -0.087707145125235184 2.7519876463203343 1.3252014036797353 72 51 40 0.15906266898824745 91 518 87 516 11 928
1617 -0.70035943343618423 2.0085295299712893 1.1563761287580403 104 91 27 0.61312102855446549 87 1345 11 1645 83 867 50 668 65 706
3158 -0.88789528409477925 1.6462941477017279 1.3415801381717514 255 233 72 0.38072554152413102 80 1154 54 1184 8 1184
807 -0.43320258328731776 2.0021125475365142 1.4391901709313999 254 217 57 0.96961787470586425 32 1011 45 1473 59 1294
3675 0.088093157714403333 2.6502027465370115 1.4501070740316031 34 28 33 1.4867117608527263 55 855 85 876 6 988 72 756 21 1078 33 938 80 931 43 670
2506 0.37394684169372383 1.0370732938037444 1.9530702083620863 255 234 65 0.084665935155459449 22 332 13 361 93 348
808 1.4643496233407223 2.1675797166850876 2.1173243167021707 244 228 191 1.1934076483903313 16 1330 45 1482 91 1056 56 1246 97 1216 84 1186 87 1199 48 1556 11 1565 59 1470 12 1259 89 1397 95 1214 41 1284 27 1036 63 1049 22 1188 22 1222 55 905 13 1107 83 629 83 784 85 607 6 418 33 635 54 344 72 840 43 965 92 962 7 1079 18 1303 51 1297 100 1087 79 1037 90 975
810 -0.33345579078151416 2.962884080998204 1.2409061659671379 0 0 0 0.87143364463785344 32 1165 45 1510 59 1495 13 717
811 1.0777100939464537 1.3480213661724509 1.5706931087176801 0 0 0 1.5893553672541298 16 1519 45 1520 56 1311 29 1136 91 1192 84 1268 87 1346 46 635 77 568
1114 0.49183331129206787 1.8135565960052817 2.7929773736473766 47 28 17 0.33457195182451704 56 113 91 108 84 99 11 814
6613 0.006799824187567566 1.9358243831707713 2.6701723153771946 233 216 178 0.21954952700568361 40 256 96 192
812 0.378654049349753 2.218618092449927 1.6839264708322121 41 48 66 1.2656362319084133 32 1024 98 1399 45 1539 56 1238 91 1117 97 1277 84 1230 30 794 46 669
1631 0.4269449029397287 2.4248797589736579 1.7886745363859748 3 3 3 0.16936387077515858 48 618 59 476 27 299
6606 -1.1182698802182887 2.7012125880258644 1.8054068326190467 0 0 0 0.218838955957319 57 617 1 813
814 -1.3076310505909929 2.532094047892798 1.965060284247403 0 0 0 2.0994967256159294 99 1359 45 1578 85 1108 42 1115 5 1154 88 1025 44 1129
1480 1.1220431263692765 1.2464766467795811 1.6157275546357555 253 232 77 0.62007318602569361 84 1012 87 828 48 1290 11 1522 12 1000 64 1068 27 827 85 782 78 947
1625 -0.59323380459238795 1.6353560304284973 1.2133792634650158 165 111 28 0.21212255025284316 48 84 59 100 12 143 55 262 6 234 33 220 58 178 21 80
815 -0.34905559366685174 2.0449587198207393 1.3725565866395537 84 68 14 0.87717109703037632 32 1233 45 1598 59 1583 12 1352 89 1413 27 1158 63 1187 30 956
816 0.51165451108716009 2.5266678702404648 1.6292638914029667 75 51 39 0.92636836670895817 99 1361 45 1603 30 1006 46 820 77 917
6610 0.30855982418209443 0.96414229244247818 1.9311351891653141 153 88 12 0.10325121352571888 23 131 96 83 75 81
3757 0.39305622106733012 1.0013342880222016 1.5494643200071838 15 16 17 0.61559362207123525 43 949 92 1014 44 989 90 945 28 818
818 -0.25372777206819502 1.9794220798235496 1.4295840027341773 120 98 22 0.72952701961061606 98 706 16 775 99 706 45 241 98 254 99 200 56 94 29 104 36 578 59 857
2525 0.43920324823685924 2.5612176453660784 1.5553159719415468 77 64 56 0.4207610114189852 55 839 13 747 85 865 6 972 33 1023 80 905 54 935 42 824 58 964 88 766 34 880 43 685 92 739
2518 -0.51899781164442194 1.5875096504098865 1.2746855368250611 255 244 65 0.11342248447561162 22 753 13 680 93 508 43 643 92 695
820 -0.8249784996878734 2.6334775066935756 1.6586636994587018 109 110 99 0.46904955951216004 32 1063 99 1188 45 1386 98 1273 16 1454 30 824 46 687
822 0.35300563245868544 0.72830901277730187 1.836243409800516 244 213 68 0.47306872965910785 16 0 45 0 56 0 64 466
1488 1.390133894608317 2.1022789303753902 2.2310837304898739 237 220 184 0.39270281127661527 97 1126 87 1186 11 1473
1697 0.52273356890392031 2.4118004153097434 1.6546402430077145 203 185 148 1.7614535829237312 59 508 12 515 64 699
3755 -0.25668380929751644 2.3952623215361433 1.3934991845490128 12 18 28 0.13852436501708498 43 978 92 982
824 0.84134145510857417 1.6989134197972302 2.9384848878090346 234 220 184 0.18893598218713228 99 171 56 92 91 104
826 -0.45225544325073946 2.0681028055988224 1.3979653681654367 181 187 207 0.2999274165059293 16 802 56 118 97 74 87 611 48 1103 11 791 51 533
827 0.66204767699066069 1.8497674978452152 2.7242848623708014 236 220 183 0.24745070533367397 98 207 56 136
1194 -0.4296476713055607 2.5340193497640597 1.3476086870877566 55 66 93 0.33112128746512987 29 868 36 878 91 887 98 1122 16 1188 99 1061 56 1034 97 902 84 860 83 545 76 574 52 556 7 520 3 430
828 0.66204767699066069 1.8497674978452152 2.7242848623708014 236 220 183 0.24745070533367397 98 208 56 137
1711 1.0959648089607004 1.2525735861017875 1.6493328326071897 156 109 31 0.30318992384637333 48 111 12 702 63 497
830 -0.19005774304024492 2.276504607002142 0.96248866850888193 77 67 16 1.0350706040356799 99 369 56 258
1496 -0.65037172721472447 1.4665088665284891 1.3646281585078384 0 0 0 0.50010512434122512 97 1173 87 1280
1705 0.70263626712097005 1.1818823847274535 3.0958417525029884 170 115 29 2.7487118955533347 11 102 12 572
831 -0.43698899219354109 2.3418724935307162 1.3363417637021056 7 6 2 0.66182575873077654 56 271 91 182 84 117 48 453
832 0.64473469613239298 2.1828844245521926 2.2318955153464639 111 98 74 0.17785869011607386 45 288 56 283 48 454 11 504 59 296 12 308 64 194
834 0.13179551119454008 2.3717994925497612 1.609293046146131 6 5 5 0.040581678182709996 99 428 56 387 29 289 36 292 97 226 87 235
835 -0.40301716238857055 2.525584185816494 1.3681818444521048 19 23 36 0.130638114053166 98 530 56 434 91 319 97 211 84 185
1266 1.3111375570078077 2.315826137178433 1.0621324948648545 0 0 0 2.1581583363579893 91 1136 97 1227
836 1.0495000049877525 2.3207385439923511 1.8801693466508487 32 19 16 0.31500086985003045 16 429 56 451 48 648 11 947 59 469 18 664
1783 -0.58668015874918045 2.9616004743256501 1.1261613344129591 107 73 57 0.82443303972094317 12 1271 64 1271 27 956 22 578 13 705 85 908 63 776 6 1014 80 974 54 1029 8 1031 42 1012 58 1028 88 812 72 869 34 921 5 855 21 1019 92 685 47 963
838 -0.33818988739973471 2.5669952307868158 1.4287847221602297 21 27 41 0.23535540638156491 99 524 56 468 29 359 36 369 91 368 97 301 84 257 87 234 11 467 82 268 50 106 65 133
3318 -1.1235187511814109 2.5868813128146226 1.816763868005167 189 179 152 0.066336576020932556 8 880 58 889 21 892
839 -0.90764590620334795 2.7426988914784332 1.5461195861377426 118 120 113 0.10073824817907449 45 963 56 497
840 0.40077493986493123 2.5848246817375764 1.5584562895211902 22 16 14 0.35425067876827543 98 546 56 535 29 722 36 718 91 474 97 535 84 497 82 165
842 -0.15077309051751184 2.7688749621611612 1.2775153493702718 35 24 21 0.3765390855140579 99 578 56 583 29 730 36 729 91 752 97 543 84 503 87 509 83 429 97 751 51 238 7 596 3 478 26 348 50 311
843 -0.61743523522562505 2.8982351492766636 1.2608227729188171 94 98 90 0.19441078573127055 98 594 56 593 29 479 36 487 91 529 97 538 87 434
1274 -0.60998751675732299 2.480176573718504 1.3937010810396107 17 19 20 0.73190909536551663 91 1224 97 1321 84 1275
844 0.84836163906833106 1.308740341800088 1.4386829797106604 97 76 17 0.36617421946958811 98 635 56 628 29 515 36 523 91 559 84 23 97 24 87 46
1791 -0.48349987776156483 2.5980094537057448 1.2862921406762611 1 1 1 0.97473855103359297 12 777 89 208 18 133
847 -0.65639550669128854 2.2158269460094107 1.2211178559612845 108 99 30 0.42241463335261364 16 851 99 745 56 707 29 588 36 601 97 625 84 597 11 171 30 452 76 368 52 376 46 388 2 132
3789 0.79528758933135535 1.248101378676824 1.5088503342730064 154 134 43 1.8017743440543408 42 767 78 675 25 661
850 -0.39439358021252707 2.8849736474635908 1.2081585297047239 120 81 58 0.15622910595404124 99 917 56 881 29 742 36 744 87 518 97 546 11 667
1059 0.2499014264724162 0.78128802637643335 1.8737807992483706 0 0 0 0.56222208748452474 56 1197 99 1102 36 917 91 1075
851 -0.6743723111533978 1.642525233041698 1.2011238575829519 185 142 56 0.39458494567727193 16 1421 56 912 91 790
1218 0.98707925027366628 2.3619130594212621 1.8057196473303958 108 78 67 0.052251666098469478 91 426 97 503 84 477
3111 0.069580929654807777 1.9362588350638554 2.6838504631796707 227 212 174 0.33728428617926215 80 449 54 753 8 490 42 682 88 585 72 622 34 810 5 812 92 609 78 921 25 907 44 933 100 816 90 747 40 354 69 327
1729 0.60527022391544705 2.2607605020701551 2.100484180688913 227 209 166 0.058329503697454467 59 1335 12 1070 27 875
3270 -0.9438655685992523 2.779260353152984 1.497059051365591 115 117 110 1.3903817917527799 33 1132 54 1160 97 1214 84 1079 87 1143 48 1551 98 1406 32 1255 16 1509 56 1300 29 1128 36 1112 91 1183 11 1355 59 1481 64 1319 85 1021 42 1025 36 1154 76 809
855 -1.2133217687547551 2.4846501265174088 2.0076662179525604 231 216 178 0.1844064179946292 98 1088 56 994 29 851
858 1.0092845237950001 2.3362022380434495 1.8430151618367498 29 19 16 0.29106614190809199 32 856 56 1038 29 864 36 872 91 922 97 1018 30 454 7 869
1067 -0.68097112725851017 1.8261965968982636 1.0866666888622645 105 93 27 0.5047405933976632 29 957 36 951 91 1093
3624 -1.1546968617210456 2.4688157664542238 2.0170548635308134 229 214 177 0.52440770528066227 6 1007 85 893 33 979 80 978 54 1038 54 1112 8 1042 42 912 34 988 5 970 88 805 72 716 78 1104 25 1106 44 879 100 663 79 749 53 342 73 376 60 958 15 1028
859 0.64648640153998005 0.98914834979510136 1.2704267516545855 0 0 0 0.26375226981529498 16 1400 56 1082
1226 0.14305438889738745 1.9353561884153914 1.6110253348813446 49 25 1 0.099496091621771907 91 836 97 617 84 596
862 -0.40510234587143856 1.6398826644965134 1.1791203489155204 173 125 23 0.25952769467804626 98 1009 56 1102 91 995
1737 0.30118816096032869 0.9131431958394497 1.6838445825365285 192 203 228 0.24223733412531301 59 1220 12 1175 27 1049 63 1075 55 997
863 -0.13386517085057373 1.8689743618049917 1.570480328887857 222 178 54 0.26419492548999518 16 1437 56 1136 29 973 91 1016 97 1087 84 1038 87 1099 48 1523 11 1312 59 1522 12 1306 64 1337 89 1368 95 1240 41 1249 83 264
1580 0.32088899058929715 2.0684844868616938 1.92186264137913 70 42 5 0.14825051247015317 48 852 87 665 11 828
864 1.207539866211738 1.8466433654255203 2.6310792903842137 0 0 0 1.0269909414520657 45 1459 56 1155 29 987 91 1038
867 0.56692535362040375 1.0388931442474048 1.4609510777685877 151 131 41 0.55731733261684724 99 1223 56 1198 91 1077 97 1169 84 1130
1170 -0.13319606748133506 1.9363872492605858 1.5132252556697476 144 101 19 1.6411846303357815 56 1229 91 1103 97 1192 84 1043 87 1232 11 1527 99 1246 12 1314 64 1297 89 1374 95 1245 41 1254 27 1092 63 1109 55 1035 88 972 72 978
868 -0.36442233872214747 1.5609552166810623 1.3176027739625176 255 241 82 0.41271098710699022 16 1481 56 1211 91 992
1687 -0.17059394664966132 1.9851752969670473 1.3756981958546002 31 37 49 0.14824837423965526 59 870 12 268 89 158 95 104
870 -0.444606484975203 2.6799639631998389 1.4610577478693765 44 51 68 0.86297458255984894 16 1457 56 1259 29 1127 91 1182 84 1181 11 1543 76 586 52 666
1681 -0.51981568857220195 2.8874494683573708 1.2476102161537777 144 144 129 0.29051785116446155 87 743 48 962 11 900 59 1214 98 1161 32 954 16 1226 99 1098 45 1273 56 1076 97 750 91 532 84 745 12 797 64 1046 89 668 95 568 41 565 27 763 63 770 22 73 55 698 93 372 85 765 6 881 33 814 80 787 54 828 8 837 58 845 88 654 72 292 21 877 43 488 92 514 47 597 67 803 51 196 18 157 69 102
3222 0.016777293314339626 1.8099040084613338 2.416353057332425 22 22 21 1.5582403691396296 8 166 42 435 34 1057 44 1034
871 0.62816064379449343 2.5470307500741187 1.587604702743876 87 86 81 1.4584083524141538 45 1378 48 1471 46 681 77 750 18 1090
3739 0.052634853612791237 1.743618328403804 1.6705504244849205 145 104 20 1.2924070774301546 43 523 92 565 44 364
872 -0.8436833170117396 2.8694393510065006 1.3389722633795511 140 142 135 0.60131162942252236 45 1550 56 1264 91 1137 12 1317 33 1134
874 -0.54887272669347686 2.9503852146097729 1.1505848653450483 88 60 46 0.55439128369627788 98 1365 56 1273 29 1088 36 1070 91 1150 97 1163 84 1199 87 1192 82 576
875 -0.6112011791861538 2.9717664013774066 1.1266522995176946 75 51 41 0.49058223252978334 98 1366 56 1274 29 1090 36 1071 91 1151 97 1231 84 1117 82 579
1178 1.1224873587704647 2.3967776284932487 1.8807926554325589 85 85 79 1.0173718036728352 29 1011 91 1135 84 1197 52 651
878 -0.35582804255789102 2.4659873910472676 1.3708240170158956 48 53 71 0.6280569287973764 99 1260 56 1297 29 1123 36 1134 91 1177 97 1278 84 1231 83 810 76 804 52 811 7 1022 3 923 26 679 82 635 65 664 50 624
1689 0.70577221291926395 2.1435274297320785 2.2306580180195641 242 223 182 0.091212506234296456 59 279 12 306 89 362
879 -0.90033886989609324 1.5551255102817607 1.321483612011549 0 0 0 1.4825551667789467 99 1323 56 1307 36 1079 91 1190 97 1287 84 1264 87 1309 30 866 2 816
883 -0.66340989266623251 1.4724599569874626 1.1994414002442684 0 0 0 1.055211561179934 99 1390 56 1363 91 1248 97 1349 84 1291 87 1374 51 1316 20 1051
884 1.2155313386406401 2.149410182900239 2.1554540661419077 168 154 126 1.4861837281054679 98 1486 56 1375 36 1186 46 845
1767 1.0898772379529618 1.2525341212911907 1.6289368515941083 173 122 30 0.0087318279528334174 45 30 64 479
886 -0.97931263101990818 2.6545390529203483 1.6354819685505462 126 125 114 0.25518970749632597 16 518 45 484 56 444 98 538 99 534 29 367 36 383 91 329 97 178 59 486
1761 0.2211109134475911 1.364056646979261 1.8485337485654885 148 122 33 0.27641622899005458 12 93 32 24 64 39 30 36 76 48 52 55 46 41 77 40
3302 -0.83190155850548919 1.740738813140785 1.0906626469538485 253 228 73 0.11525936177335636 54 813 80 756 58 764 21 770
887 0.90670476868674932 2.0573518302203122 2.3459388215526298 231 216 180 0.71120439687962267 98 1241 16 1317 32 1005 99 1154 45 1337 56 987 98 758 99 736 99 1000 29 834 36 845 91 861 84 857 87 932 59 1289 12 1036 64 1103 89 1125 95 1006 41 1210 22 1109 13 1023 93 1099 83 572 51 1131 7 837 18 1217 69 888 3 717 23 1118 26 454 82 273 81 645 40 717 96 892 75 883
3819 0.51613473077772187 1.104380518382851 1.36625599789166 73 73 77 0.51479530249973493 34 356 5 322 92 342 43 314 78 8 85 45 33 17 80 17 54 6 25 6 90 288 100 2
888 0.91686691111956842 1.3570315120601644 1.541089123194914 75 65 19 0.66597001564717251 98 1415 99 1320 45 1561 32 1104 56 1310 98 1374 99 1278 36 1120 29 1135 97 1290 84 1246 56 1283 87 1291 11 1587 83 794 30 938 7 1050 26 643 65 685
890 0.5194486191962413 1.4273069188492515 1.5281450967811072 80 91 117 0.29756555475987401 56 38 29 51 36 55 91 39 97 31 84 30 76 38 52 43
891 -0.74623962261148569 1.7882812346864951 1.0292575714940799 254 233 68 0.30918368449041389 56 644 29 62 36 74 91 578 97 573 84 544 87 567 48 1293 11 988
1258 1.2844319327087048 2.3372366075354574 1.9533389483748131 88 87 81 1.6662053795009972 45 858 97 1153 18 999 84 1111
894 -0.88008397102654345 1.9695871005261987 1.4752368895773724 128 95 19 0.31644894062775702 16 217 29 91 76 345 46 383 77 78 2 104
1769 0.39452691475349649 2.1335976603320415 1.6626924703845287 52 53 58 0.13631537557116108 12 759 59 371 27 559 63 543 55 487
895 0.046534462525846719 1.8513728378422465 1.7054252761652104 56 26 2 0.39163386981252746 56 83 29 95 36 104
897 -0.37447900612938734 2.0340562663956541 1.4543215492975092 105 84 21 0.13178513485585711 56 107 29 112 91 89 97 71 84 77 87 86 11 163
1558 0.45142355548136059 1.7027769469377649 2.8769951262127695 154 105 81 0.3571263089967211 48 140 11 175 51 178
1043 0.49334577800047957 2.468582704075398 1.7893181646470735 212 198 163 1.0526275894183472 29 709 36 703 91 930 97 1013 84 982 87 1182 7 841 51 716
898 0.62694726999858919 1.7984722417158887 2.8108522686526798 105 94 73 0.3745890961723819 98 186 29 123 36 144
899 0.42431232840654998 2.0025643574035454 1.973097510330984 77 80 95 0.065332943787932196 56 188 29 135 91 129
901 0.79690755431658244 2.0594719224601099 2.3384031675606227 114 106 85 0.093779426930737375 56 236 99 306 29 160
3095 -0.72178861703223984 1.6797546120422295 1.1623519570569694 166 136 44 0.22182398200808842 80 524 54 544 58 519
902 0.52342442931403044 2.208248122509624 1.7972701743340016 109 98 76 1.7045846180430773 56 281 29 191 97 676 91 656 84 679
905 0.40343692823103761 2.3018959516304114 1.7502413574720805 23 27 37 0.10641887185352507 56 357 29 253 84 237 87 263
1566 -0.54678280457959549 2.6252054258174007 1.2332010593863076 1 1 2 1.1469693475049298 11 441 12 947 89 848 95 1169 41 748 41 1183 27 576 63 373 22 572 43 10
1051 0.46021119523401238 2.2613880344850554 1.7473969263559561 3 2 3 0.18404909593000279 29 839 36 854
906 0.34171838557586848 2.3210379489444541 1.7271862873591233 24 30 42 0.1137619189469572 56 366 29 265 36 267 91 262 97 241 84 236 11 520
3608 -0.50197344443268588 2.2067972987892204 2.2825143005521027 41 41 38 0.16279847890596366 34 1144 5 1103 44 1095
907 0.4240273522729105 2.3051544475257986 1.7622550660498493 51 57 77 1.5672631078041914 56 374 29 266 36 268 97 694 84 691 76 142 30 182 46 109
3602 0.14133790090952805 1.7595804499988614 1.5606386043339819 203 176 61 0.7058255854481702 34 1109 5 1069 78 1259 25 1284
910 0.21867810666432813 2.3574667022328191 1.6687301541849378 20 26 38 0.1342643798063464 56 389 29 291 36 287 91 272 97 237 26 292 82 261
911 -0.38353325445977621 2.4788951614359602 1.3558786289338915 55 61 80 0.20645014031388528 56 404 29 320 36 322
1564 0.77005280805028575 1.7236126564075021 2.9084729240738101 239 224 187 0.21286648389055765 48 176 11 226 95 572
1638 -0.71863543580928368 1.6777855835604136 1.1647906851743624 172 135 43 0.1259021513656354 48 90 59 786
1123 1.1844735448937433 2.2522368367769374 1.9773598983688025 85 59 50 0.065887835535649072 56 418 91 375 97 472 84 455
915 -0.43236757020922684 2.6292507948863713 1.4138235026859267 27 32 45 0.2683574530269946 99 541 29 378 91 403 97 350 84 297 87 248
917 -0.15793837950858472 2.7286623436158868 1.3434583367813913 34 26 23 0.61390689752109051 56 852 98 1150 29 418 36 427 91 496 97 524 84 474 87 472
919 -0.27473299342688412 2.7938145121207203 1.2183286694838114 31 22 19 0.35249237020881347 56 588 29 453 36 456
1636 0.328295128865014 0.74568029641376321 1.8300890323181207 150 128 36 0.58258535829270197 48 0 59 661 27 596 12 800 55 708 88 690
921 -0.74180672333844266 2.9419546077314069 1.2054605500829996 94 95 86 0.16162126251222866 56 596 29 485 36 496 91 534 97 541
1646 -0.64500611304026667 1.6748182908904046 1.1737010831869685 255 230 83 0.53265484865161161 48 749 59 1041 89 765 27 655 64 913 55 678 85 728 6 795 33 760 80 728 54 787 8 519 42 716 58 737 88 650 72 553 18 390
922 0.46908986643061656 1.1764079494043229 1.3970914280225826 125 100 32 0.55867552498257056 56 898 29 499 36 511 91 12
1131 0.16634352541646358 1.7488428865129593 1.3945656305495511 91 109 146 0.18951115258011347 56 938 91 583 97 42 84 567
3688 0.55419619503876727 2.2740342635455795 1.6194058124087962 126 82 60 0.75494989091488129 88 596 43 543 92 584
923 0.51782996480999954 1.2096618382735878 1.5035147934073612 122 103 32 0.62235142597923321 56 901 29 505 36 518
2998 -0.76214043609619175 2.7605726917498896 1.4981975291889911 116 118 108 0.1391639776133686 33 819 80 799 54 835 8 854 58 858
1031 -0.49220563892635472 2.0264474224772915 1.4226115078444515 254 220 73 0.39328473078636617 29 805 36 581 91 828 97 1091 11 1309
926 0.37634548785845878 1.8161873492283418 1.8255045872873905 77 47 8 0.19289225725600406 56 671 29 567 36 575 84 591 97 610 87 621 11 804
927 0.36387762264654511 1.8800347765378225 1.8524596948065728 78 49 8 0.28470705575350302 56 685 29 573 36 584 91 607 97 841 48 835
1644 -0.56216028041186183 1.6441716193906708 1.1819522586450386 255 226 77 0.22623208769488409 48 747 59 1028 12 852
3805 0.67892365125504006 1.711443064691841 2.9391533770763481 228 214 178 0.49269460810747873 5 959 78 1068 25 1062 28 866 31 851 73 950 66 910 15 847 17 187 74 157 35 409
930 0.329028909547674 1.979717857961496 1.8795192772884117 111 91 23 0.16897213153308246 56 702 29 584 36 596 91 626 97 641 82 368
1075 0.065631428691360072 2.3300185550113652 1.6245368128911151 77 64 17 0.4736853572504508 29 999 36 994 91 1047 87 918 97 886
931 0.33263375943214951 2.00737342397708 1.8999734559043218 84 49 7 0.16497021004496856 56 704 29 586 36 597 91 630
1234 0.53091486992152925 1.1413594654558086 1.3396914931568418 11 8 8 0.1244378083725451 91 765 97 762 84 752 48 988
934 -0.18393051570042798 2.1871774583273127 1.4230449113369961 93 71 14 0.35474551409722249 99 741 29 596 97 648 84 620 7 87 83 61
1745 -0.1362290735218418 1.8698190571347144 1.5689432654017663 235 188 52 0.38247815818126812 59 1523 12 1307 64 1338 89 1369 95 1241 41 1250 27 1130 88 967 55 1033 72 975
3286 -0.9697515153732551 2.4453983382547659 2.0202204347042314 122 118 100 0.54570171753290497 8 345 58 339 21 634 67 610 47 832 1 209
935 -1.2139660825529668 2.384206002098185 2.1390608981818655 64 43 31 0.40736856829314183 56 733 29 630 36 645 30 671
1588 0.87392309352986819 2.0115649520171224 2.4336001700393082 236 218 179 0.31399190464168059 87 927 11 1187 83 391
938 0.0047593896666437308 2.4588521243363739 1.640858946349562 51 40 29 1.1489855278469014 56 419 29 682 36 684 97 286 84 692 7 559 3 697
1083 -0.4893418163238108 2.5257132781296692 1.261577525650899 53 59 80 0.15217547634651254 29 1069 36 1050
3640 0.0083582266132505266 1.1761122459592315 1.7003461611879742 241 207 68 0.11755204167898886 58 407 21 379 67 15
939 -0.40219972571122231 2.526020545333111 1.3645061872600499 19 24 34 0.092824703601865108 56 433 98 529 29 684 91 318
1242 -0.68313735643151852 2.6391678471981432 1.2987974479823279 69 73 68 1.4738018759990954 56 1044 97 913 84 876 91 904
942 -0.49358462774026113 2.5874972345428202 1.3436791474730823 24 25 28 0.25596546285841415 56 467 29 708 36 368 91 363 84 224 97 268 82 260 26 284
1753 -0.0035985110785724823 1.883472515274434 1.5413936219291344 78 67 65 1.6439116711623301 59 1597 12 1393 27 1155 63 1184
943 -0.077954507290816336 1.3993816940752715 1.9207810851431091 10 11 13 0.54996153784697566 99 648 29 775 36 776
1596 -0.26540941448709438 1.8668507240777439 1.5027820137459682 54 47 45 1.0174274585079126 87 843 11 1305 12 1218 27 1014 63 1032
945 -0.28355447670081924 1.7948854183043808 1.1967000972031139 22 19 24 0.42542475733606949 45 1070 99 971 29 787 36 794
1542 -0.46965597891143301 2.8204908277871015 1.3088037519668914 106 113 109 0.64296298778265881 29 455 36 730 48 956 91 964 97 1029 84 732 87 424 48 1459 36 1011 11 1219 41 219 95 188 13 49
1027 0.46182445130396593 1.3224028545301758 1.5882746464706927 101 80 17 0.12724274519651471 29 516 36 527 59 721
946 0.20409411645922432 1.7003076250483751 1.3902044105445566 91 104 135 0.3210039498573995 56 651 29 788 36 795
947 0.26009884296354907 1.7616692619927894 1.6237963071542731 21 25 33 0.078846180028076418 56 942 29 791 36 807 91 819 97 820 84 787 87 857 48 1055
3079 -1.1833976462085289 2.4059259356472631 2.1191610338562019 107 108 101 0.28494576351158984 33 318 54 314 8 366 58 369 21 322
950 0.65256530945088842 1.6992731631514095 2.9771925316498593 86 57 40 0.24536901396689914 56 950 29 811 91 840 48 1035
951 -0.3266600887520944 2.1001817783739161 1.2851662273682773 253 214 57 0.14856966766415003 56 1149 29 814 36 827 91 844 97 837 84 802 87 870 11 1327
1540 -0.39402839659563521 1.6068843379592956 1.2244624704224951 254 232 78 0.56364652763880962 98 100 16 96 99 97 32 41 45 63 56 634 29 48 36 54 91 563 97 784 48 97 97 20 84 20 11 69 59 780 89 49 41 28
953 -0.033236619992796021 2.094734940541894 1.4502171059718072 83 68 18 1.06875262823464 56 706 29 822 91 625 91 628
1550 0.63846442337381182 0.95801694297724638 2.1233989332383367 255 230 75 0.43254816921382117 48 20 11 10 12 19 59 16 89 76 95 398 41 77
954 0.50656673725263823 2.2809011647865187 1.7028478256083746 70 65 56 0.089646612894786898 56 791 29 843
955 -0.26376599460131511 2.5730363214370846 1.6914872368528511 55 51 45 1.1820750782300724 98 1120 29 874 36 707
3586 0.41305712552219681 0.99167659276794906 1.6823340578606754 111 90 44 0.2276455409734682 34 609 5 873 78 966
957 -0.52584958048924202 2.8881645759894208 1.246049504797883 139 135 120 0.44405903360826376 56 1077 29 909 36 743 7 221
959 0.096447610455586086 1.1035139359661499 1.7334750239194749 0 0 0 0.4228804758368318 16 1252 29 919 48 977
2343 0.50700633547540475 0.90162240540637195 2.081483550895773 197 122 17 0.85854610680358523 41 699 95 696 63 382
961 0.13336856173481998 1.6075572735662833 1.5677277720818219 121 82 16 1.3835473515704089 56 1111 29 956 36 784 91 805
1622 0.65812992130096593 2.5721303631289874 1.7262527936188454 87 86 81 0.49409662337134863 11 1566 16 1362 99 1187
962 0.22482298578745527 1.7427739475504567 1.618256943870223 149 118 29 0.36588651169109609 56 1132 29 971 36 806
1107 0.53746499991001051 1.4429047226442773 1.5221582045063113 20 25 37 0.15737036056769743 56 45 91 42 97 33 84 555 87 590
963 0.15211957910288398 2.0073429083135008 1.5368260653711252 16 14 17 0.31333510303875378 56 1146 29 984 91 1025 97 1105 84 1058 87 1119 11 1064
965 0.18550150515354236 2.5518990676199631 1.6837441900272077 2 3 3 0.45743273532027917 99 1185 29 1014 36 1005 91 1059 56 1059 84 1090 87 1168 48 1425 11 1227 83 606
3159 -0.004893332868275346 1.9383071993000347 2.5927308246656335 228 213 176 1.6240126400806476 80 1188 54 1209 8 1219 42 1139 34 1220 5 1178 78 1318 25 1346 47 1151 60 1175 15 1236 17 1141 74 1070
2340 0.34934353891697284 2.5382607353371718 1.6367483221996717 37 32 35 0.39785905972698626 41 312 63 349 22 230 55 273 85 235 6 231
966 0.25858350505743544 0.88671763416982607 1.7520578839454413 59 64 78 0.2559442809946213 56 1278 29 1027 36 1076
967 0.48877211177553459 1.5012674459140847 1.583754165367357 104 85 22 1.8393601760450924 56 1218 29 1035 36 1026 98 1201 91 1007 82 526
1317 1.3114664369015876 2.1595782186910473 2.1646969464291228 126 117 97 0.068230350469157555 97 423 84 413
1620 -0.42374579356996112 2.0114877249654719 1.4362547705534319 253 217 65 0.55471365462955657 98 719 16 783 99 218 45 810 48 825 11 788 56 954 29 804 36 818 91 827 97 822 84 792 87 855
969 -0.62666349358791451 2.1415452454919746 1.4152190572037309 224 181 59 0.27329678879111369 56 1236 29 1052 36 1042 91 1023 97 1095 84 587 87 859
2344 0.64496456750108466 1.0345330632334291 2.0191587220728842 181 109 27 0.078847644823657539 27 385 63 398 55 342
970 0.31537485707630253 2.2949333199539552 1.679351560723666 53 60 81 0.24840109194184345 56 1242 29 1064 36 991 91 1122 97 1208 84 1171 87 1247 11 1541
1115 0.65641967531833501 1.800299523448899 2.7815233055541344 111 98 74 0.19109799040862049 56 116 91 111 84 618
3672 -1.0004403237508135 2.3701038245396813 2.1001978962568137 235 225 194 0.63799408183956818 58 1189 21 1175 67 1097 1 812
3369 0.2974794898440728 2.0364324488469285 2.704816153920071 233 216 176 2.0960013796180696 42 834 88 726 90 755
971 -0.50429199107644129 2.4633981380434413 1.3378407590751606 12 11 12 0.90324510370151845 99 1309 29 1066 36 1047 76 768
3666 -1.0517332554193792 2.3972422060897491 2.0590893037354756 242 229 197 1.1643664473040618 58 842 21 1001 67 927 1 594
973 0.94206835451406912 2.4113405007445974 1.7613205197785176 36 24 21 0.53756925103541697 56 1257 29 1076 36 1054
974 0.87560178140232525 2.4328952419877994 1.745176128432256 37 25 21 0.15960261712639134 56 1258 29 1077 36 1058 91 1132 97 1221 84 1189 11 1564
6444 0.64984276837756427 1.2888447932288822 1.4461498529599981 255 252 64 0.081755618320242002 49 783 68 703 61 599
975 -0.03117634855840689 2.8172510632788481 1.2992921841458362 0 0 0 0.053891673768538172 45 1408 77 776
1325 1.1320954287061642 2.2673952663514574 1.9935011062738373 108 76 65 0.12212893150532565 97 468 84 451 87 766
1628 0.70507192775120719 2.1431523847556928 2.2296024004080177 232 216 179 0.1659140828593399 84 173 59 280 12 307 89 361
2359 0.3172444652497014 2.5442336004400419 1.6252293465324452 58 45 42 0.41165304250751139 12 524 63 580 55 279
977 -0.68528643434285941 2.9919896376398647 1.1334646533937325 87 60 46 1.4269366085458746 32 1166 29 1091 36 1072 97 1165 76 779 52 785
1702 0.78623388655702997 2.4259188201075492 1.7204382332614525 37 26 24 0.050062848826421681 59 512 12 548 63 344
1187 -0.62125341820326452 2.1311482777880348 1.3592354128099329 207 160 48 0.39947105603108995 56 1319 91 1218 97 1317 84 1285 87 1357 11 1630
6448 0.12445673078899226 2.1272153913854477 2.3649281363266907 224 199 152 0.32879848655665123 49 849 68 832 61 674 75 630 96 658
979 -0.62441997304982533 3.0660409528761243 1.1046364992586399 0 0 0 1.9316402140869489 99 1269 29 1094 97 1243 45 1512 12 1272 95 1177 33 1072
981 -0.96977309414525203 1.8224276401536015 1.3908502772873006 0 0 0 0.82501995266637829 99 1326 29 1110
6443 0.664479209832186 1.0487878775783503 1.3371182816113594 215 122 15 0.3686937000435897 9 781 68 691 96 509 86 441
3239 0.55295103262952772 1.0479861503828132 1.4563804488132432 145 131 43 0.35402568928184575 33 856 42 779 88 703 72 801
2356 0.27747797600245067 2.2251855179739439 1.6652283655652476 5 7 10 0.21899482825844008 27 560 63 550 22 453
982 -1.0678631228983164 2.4223400027721951 1.9851549698017885 225 208 167 0.94078079732489639 98 1448 29 1147 36 1133
983 1.1251953088934599 2.3173313140301173 1.8709593780987828 76 54 44 1.0692506635873833 56 1345 29 1150 36 1136 91 1207 84 1277 83 850
1333 0.66893505258925157 1.1926310322612028 1.3181497894083818 139 121 34 0.34182571661832972 97 766 84 517 48 998 11 70 87 12
985 -0.51991495251120645 1.9951132712709678 1.4630419082936501 254 218 69 0.40227658741475852 56 1341 29 1157 36 1151 91 1217 97 1315 84 1272
1710 0.78636138649640541 1.2384419414117396 1.3287599963429362 253 226 64 0.35232001505787958 48 89 12 698 89 636 95 560 41 571
6463 0.98898466972602816 1.2554023923377937 1.5360712122045028 255 252 73 1.0494008715590331 62 1011 9 979 49 952 68 912 79 899 39 748 28 723 31 832 24 906 14 883 10 995 5 556
2360 0.3441541922295559 2.5579658944101999 1.613411770965375 75 56 50 0.1438840103777963 64 725 63 582 55 505 85 484 6 551 33 504 80 471 58 531 21 174
986 0.82683284148756153 2.4123428786607692 1.8307553449213143 49 33 27 0.64452942782390821 56 1347 29 1160 36 1153 91 1226 97 1339 7 1110 3 966
1195 0.56105372354818839 1.1505280333654835 1.3439503849095116 124 105 37 0.92674899387878951 98 1178 16 1253 99 1111 91 766 29 496 36 21
3752 -0.39920413653169162 1.8497173654664365 1.6203818690252583 255 207 53 0.40686221940831402 43 920 92 915 81 604
3385 0.079796792952609871 1.7135650960627502 1.4380643169819942 205 177 60 0.052905248699858021 55 1030 88 965 72 987
987 0.45598207492336279 1.4795321221014777 1.5622999197483989 137 94 27 0.48655104295228707 29 1167 36 1149 91 1231
2355 -0.62902662364946327 2.0659225464747424 1.1773126788245494 79 97 132 0.13528647929670271 27 548 63 549 55 302
989 -0.22415048277241495 1.9670100044298353 1.3929834173456883 67 75 99 0.69349938089367114 45 226 56 86 29 97 98 701 16 773 99 704 36 111 48 260 59 862
990 0.36963842912291273 2.4244123831804973 1.8074626756310923 2 3 4 1.5528472895389978 32 871 98 1104 16 1170 99 1037 45 1211 29 866 98 866 16 878 99 815 45 883 56 831 36 876 91 733 97 976 84 942 87 977 48 914 11 1214 12 459 76 570 52 558
991 1.1270932235665798 2.2259315626610072 2.102425320416021 61 58 48 0.028931108563422139 98 393 16 377
1708 -0.11220914570444752 1.7456670978421269 1.7589315422277148 130 94 20 0.22263761130013299 48 134 12 670 27 497 63 495
993 -0.6090230761745028 3.0644159810178975 1.21620238710123 0 0 0 0.69211236932419251 56 1276 29 1093 91 1153
994 0.55176756031254626 1.1135258192563304 1.3344206803426468 142 128 51 0.6802419059296555 29 13 32 795 36 14
1139 -0.031905876579481032 2.3829405010064999 1.6067654122675117 56 37 4 0.10295855959766369 36 653 91 679 97 680
997 -0.65267098890881059 1.8723916035884443 1.0979431766480021 7 6 5 0.49555265309157492 29 80 36 88
1039 -0.066967731795478644 2.482362678113565 1.6406782710588539 48 37 26 0.55614662385781977 29 687 36 692 51 195
3191 -0.99803637553265301 2.4220659326227687 2.0746959218008594 115 112 98 0.27194950795955858 54 606 8 861 58 839 21 843 47 835 67 796 17 638 74 582 35 515
998 0.13499790811397702 1.7531492659903543 1.4021134414780834 104 118 149 0.17624236606335844 56 71 36 89 76 64 52 338
999 0.42208363562806728 1.9550128554766744 1.9308996741790445 75 79 97 0.12443915726629225 56 161 36 140 91 116
1652 -0.2504224695267056 2.0387357498063747 1.3811479864440652 244 204 56 0.24740908777186915 11 795 48 1121 59 1155 12 917 89 828 95 733 41 733 27 692 63 720 22 316 13 311 93 55 43 252 92 283 18 97
1001 0.61705105535714211 2.1054689517935299 2.2681275224627377 240 221 179 0.36023272598552414 29 161 36 175
1662 0.57171168045356979 2.2265612079163501 2.1535241063655457 228 208 169 0.11082329230822389 48 1350 59 1317 12 1047
1002 0.41244746417078859 2.2054003518971035 1.6725402145550654 44 48 66 0.03252346347893896 29 168 36 176
1147 0.4175177807724415 1.617322269393753 1.5431915907630602 28 29 40 0.020915255349780976 16 673 56 933 91 807
1003 1.6145665576051345 1.936892625655418 3.5993630691589411 128 118 96 2.3842311373648752 29 202 99 294 36 184
3698 0.93792494819892291 1.7102192159961065 3.0996846932767941 0 0 0 1.3450535088203799 95 1178 43 902 7 1073
1005 1.2793567181835963 2.1103937813016311 2.1994037233250681 238 224 187 0.28177829490104367 29 195 36 192
2950 -0.44256361440581954 1.620184645088542 1.2152242899935948 165 133 38 0.11416931384472918 6 530 80 473 58 471
1047 0.41498820551889753 1.7898155313007189 1.8269980619503807 108 89 24 0.33357906392935593 29 798 36 811 97 824 84 794 87 1110 11 1045 83 671 51 874 7 932 26 533 82 473 50 493 65 528
1006 0.18520061594232826 2.6315908343981649 -1.7208043280445289 29 31 43 1.0500596121892043 29 685 36 197
1007 0.72195863470022803 2.2194252750927395 2.132928849156237 235 218 180 0.26833133243389595 29 233 36 241
1009 0.34363938837025471 2.321809548888528 1.7246543055158003 24 30 43 0.094647949115459193 98 435 36 266
1606 1.0556271716274446 2.2734519603346119 1.9983337162902679 230 214 178 0.2174363669608555 48 1413 11 1476 59 1372 12 1136
1010 0.27914966491293064 2.3395486128888598 1.6949860318456031 25 29 43 0.12874023920375283 29 279 36 282 91 271 97 239 87 255
1091 0.046473140293208502 1.8168872459621093 1.5395626679246988 173 141 59 0.22919635184916778 29 1141 36 1129 97 1268 84 1153
1011 0.21877382066280099 2.3594630257998843 1.6374786962315409 24 30 44 0.020624883919813181 29 292 36 288
1013 -0.60514918286734676 2.4538666345236897 1.6825713827159008 6 5 7 0.9461190521296996 36 308 20 107
3143 -0.93397402926978734 2.3022519289850081 2.210921303900415 81 56 49 0.49555606500567667 80 959 54 1019 25 924 47 973
1014 -0.40812391419290772 2.4688181195542724 1.3332630579466693 19 24 34 0.1280735754745313 29 305 36 310 7 108
1604 0.97820702530245518 2.1268388835312813 2.2648511076625062 235 218 179 0.24313771088700759 87 952 11 1399 59 1303 12 1062
1017 0.79465165365765522 2.3844080274998563 1.8053304695999752 38 27 21 0.49011466248884517 29 346 36 346 91 412 97 482 84 457
1614 -0.79016638180794585 2.1961338110122197 1.2105183343243326 0 0 0 1.2288862799716667 87 1298 11 1588 7 1005 83 841 82 630
1018 -0.4766071137523083 2.5364524158988124 1.3139874014323372 56 65 87 0.086120747788524549 56 432 36 348
1099 0.13276139383880353 2.6745378594870006 1.5743293540779664 35 25 23 1.8226319594511067 29 1188 36 1181 91 1256 97 1353 84 1306 59 1610 12 1408 95 1339 41 1359 27 1179 63 1212 22 1251 55 1124 13 1166 76 850 52 850 7 1127
1019 -1.15943442984964 2.5928636679572059 1.8275691353882053 195 186 159 0.23399353644827503 29 344 99 515 36 359
3650 0.26446558469588355 1.399315518126055 1.4505286750511097 94 89 88 0.56722851724510936 58 1043 21 712 67 963
1021 -0.42271490766236841 2.5995588402428367 1.3782565971589851 62 69 93 0.097204045598456246 29 368 36 374
1022 -0.38071759764383811 2.5985886950218897 1.4252548595142698 57 65 89 0.096580763092588298 56 479 36 377 76 195
1023 -0.47603538998564349 2.6274117116167059 1.3765759621284712 54 62 84 0.20408415486717804 56 485 36 384 91 392 82 108 26 109
1612 0.41633688661358653 2.6408582884681273 1.5465784019799937 85 85 80 0.87412628154539329 16 1377 11 1562 59 1208 12 1163
1025 -0.12978020869415444 2.7383116938656196 1.304615537239364 73 52 41 0.23983521200887489 29 426 36 433 91 503
1968 0.58759997378578388 2.1852957072120374 2.2212567082365537 226 209 169 0.084640505184911383 89 706 95 618 41 628
1029 -0.7590015433056857 1.8651358681329784 1.7164909899812384 255 241 81 0.1294800852533359 29 547 36 563 52 90
1972 -0.60105884063624748 1.5255517932127656 1.3681330799395419 255 232 74 0.12506456384551523 89 748 95 657 41 667
1033 -1.1506478716676358 2.3624309173521274 2.1662410140702502 56 39 29 0.34006392534814267 29 626 36 643 46 443 77 460 2 485
1976 -0.53118737387225567 1.585560809482121 1.2591479303241975 255 231 73 0.063766626696672532 89 766 95 667 41 671
1037 0.88917827141010153 2.3203219495796383 1.9985446386044881 112 94 79 0.17151653447894163 29 861 36 673 91 906
1980 -0.46834393291124859 1.5633275712233672 1.2875145853272438 255 233 74 0.094404643065011021 89 771 95 672 41 676
1038 -0.23770850944143768 2.5037232832568708 1.4457006751436658 8 7 8 0.061863794874005062 29 686 36 688 91 714 84 225 97 257
1041 -0.17852647446575706 2.5257996004520264 1.5634439364706418 43 35 27 0.553848132022704 29 698 36 700 97 699 7 555
1920 0.53814039517684231 1.0387135739222426 2.0264595065326438 253 219 55 0.11219982771310752 89 512 95 386 41 420 22 371 13 392
1045 -0.74619400192972685 2.9231713438318998 1.2245438312550316 140 141 132 0.16103199673220217 29 741 36 745 91 527
1924 0.53191784956594235 1.0582089325513042 2.0151639651047941 187 112 18 0.02801006418282154 89 518 95 392 41 421
1049 0.12475393347028456 2.023085346227119 1.7409675156925373 54 49 54 0.50916963455257946 29 821 36 835 91 624
1928 0.60019604911333935 1.0102291926257299 2.0467157444970137 253 224 60 0.1318949113093868 89 520 95 402 41 429 22 393 13 412
1053 0.4063199322097571 2.3898115339307506 1.7889586749326647 7 7 6 0.79339912211237296 29 857 36 869 91 725 48 912 59 907 12 453
1932 -0.586035417703203 2.2160822952381007 1.3009013814665946 199 158 39 0.19853527046807484 89 117 95 411 41 78
1057 0.060165401440561844 2.5993214617098244 1.619112196206524 3 4 6 0.09469072379862592 29 882 36 892 91 941
1872 -0.21236000343021769 2.8150604640321291 4.7845025901100922 184 110 23 0.37536534833648438 89 194 95 126
2764 -0.090294295348872039 1.9729905609474878 2.6216743209878026 227 212 176 0.44960615722339753 85 172 33 151 80 152 54 172 8 509 42 445 72 80 5 293 78 400 25 406 44 536 53 692 14 667 81 175
1058 -0.68063512115563551 2.7731185328714747 1.4237428377045451 112 113 102 0.15355327794515966 29 902 36 911
3777 -0.49269959293622345 1.8114181859242675 1.8403365759272627 136 117 96 0.18379641221558649 34 532 78 271 25 275
2902 0.99296510421096329 1.9329486542819363 2.5008358846678349 120 111 93 0.075169285463791147 33 48 80 52
1063 0.28624358987490567 1.2283273394927097 1.7175789929488059 241 206 74 0.1020434483493558 29 763 36 930
3786 0.072018348259933404 1.1421676660786753 1.7211500597732659 243 211 81 0.10220254792907907 34 458 78 541 25 522
2395 0.48028053539864124 1.0789115855043598 1.4317455065395435 213 224 246 0.19298837859541532 27 978 63 980 55 888
1064 -0.70787041051232347 1.534143722883321 1.2049673120458857 2 0 0 0.96949604147095947 29 929 99 1121 36 934 97 1048 84 999
2763 0.82352869744904655 2.5974846091383772 1.915114712041954 51 32 27 1.6342657819290243 6 196 33 137 80 130 21 144
1065 -0.60936531255861659 1.5140172439830122 1.3538018809213137 255 235 78 0.13412786812346367 29 1029 36 937
1880 0.21494434930734324 1.939930434379586 1.5640404104491765 61 49 35 0.13070074484093488 89 222 95 172 41 209
1066 0.48724681878251702 1.5770519747889375 1.5709914006730474 0 0 0 0.36986078674047362 99 1237 36 950
1071 -0.11548846564441308 2.1563743927450001 1.4519778777603212 46 40 44 0.81944573694550848 29 1054 56 982 36 979
1072 0.35469935246864798 2.048375967373901 1.9366560546101057 118 95 24 1.2568272725911971 29 988 36 980 91 1114 98 1335
6563 -0.73496358162829201 2.4384119462539178 1.4479440231593688 84 66 13 0.32137826383909462 57 548 70 511 37 438
1073 -0.20547910294957339 2.2205871401763559 1.4190001273989612 110 99 29 0.31334281650559814 29 991 36 981 91 1037 97 1201 84 1063 83 679 76 655 52 633 7 940 3 790 26 600 82 545 50 496 65 533
1952 0.41762414053771951 1.6107600759918248 1.5392787091010045 43 52 75 0.20536171965666458 89 624 95 524 41 194
2780 -0.98630122068456971 2.6068679919687132 1.7662926442891254 127 125 114 0.17121029603955351 85 325 33 323 80 589 54 309 8 632
1074 0.31534466407134804 2.2931699205083289 1.6763058690591044 54 60 81 0.42142630389369085 99 1164 36 992 91 1121 29 1065 97 1207 84 1170 87 1246 76 555 7 1028
3793 0.47081776054525165 1.7154628182583815 2.8797970444419008 149 100 75 0.052498685894651946 34 780 78 906 25 894
2982 0.18678459762703065 1.9856486079733289 1.5612136603961531 85 96 124 0.051674967718936156 33 712 80 687 54 738
1079 0.00059235142328728854 2.6156341575533437 1.5915943504531698 3 4 5 0.72701317704308488 29 1080 56 1180 36 1008 91 1060 97 1143 84 1092 48 1433 55 843 85 875
3802 -0.3597149689705102 1.7759782786974594 1.47970663390749 254 240 69 0.69141316494224403 34 1033 78 1021 25 1004
1080 -0.14286837072109454 2.1939218134899732 1.4508631687954443 106 96 28 0.46763720035306727 29 1055 36 1043 97 1199 83 802
2779 -0.99170475010468973 2.4794073730118278 1.9914798365849402 76 80 74 0.22768584112202755 6 618 33 307 80 582 54 611 8 622 58 611 21 648
1081 -0.14264532641016209 2.196382254888869 1.4470586326656651 106 96 28 0.15574526995376803 29 1056 36 1044 76 729 52 712
1960 -0.24525223026947091 2.7086321731090655 1.4778327466975159 5 6 8 0.10631072371097469 89 682 95 586 41 600 93 141
1087 0.33282846334718313 0.68496828809884647 1.9371515303053559 162 138 49 0.74195164882612041 29 1095 36 1074 76 477 26 703
1089 -0.67641601965337594 2.6810952650502715 1.5912832393178138 82 85 80 0.74238207419985291 29 1079 99 1312 36 1109
2032 0.2633160976424917 0.87674968694155497 1.7720257097608325 180 190 214 0.50427545485789149 89 970 95 852 41 882
2557 -0.74165445136799335 1.733668237997418 1.1144866484233504 255 216 52 1.3471415191816489 22 1253 13 1169 93 1216 43 1028 92 1098 18 1332 69 996 23 1210
1090 -0.11843077894166824 1.7927356845977069 1.7180804420312865 170 133 33 0.62266320519731244 29 1140 36 1128 91 1216 97 1334 84 1284
1093 -0.012389975017245701 2.7321802743652794 1.4613177370190631 32 24 21 0.77012037033412251 99 1345 36 1144 91 1210 87 1329 11 1617 51 1293
2036 -0.39088736166125115 1.6157952761991741 1.1158634742663243 255 234 68 0.24117615270218876 89 1258 95 860 41 1148
1095 0.62931492056317884 1.248992820024811 1.3863748514195116 125 109 29 0.43496891432115375 29 1164 36 1156 91 1212
1096 0.31028072443216043 2.2600892486037085 1.6779120607842559 54 65 90 0.65517709489987863 29 1169 36 1164 91 1239
1097 0.71204159724495131 1.54295115892722 2.9873381728355453 0 0 0 1.2452202451435386 16 1561 36 1171
2040 -0.34049399382797968 1.6640100656956711 1.3353692428249835 255 211 55 0.538611899880028 89 990 95 864 41 895 93 1033
1098 -0.59042760484203283 1.7726388128726569 1.3596869570091399 22 17 6 2.1899483611554973 29 1183 36 1176 91 1251 97 1343 84 1296 87 1354
1101 0.63135312354019912 1.1230738118876729 1.3583328994827224 139 125 40 0.13318256769490686 98 618 16 610 99 623 36 18 56 21 29 20
2044 -0.28212966584621535 1.769756769497014 1.7002888875301603 254 215 65 0.15085465103014614 89 799 95 873 41 904
1103 0.8578586825804172 1.4226937435785745 1.5231175563042063 0 0 0 1.0888815655344499 32 980 99 1231 36 1082 45 1522 98 1417 56 1314 91 1193 97 1311 84 1267 83 838
1104 0.26864630455507965 1.8035993094600937 1.659805250512032 64 52 13 0.53799113901792273 16 1037 99 976 36 966 29 972 56 1228
1825 -0.1845952582091768 1.4346393506584754 1.831811275073292 0 0 0 0.7084175476722665 11 1505 48 1497 89 1343
6595 -0.66640493219892583 2.5537277024975547 1.3361089214859601 9 9 13 0.96945909658594875 37 245 1 440 38 112
2509 1.1423840103779197 2.2737679131000408 1.9054267977499311 148 99 74 0.11182594111183709 22 538 13 504 93 497
1106 1.2142673840080285 2.1342717276295096 2.1567580954614582 238 222 185 0.28190575712732646 29 206 36 200
1109 0.46887835051647037 1.7049661248355554 1.802008619500816 3 3 4 0.2011060359159012 56 78 91 68 97 598 84 578 87 612 11 794 83 276 26 218
1988 0.33009185504140215 0.94607302428087825 1.659169481224239 13 14 17 0.43843796424210985 89 481 95 689 41 692 27 615 12 18 63 617
2507 0.68385148020694886 1.804652206090088 2.8118721440025429 228 213 177 0.23912566005305855 22 523 13 487 93 486 81 585
1112 -0.37203654665444508 2.0342380411175021 1.4498234515282129 102 82 21 0.20023632519165366 56 108 91 90 97 72 87 87 11 164 48 262
2338 -0.47536336274953767 2.1423911635200872 1.2294559517680475 100 77 21 0.16086502894241245 27 224 63 291 55 301 72 22 88 240
1117 0.68080937521975737 2.1248255112007932 2.2804544708850445 235 220 181 0.39227030783332995 16 310 91 199 97 161 11 472 64 156 95 259 41 294
1120 -0.36724380631916309 2.5462552603301249 1.3956098061543805 29 26 8 0.16405116948828025 56 456 91 352 97 263 84 216
1121 1.0639839831248468 2.2467546272364571 2.0726332645838981 122 113 93 0.013679188579798982 56 400 91 356
1936 -0.17186294073227246 1.900330369600288 1.5296235676798213 255 214 60 0.20535429906197697 12 711 89 134 95 437 27 138 12 207 22 54 55 486 13 48 93 61
2461 0.75198610341046235 0.78710312950297501 1.2241481458067101 210 133 28 0.92599340833525923 63 60 55 58
1122 1.0639839831248468 2.2467546272364571 2.0726332645838981 122 113 93 0.013679188579798982 56 401 91 357
1125 1.0449253871055535 2.3411680888451301 1.8548751035116928 114 84 71 0.37263179874338614 56 465 91 416 97 500 84 478 87 772 48 936 11 956 12 791 89 735 95 647 41 659 27 571 22 738 13 663 93 725 83 223 7 397 69 556
1940 0.56549061534105083 1.200298553351097 1.8150851717062404 255 221 54 0.041015205860128426 89 566 95 457
2966 -1.0137466272774831 2.3345088843238293 2.0441624795992341 230 213 170 0.26271583310523483 33 582 80 575 67 587
1127 0.80115781430992905 2.4067633679341105 1.7416628041428441 110 79 68 0.11147715931099905 56 478 91 431 97 496
2459 4.2008289064288071 7.8380868385693567 12.101063266140748 173 106 23 2.823445773570405 63 80 55 4
1128 -0.67293116816347265 3.0054904544471599 1.0776362843930569 50 34 27 0.054236758439911041 56 600 91 539 84 509
1129 -0.67293116816347265 3.0054904544471599 1.0776362843930569 50 34 27 0.054236758439911041 56 601 91 540 84 510
1944 0.72415172838631159 1.0574211839429928 1.2437353964300468 254 251 80 0.2860606657231522 89 586 95 488 41 516
1130 -0.35993366427399009 1.6232660808946986 1.215108827176824 164 119 23 0.1275301942007965 56 638 91 567 97 568
1133 0.41758167595692863 1.8249753689023964 1.8370305754684049 115 95 25 0.19414633149216584 56 87 91 603 84 593
1948 0.25564716622019679 1.8131646640528249 1.6523235570446293 107 88 22 0.12831490749225763 89 845 95 514 41 534
1136 0.55121661819219214 2.1818883976224344 2.225851019792862 109 97 75 0.042070501563152819 56 755 91 653
1137 0.71486849528598384 2.1663426266008772 2.2098837975754377 113 103 81 0.11264086528584701 98 785 91 662 84 680
2016 1.2995504610723061 0.64377743973607982 0.70407854806760639 254 227 68 0.90637759596011269 89 865 95 794 41 799
1141 1.3550423476076725 2.1609016659123661 2.0755716957450021 231 217 181 0.86062856566376666 56 801 91 716 97 994 84 974 26 334
2020 0.93314715671068071 3.0721692392360631 3.6507022108272791 231 217 181 0.058958219828770773 89 944 95 823
3046 0.32308897838401079 1.83269767949733 2.7718683216869731 82 58 49 0.80663565606140641 33 1147 80 1142 54 1172 8 1181 42 1087 34 1183 5 1132 78 1291 25 1316 44 1139 47 1125 100 1101 79 1126 79 1182 39 966 28 910 31 938 53 978 53 1037 90 1002
1143 1.0537841319702688 2.2726490956749421 1.9447274796889624 233 217 179 0.12878492141072787 56 1025 91 734 97 1002
1145 0.96751995921193179 1.2094242418511663 1.5992697732621053 108 93 27 1.2337807688896014 45 27 56 903 91 784
2024 -0.82561704556678261 1.673014236558876 1.0969788410533066 255 236 75 0.14109558013075185 89 962 95 835 41 861
1146 1.0614539130241347 1.2666122039544201 1.6109315263031401 248 206 66 0.1427501396623696 29 765 91 792 97 798 84 768 87 1076
1149 0.24827699242662724 1.8985962903918769 1.6104780810278188 111 93 31 0.24394526899473115 56 679 91 832 84 797
2028 0.37268931113318432 0.70029468898528813 1.9499128524822493 0 0 0 1.487540087040256 89 964 95 846 41 874 13 1066
1151 0.46248208103189564 2.1130179690963451 1.965375192687276 236 214 172 1.1325221206344716 56 986 91 859 97 1113 84 1067
1152 -0.0029044570105006048 2.3581656982945445 1.6201012156916368 83 68 16 0.39085405231583237 29 846 91 870 97 888 84 852
1809 -0.4482193027543091 2.0723838634611713 1.3952732072747998 181 187 209 0.05184494455384675 59 1154 89 813 95 880
1156 1.069518582389702 2.3390884004311636 1.8565997588332754 106 76 65 0.45841200851848818 56 1042 91 927 51 1142
1813 -0.90054102105528289 1.6772486286182784 1.1892201972822229 255 233 74 0.39372231870889718 12 975 89 961 95 833 41 858 22 744
1157 1.072206863131808 2.3404296133875411 1.8560870073176989 106 76 65 0.53585605118133528 56 1043 91 928 97 1148 84 1104 51 1143
2839 0.60209304202368552 1.1160686378360973 1.3843504788552912 112 100 30 0.11599465802864835 6 916 33 861 80 841 54 867 8 649
1158 -0.5163459222480048 2.7069965518985377 1.3850732731744668 2 2 3 0.099147502029566556 56 1062 91 937 97 982 84 939 87 939 11 1191
1160 0.9095330026185513 1.3681788170286786 1.5538622746097732 105 91 26 0.39922748911268696 99 646 91 999 84 1141
2328 0.5174906973380875 0.9951343391000772 2.080856261109306 139 73 10 0.38459088139040443 27 12 63 9 13 138 22 112 93 102 72 163 92 211 69 107
1163 0.36878766844921701 1.9786083541806199 1.907115734079303 117 95 24 0.35653730631408626 56 1152 91 1028 97 1107 84 1062 87 1131 11 1341 51 1094 7 948 83 684 3 797
1164 0.41525671855876356 2.1302487930212375 1.8763619257471884 234 212 171 0.92105758141545757 56 735 91 1039 97 1114 84 1069 87 1239
2322 -0.30702264625086478 2.1186618222390452 1.3245329492283844 152 125 35 1.0819732978795464 64 1363 27 1160 63 1189 22 1203 55 1106 13 1114 85 1126 6 1223 33 1159 80 1106
1165 0.4826426617239894 2.1771469201383242 1.782403157477555 233 211 170 0.56799059311905653 91 1041 97 1117
1166 1.3722297169899531 2.0010417006497376 2.5859617314232044 0 0 0 0.31324545923662805 16 1314 91 1046
1167 0.85334215029958516 1.1547617406519726 1.3645279911747616 163 130 33 0.71232267533930949 56 1201 91 1079 82 444 26 493 50 456
1168 0.020742496216025114 1.5715014356300216 1.6615153223932444 199 174 66 2.0160599573977538 56 1285 91 1091 97 1258 84 1220
1889 -0.2821034996983639 2.7512073894534201 1.3232265883567682 78 58 49 0.38411788736224911 89 303 95 215 41 246 27 588 63 591 22 349 55 694 13 335 93 128 85 743 6 846 33 786 80 761 54 999 58 807 88 642 72 583 21 830 43 495 92 519 69 109
1172 0.94456289997400855 1.6243768729590422 3.0184875299913774 0 0 0 0.93250468622414528 29 980 91 1111
1893 0.83634395637898773 1.3794928865672396 1.5209221542847489 253 227 66 0.7415275795377434 89 261 95 222 41 259 63 141
1173 0.23855918072584023 2.2550315813642592 1.6304399107022984 44 52 72 0.31114019027660406 29 1062 91 1119 97 1276 84 1229 87 1240
6426 0.12699797792761561 1.9078676539263648 2.7014209092692996 222 208 171 0.65275875993995058 93 446 18 192 69 331 40 366 79 864 53 496 90 634 88 583 72 624 92 614 73 552 66 878 81 479 49 626 61 489 96 462 75 555
2919 -0.82185774522440225 2.0896576461232077 1.5267136243960406 116 90 21 0.36157269966968952 6 316 33 271 80 250 54 260 8 281 58 575
1174 -0.4270316519189768 2.5568123748655052 1.3581419639467063 48 57 77 0.48934802521841902 36 1052 56 1254 91 1127 97 1211 84 1175 87 1244 51 883 7 952 3 801
1176 1.4776150281818692 2.2159947880986 2.0362550911453288 85 59 47 0.43968495040571942 56 1251 91 1129 97 1218 84 1188 83 785 26 634 50 603 65 639
1897 0.6513285355735472 2.6605199741045951 4.1200932686878167 128 121 106 0.20742103899256278 89 338 95 237
2408 1.2318129697615772 1.7289287552843524 1.7743932280868038 246 227 186 0.6938561845530965 12 1243 63 1042
1179 -0.060588925797552588 2.7709989386601444 1.3423278359952355 41 29 26 0.30595439993802154 98 1296 91 1144 97 1225 84 1194 48 1474 11 1474
1180 -0.20392705748514353 2.9059723312060926 1.2632263225862497 0 0 0 1.1773979686572296 36 1069 91 1152 30 835 46 761
1901 0.28756022297540434 3.3943849960961008 3.2480946597211218 118 113 98 0.23186736885133991 89 401 95 275
2402 -0.800028786777498 1.6437464663976078 1.2203346671933322 255 237 73 0.18083677368685161 27 989 63 1009 72 847
1181 0.53227169215213888 1.7383321235683351 1.8733106502524997 0 0 0 1.2948612665148533 56 1227 91 1172 97 1193 84 1157 87 1301
1182 0.16659590311100414 1.8729586757677379 1.5761641744141472 103 90 25 0.97201789952932416 56 1318 91 1173 97 1271 97 1294
1184 -0.75973114556292076 1.8679502752069597 1.6685697967996478 201 145 33 0.67556978384725752 56 1289 91 1194 97 1261 84 1145
1841 0.36106439797719098 2.5184547252423055 1.7112086745546145 85 82 77 0.66687949756661402 98 885 32 879 16 898 99 828 45 1223 29 716 36 710 48 1237 59 1393 12 1139 64 1145 89 1117 91 739 97 730 84 725 87 1031 95 989 41 1008 27 942 63 945 22 828 55 829 13 745 93 829 85 861 6 779 33 723 21 546 30 654 18 1082 69 629 23 723
1189 0.038410767490549495 1.9970453928464011 1.5839410085013261 56 45 39 0.88789849211791638 29 1177 91 1244 26 713
2004 -0.072619895427072312 1.7748023331454206 1.7145294839557634 127 95 22 0.12373062359580685 89 816 95 726 41 726 43 519 92 564
1197 0.51091730884117215 1.4208025108934308 1.5565970368347273 85 94 117 0.40704080263045112 91 38 97 30 84 29 11 104 26 15
2012 0.42937806861267463 1.8102758529098912 1.8830065019669679 39 35 26 0.061551754463479123 89 858 95 762 41 760
1200 -0.028914265892764489 2.0594955052067041 1.8822183512120658 71 73 84 1.5964222152045202 56 175 97 96 84 98
1793 -0.3734537776850162 2.6678176582061899 1.4390713298336979 0 1 2 0.27566924275384563 64 429 89 243 95 177 41 213
1203 -0.53944333190614591 2.5170358025056743 1.3327973499689492 47 49 63 0.52951017007097145 91 281 97 169 84 667
1204 0.93686496709255707 2.0820611131623608 2.3216294425158606 131 117 89 0.14137718141630309 56 251 97 182 84 198 87 272 48 445 11 531 18 647 23 636
1797 -0.16411264003713494 2.7427471666828254 1.3700000681101931 23 15 14 0.18881100288627289 12 552 89 327 41 266 27 589 63 589 55 518 13 98 85 531 33 561 43 45
1205 0.93686496709255707 2.0820611131623608 2.3216294425158606 131 117 89 0.14137718141630309 56 252 97 183 84 199 87 273 48 446 11 532 18 648 23 637
6458 -0.11120953820189443 2.0843469890325519 2.4265717692228437 26 22 18 0.62096899877378597 49 1054 68 969 61 873
2823 -0.62802236322853799 1.5365422580506618 1.384497653672649 254 229 71 0.1265896686725764 6 773 33 744 80 715
1206 0.80874518956401209 2.1485137733718331 2.2318721148305811 232 217 180 0.13217209176618852 56 276 97 203 84 213
1208 -0.85039191696763472 2.6806052568046645 1.5869229580786646 71 73 65 0.25994590368152087 16 529 97 236
1801 0.49854314996701687 0.86022534522735594 2.0759451690130808 169 99 13 0.39850184885812112 12 566 89 485 95 362 27 361
2312 -0.71791287895475209 1.6089837243438143 1.2434241108625661 255 232 69 0.12447138869207457 12 1188 27 1069 63 1097 72 947
1211 0.28067338250863583 2.4004107606500149 1.7444059410172379 33 32 40 0.097543152545837244 91 339 97 325 84 304
1805 0.16023976393241285 1.9913447061087042 1.5315253132140521 9 14 21 0.66905427374161253 12 932 89 645 95 536 41 550 93 557
2306 -0.51839388612583093 1.5862367308138472 1.2722546037238474 255 235 73 0.49192692109208819 64 1211 27 997 63 1012 55 946 85 971 6 966 72 867 88 903
1213 0.9798699985800684 2.6020875463489497 10.465842018003064 125 116 94 2.8517263885785527 56 408 97 422
1214 0.77250748376014833 2.3761562586103864 1.8318060570294588 222 206 169 0.052804262261141655 91 400 97 471 84 721
1219 1.5427399028447946 2.2161922312627671 2.0248285223241527 24 0 0 0.32769201022477901 36 301 97 518 83 448 65 488
6480 0.24454945857178972 0.9411486006015729 1.7820817283136181 140 121 46 0.34966901805436168 2 582 70 209 57 237 37 186 38 162
1221 -0.13473576248856514 2.7416375214522333 1.3276689461678635 74 54 43 0.23281142172391531 91 502 97 534 84 491 87 491 11 918
1225 -0.18868852211751211 1.8989706383171781 1.54366473440592 255 217 70 0.61080504559950421 91 597 97 597 84 67 87 850 11 1311 27 1018 63 1037 55 942
2601 0.52944774116490434 2.1446003245925804 1.8209494079307889 0 0 0 0.099796825106809539 56 989 87 1144
1227 -0.46445254213668224 2.5444059626775295 1.3447784728146235 19 23 35 0.14321503226376334 91 709 97 685 82 251
2594 -0.5181346222594666 1.5594443083909633 1.5512445388709588 255 235 62 1.0159516393758787 22 1244 13 1170 93 1202 89 1440 95 1306
1228 -0.46079228871517663 2.5436069057498956 1.3363356067671892 19 23 35 0.1008467052237503 91 710 97 686 84 182 87 174 11 407 83 100 65 107
1885 0.85346351151073285 1.6760471144439368 3.0119623948700327 111 107 96 0.22256039135858519 89 249 95 193 41 243
3619 0.35835445045420677 1.0514010780832097 1.8505894000596868 130 102 23 1.2025369506975077 34 1227 5 1181 78 1321
1229 -0.51314410565612167 2.5981042558396177 1.3291217956284687 60 65 86 0.48955244428717909 29 711 97 693 84 685 82 263 50 244
1232 -0.29579985237062473 2.7976118663912013 1.2215839231292525 105 72 53 0.033940966479582342 91 751 97 748 84 744
1953 0.79033785571556658 1.2289119625255254 1.3169161678889965 254 230 72 0.23665701376454965 89 635 95 559 41 570
1235 -0.71103465282089995 1.8504144401421183 1.0527233648222811 16 15 20 0.1993803747397703 91 803 97 805 84 771 87 574 48 785 11 757 95 26 89 46 41 25 83 469 7 450 51 24 3 20 26 375
1236 -0.21266662003380268 2.0514253379606906 1.3751972156363821 115 96 25 0.51667178848705753 91 841 97 833 84 795 87 616 48 1137 11 1042 12 922 51 103
1957 0.85952198867202645 1.6494952002711145 3.022028960118043 228 214 180 0.26421169423341689 89 658 95 577 41 593 22 526 13 660 93 493 18 622 69 566 23 634 40 464 96 605 75 588
1237 0.31143699207896991 2.2121931503434999 1.6374872735772978 53 58 76 0.16635142902448527 91 862 97 877 84 839 87 911
6490 -1.104001296813276 2.6338957138897814 1.7304886120959497 97 88 68 0.26968006512075687 2 319 57 229 1 357
3636 -0.93391717104359928 2.6177705585131683 1.7358365764711496 76 67 52 0.065171211896655382 58 366 21 336 47 329
2983 -0.099975716996202335 1.706570703596636 1.8053310196109471 171 131 33 0.22446177985782914 33 710 80 689 54 932
1238 0.31263484293757587 2.2688531041392364 1.6698660201353859 54 65 91 0.21431794796495485 91 661 97 889 84 856 87 928 83 552
2617 -0.41143706337370395 2.1213252309480426 1.2575083161090197 126 86 30 0.12644436205353565 64 363 85 275 6 286 33 241 80 216
2472 -0.65205028507458507 1.5314107389357126 1.1955031494858102 151 1 0 1.3357635994573758 27 93 59 68 55 492 93 0
1243 -0.89668517351590837 2.7540414590853515 1.5418124407935063 130 133 126 0.065248289397634135 91 925 97 934 84 896
2610 0.36086139685601604 1.6041745617321754 1.9872685169184898 36 40 51 0.19159019695706217 55 423 85 116 88 434
1244 -0.85683620541636774 2.7843024179109075 1.477967285736447 136 139 131 0.085063574101998676 91 938 97 968 84 921
1965 0.47339581371180822 2.0561799398420848 1.9941968615333618 223 202 157 0.37995273454041101 12 733 89 876 95 609 41 616
3635 -1.0270949061826262 2.4731461805854886 1.9990135884545113 121 118 102 0.16025179037913212 8 355 21 316 47 338 67 386
2466 -0.67473463546978274 1.7596546476157244 1.0581891251292446 103 58 7 0.81310655755283479 59 180 55 294 33 553 80 224 54 548 34 200
1245 0.95780106974578294 2.4578796185541538 8.1040928094649765 232 217 181 2.1550390999841782 56 1007 97 977
1246 0.58159595188977453 2.3989290022033529 1.9100650465598246 217 201 164 0.17056168909905564 91 912 97 993 84 973
1248 0.61885338485903152 2.4291593889260921 1.8451482501319549 219 203 167 0.23468095400036523 56 1046 97 1010 84 981
1905 1.1400681243875763 2.2798301623743211 1.909359450994186 149 100 71 0.21839200395841779 89 460 95 338 41 366 22 539 13 505 93 498 69 567
1251 -0.12242885953153183 2.7202548057521998 1.4030358764372031 27 21 19 0.75277420633263714 91 958 97 1035 84 994 87 1029 11 1233 98 1149 99 1091 16 1383 45 1502 51 920 7 598 32 1062
6512 -1.1232005236510159 2.3842796359525384 2.1489652675767652 114 108 90 0.40710774868596783 57 196 37 149 1 227 2 243
1252 1.526580047231745 2.2435730610714044 2.0457265459782015 89 89 83 0.2590990019453322 98 420 97 1038 87 777
1909 0.11682813695281134 1.2175319927040305 1.6687654741079812 53 56 72 0.10878321371582579 89 490 95 363 41 387
2935 0.81217430296586213 1.6688991297766886 3.0020517186988527 230 218 185 0.64555876696987946 33 364 80 356 54 377 8 394 42 571 58 24 34 722 5 794 92 899 78 866 25 862 44 971 100 976 79 977 39 838 28 798 31 804 53 860 90 847 66 1018 71 835
1254 -0.38542604758658283 1.740598081882982 1.2003172303180794 107 94 28 0.85933361459426627 56 1112 91 1092 97 1068 87 1072 83 650 26 503 50 345 65 375
1256 0.39735346721596132 1.8506393810487436 1.8538576419273896 117 94 25 0.10277041314690416 56 956 97 1097 84 1051
1913 0.41614837077500744 1.0472491800712163 2.0471845827096078 146 80 12 0.24201885942329326 89 495 95 373 41 399 22 87 13 118 93 89 43 131 92 178 18 74
2424 -0.023916885091207665 1.6185800213427617 1.9302701705341276 253 190 48 0.042556193005345737 41 74 22 67 95 62
1259 -0.41895742879146053 2.8767263008102875 1.2279278186498817 112 74 51 0.32804771483679823 91 1072 97 1156 84 1109 87 1187 83 614
1260 -0.62758386915340159 1.493255795433474 1.4458295943468258 253 211 56 0.43121981765084111 91 1082 97 1175 84 1131 87 1210 11 1500 48 1491
1917 0.47766119178442806 1.065440611648075 2.0019518306127013 255 223 60 0.1630501625133331 89 70 95 380 41 410 22 353 13 375
2418 -0.55153102445257962 1.5618246555929607 1.6212211903109728 195 186 176 0.85341368599608924 27 1118 63 1152 22 1128 69 899 93 1114
1261 0.97244624991094952 1.3394368915433319 1.5800017396545574 105 91 26 0.84658692460403562 91 1085 97 1184 84 1140 87 1085 11 1524 83 732 7 909 51 1068
1262 0.42513601415385638 2.1877661232522971 1.7878425016739732 23 19 16 1.3690064719709369 91 1118 97 1205 84 1168 83 767
1267 0.22007296699982423 2.7186486997881896 1.4784117317033469 86 86 81 0.57578797040854435 36 1064 97 1229 59 1410 89 1132 41 817
1861 0.61049209016537909 0.99662470136224635 2.0661172607396248 179 108 19 0.28880316346278379 89 80 95 68 41 85 22 140 93 122
2887 -0.24500925468962365 1.6387939577305053 1.4638554918764481 11 8 5 1.8916331914345492 6 1188 33 1153 80 1146 54 1175 8 1147
1270 -0.83478974644025039 1.8959230840326571 1.6195539197236177 0 0 0 0.35350731815264019 91 1168 97 1262 84 1222 87 1289
1272 -0.8295028120728335 1.8155060474837965 1.0125713149080182 0 0 0 1.5614210946845204 91 1213 97 1310 84 1243 87 1335 11 1604
1865 -0.77755153754997042 2.5568191441106687 1.3705720485422801 43 50 67 0.089418637630386877 89 149 95 86 41 99
2376 0.72437656711096021 2.4256436443488996 1.7740198684344028 139 91 66 0.51029941255105649 16 485 63 759 55 668 85 675 6 500 64 689 33 476 80 438 54 446 88 587 72 668 21 118
1275 -0.18720685679393087 1.6455240537832194 1.824876869688516 0 0 0 0.86271179997936831 91 1233 97 1332 84 1282 87 1338 11 1627
1276 -0.17756298114570979 1.6450387458184952 1.7953430434890965 0 0 0 1.188269287090352 91 1232 97 1333 84 1283 87 1339 48 1660 48 1677 11 1628 26 696 82 652
1869 0.23903339819459607 1.7736666601339417 2.7015628042394857 222 127 19 0.48575594170363462 89 164 95 107 41 130
2370 -0.038632244940997776 1.7397125623970251 1.7504045530176986 171 140 48 0.42539005713936234 27 648 63 650 88 606 72 605
1277 -0.11762073822516843 1.9501848556565697 1.4378836338078869 143 94 15 1.1242167654976656 91 1253 97 1345 84 1299 87 1367 83 869 7 1104 51 1305 26 706
1278 -0.53710887899039661 2.4334125552059436 1.377036671716543 24 18 8 1.3255354999270073 91 1263 97 1352 84 1305 87 1369 11 1653
1280 -0.63137748937747007 1.676569710948854 1.2173573210489514 180 161 45 2.0807640231281699 98 1441 99 1352 36 1083 29 1102 97 1254 56 1313 91 1084 84 1216 87 1284
1281 -0.42989055960547468 2.5347109969644004 1.3484088708920792 55 66 93 0.26886609667188327 29 867 36 877 91 886 56 1033 97 901 98 1121 99 1060 84 859 87 916 83 544 26 429 82 395 7 519 65 440 76 573 3 429 50 414
1712 0.15761435431858678 2.4131049816309638 1.657900949168023 2 2 3 0.29674488776434682 59 911 12 769 89 697 95 789 41 618
2237 0.89351995113443461 2.2914333927130834 2.0228155377929671 235 216 176 0.031873257704745243 89 1190 95 1068 41 1078
1282 1.3911700371232383 2.0426202768648443 2.3309739902455608 0 0 0 0.26449974049544211 97 1212 59 1458
1287 -0.40367407251368187 1.6835718402555844 1.165580117635296 244 190 48 0.11167584064740262 97 574 84 24 11 748
2235 0.75887696920506431 2.3674893040983616 1.8497628666894268 220 203 164 0.12280048444298845 89 1188 95 1056 41 1069
1288 -0.38716984189748854 1.686092806300439 1.1372847787071516 244 190 48 0.056038003344363596 97 575 84 25
1289 -0.088083137407478043 1.4954694789512339 1.7533970243956809 134 96 20 0.15436614322326808 97 29 84 28 87 40 11 751
1720 0.94749833598157263 2.2645394604251514 1.8463005147327956 108 75 58 1.871945726392588 59 905 12 951 89 734 95 644 41 656 22 731
1290 -0.269660549367924 1.7645001881505402 1.1873699349046591 211 210 231 0.46349214367683167 97 37 84 40 87 587 48 788 83 243 50 18 65 21 3 356
1293 0.18516960815757763 1.8559028669741831 1.5527281183120143 137 101 35 0.06213656516761619 97 63 84 75
1295 0.33427526427959064 1.7730241737503987 2.7848091390980159 38 18 10 0.36513160933201666 97 80 84 88 11 179 26 64
1296 0.39693765315212121 1.7895550132462019 2.7817736247045612 147 98 70 0.33281423398158949 97 626 84 93 87 627 11 1047 51 907 7 133
6275 -0.99116325196477317 2.2000804059433481 1.6539698946763666 159 144 154 0.22780541975598231 17 543 74 725 35 651
1297 -0.31901131800038807 2.307327953006181 1.473958207652698 76 66 16 0.084240239107476758 91 183 97 119 84 118
1664 0.99205695616479483 2.2917504156151178 1.978727644039507 230 213 176 0.44450714548588588 48 1226 59 1375 12 1135 89 1221 41 1104
1298 -0.016458302269266742 2.208122032123101 1.6186363581870062 79 63 14 0.15306260746985276 97 118 99 345 84 119 48 424
2189 0.72190324528961058 1.038662578769689 1.3171580315051727 255 251 70 0.084892854925473979 89 1450 95 1330 41 1348
1301 0.36638731156886695 2.2521790380625371 1.6068231750535662 24 25 32 0.039051975164877364 97 174 84 163
1668 -0.80507797056779551 2.8991018511662459 1.2799030473589112 130 132 123 0.7700760845812088 16 1464 59 1493 64 1268 63 1069 27 1044 33 1135 55 989 80 1121
2694 -0.44923850128797493 2.8926936463787869 1.2004805097210138 62 47 42 0.1648639532185007 85 332 6 381 33 312 80 286 54 272 8 308 58 338 21 658
1303 0.5880582009437878 2.1853836075661257 2.2124227249726278 231 214 175 0.037783922433582452 97 179 84 177
1304 -0.39962034555253545 2.524533565842495 1.3635261443528019 18 19 27 0.078650041086932854 97 210 84 184 87 179 11 413 83 104
2187 -0.32624824044874323 1.8180940452666987 1.4227092012876097 255 217 62 0.7141513769959591 89 1446 95 1315 41 1339 22 1246 13 1161
1305 0.25073628227886069 2.3173972648540131 1.6602088607659793 35 30 15 0.064220075417262074 97 197 84 193 87 232
1672 -0.53962408774001125 1.4866501743485709 1.4631500580769456 250 209 70 0.16997412717415392 48 1494 59 1504
1306 0.25073628227886069 2.3173972648540131 1.6602088607659793 35 30 15 0.064220075417262074 97 198 84 194 87 231
6293 0.31919404690322123 1.1694432649203175 1.8898359441760004 43 40 43 0.13094595465229791 17 849 74 794 35 815
1307 0.43595486362856528 2.2705637476475093 1.7636979293267561 49 54 76 0.093674620451030366 97 214 84 202 87 252 11 514 83 131
1309 0.98841061021642795 2.1029256249401089 2.3120832304666692 116 107 86 0.052392767543032195 97 216 84 233
1676 1.0436715545785484 1.4793978239395613 1.7538603567444011 0 0 0 3.2896688176709699 48 1687 59 1607
1311 0.34365644355155844 2.3204659684149775 1.7223428184593503 22 25 35 0.092828499187038505 97 240 84 235 48 545
1312 0.32167632489107484 2.333950718824235 1.6922909890437425 65 70 92 0.016201161933067657 97 252 84 239
1313 0.67905125851600623 2.2138411738981039 2.1767869205071966 116 104 79 0.040411298270320986 97 230 84 241 87 294
1616 -0.20878810060506564 2.1204454498648966 1.3738768519229532 101 76 15 0.4237126108900589 87 1321 11 1612 7 1059 51 1196
3020 0.32492956974060666 0.82952599159252549 2.0263439157504637 245 214 66 0.34772166986729841 33 847 80 991 54 877
1314 -0.39342058565253063 2.5841456855946401 1.3944107488958131 19 21 31 0.052801866102753094 97 300 84 256 87 229
2141 0.74163894423403931 1.3801833038574072 1.4517053421905717 104 91 27 1.0822050708417077 89 1385 95 1174 41 1192
4033 0.43592350990628115 1.0779800451260513 1.3829821067672681 126 134 147 0.65705950453241146 76 5 52 10 77 331 2 374
2646 0.55326250129163845 1.044963160863019 1.4553987086824696 149 133 44 0.45836628554200298 55 750 85 790 33 857 80 832 8 894 42 780 58 910 88 704 72 802
1319 0.85975310640727531 2.3281322680152376 1.9766497893283732 236 220 180 0.15113777896773337 97 446 84 425 87 750
4042 -0.78816849610440765 2.4003060686554165 1.3142384393938635 15 17 19 0.22225814250977971 30 475 76 130 52 126 46 410 77 429 2 440 70 390 57 404 37 359
1320 0.39870403901926604 2.4776468641954201 1.7523290553879307 11 12 14 0.10362991862012781 97 462 84 429 87 439 11 636
2139 -0.54375896933503443 2.478548082904195 1.2689880081068565 6 8 14 0.15632263025942669 89 1290 95 1165 41 1180
3019 0.32492956974060666 0.82952599159252549 2.0263439157504637 245 214 66 0.34772166986729841 33 846 80 990 54 876
1321 1.2226073670727844 2.2148313267119941 2.085617050944522 232 217 183 0.14203692264949988 97 447 84 442 87 761 11 941
1624 -0.70662670630672497 1.6341936254714304 1.231736676261785 255 224 73 0.42143724755400641 48 75 59 89 12 118 27 99 63 137 55 261 85 267 64 236 6 244 33 544 80 204 54 205 42 257 72 5
1322 -0.052693589022413799 2.6456283810734047 1.5514898277714861 5 6 7 0.036865281906907216 97 481 84 445 87 418
1323 -0.2340152987278161 2.7104945370033033 1.4786700393304586 4 6 8 0.054270691492600213 97 488 84 446 87 403
3036 0.30318769458968076 1.6516482765193041 1.5106432758771542 230 214 175 1.2552797859696796 6 1134 33 1007 80 1089
2221 0.14550737711743048 2.2693782612555071 2.0749938818899412 103 78 55 0.038072524594120853 89 1045 95 765 41 764
1330 -0.079094787026605023 2.758698436989051 1.3564079489688416 24 16 14 0.17698833424972171 97 545 84 505 87 520 11 677 12 558 26 185
4061 0.55563605016897466 1.4555285963080036 1.4574751668552512 0 0 0 0.18335771252951455 76 493 52 316
1331 -0.45613922110381599 2.9075574712742713 1.1862204709672921 158 129 117 0.20184810730847821 56 883 97 547 84 506 48 676
4058 0.054995407238301465 1.2032877039410999 1.7315738481441187 82 75 71 0.31600925616728925 76 283 52 303 46 348 77 349
2219 0.44787325396350297 2.2935728829007314 1.7177448333474372 2 1 2 0.62534891008917481 12 768 95 627 41 634
1336 -0.35674761527523752 1.647107433794214 1.1978242613197012 253 224 64 0.44288341812098941 97 26 84 543 87 569 11 994 89 1259 12 1210 95 1138 41 1153 27 1013 63 1035 22 1036 13 951 93 1032 69 830
1338 1.0014337849737227 1.2723960213957031 1.55084409634347 110 95 27 0.33226982252517623 56 906 84 548
1343 0.38928092463375663 1.7578859993645801 2.7951716540749127 40 19 11 0.37805648319116231 97 619 84 598 87 624 11 799 83 303 51 587 7 533 18 519 3 454 26 65 50 90 65 118
1344 0.39332693037283722 1.7589001990106026 2.7884733253629372 40 19 11 0.33285677671245983 97 620 84 599 87 625 11 800 83 304 51 588 7 534 3 455 26 66 82 78 50 91 65 119
1776 -1.1398028482448432 2.4098855203459908 2.0950440628742064 225 212 178 0.3560412806548971 32 893 64 986 30 505
1349 0.37056451782079558 1.8608925945919459 2.7374928301098715 46 30 22 0.097442506886524852 97 635 84 613 87 635
1780 0.44505067135484599 0.77148339058784443 1.8784880965868038 254 250 81 2.0427262642663591 91 973 64 1050
2806 -1.0363671784968349 2.4595861662942218 2.0248157113684964 178 169 143 0.20086155863459187 6 347 33 592 80 306 54 303 8 354 58 354 21 313
1351 0.32544500608589338 1.978532155829356 1.8902870558515512 114 92 23 0.072800539272754622 97 642 84 616 87 639 11 822
2299 -0.67345528078205208 2.5314050164462887 1.2439834672730687 119 120 112 0.67277472506844493 12 1097 27 939 63 763
1352 0.32469681350510671 1.9787478492545398 1.8918801446100129 114 92 23 0.071524446106867243 91 627 84 617 11 823 87 640
1353 0.026264421910993957 2.0756514520475751 1.8442701027344073 50 51 62 0.13504276056908726 91 852 97 643 84 619
1354 0.33266600150000553 2.0062639800324784 1.9025943470178268 78 40 4 0.21980977210816896 91 631 97 646 84 623 48 846 83 301
1357 0.31271945256931188 2.0693230808650021 1.9405637750247784 55 25 1 0.05263848801568035 97 111 84 638 83 309
1788 0.43931678816988595 2.4846847986774208 1.7711426585364678 188 174 143 0.76639667558496627 98 519 16 502 45 444 64 705 48 1235 59 1189 12 949 41 816 95 816 27 567 63 569 22 512 6 213 55 493
1359 0.88913861039067421 1.9649445185988856 1.1080053959777538 235 217 177 1.5179207634270182 97 651 84 644
1360 0.38423037009630984 2.0667676610612835 2.0743249155493881 32 31 36 0.10149639370299496 97 655 84 647 83 539
1569 -0.24235353245300156 2.5056350107590508 1.4525246074852258 4 3 4 0.095478381398479195 87 218 11 452 83 114
6339 0.2423445402019225 1.3228106606283117 2.0035341697711337 0 0 0 0.45949394484629119 17 1034 74 1022 35 883
1365 0.7439360144290087 2.4088439242856685 1.8064957182442936 95 67 58 0.2201973767756539 97 733 84 727 87 758 11 1248 48 1434
1732 -0.25278881597281766 2.737215770906186 1.4407204743042192 73 82 84 0.27997214952825461 59 1406 12 1144 64 1261 89 1055 95 1179 41 956 27 1042 55 979 13 720 85 1001 6 1097 21 990
2251 -0.27459231951382823 1.8002877150958587 1.295700985049222 92 67 13 0.076119485281267427 12 201 27 149 63 196
1577 -0.66273908498853962 1.5512470619566674 1.1976059092487032 213 2 1 0.86785593217725143 16 1003 32 450 11 709
1373 0.10045728531801874 1.7458262579081185 1.4013042009740877 100 90 28 0.086239861495098033 97 813 84 784 87 839
1740 -0.47600547960663248 2.1133519741522728 1.3461103553206006 41 39 41 0.50847659946980184 59 1531 12 1229 64 1247
2082 0.58526609943838781 2.3993568198010635 1.8853937699095349 221 203 163 0.10899154761048188 89 1136 95 1011 41 1029 22 866 13 761
1378 0.55571548591208253 1.8300478479793785 2.8061620979360469 213 195 155 0.11032952842694535 97 850 84 816 87 1130 83 697
2205 -0.67047178982814826 2.8799245598893495 1.3070094623045285 121 125 118 0.19433984097302814 89 226 95 160 41 187
1381 -0.42781408871674692 2.4771494779931462 1.315984204706879 51 57 77 0.11148597204429571 97 672 84 845 87 697
1684 -0.18778817259636765 2.7178556196487342 1.4640886539090769 78 86 88 0.36022878740835973 98 1291 16 1382 99 1204 45 1501 56 1069 29 727 36 418 59 1485 48 1452 11 1415 84 986 97 1026 87 1013 12 1263 89 1305 95 1180 41 1195 27 1104 63 1135 55 1046 13 974 85 998 18 1204
2710 0.48163879575821189 0.99983884790550459 1.6122941094985392 116 97 26 0.30156036097722438 85 588 6 653 33 621 80 608
1383 1.0043600394932244 2.071672679693711 2.3583421749461966 230 216 178 0.68601279181422659 97 898 84 870 87 940 48 1185 11 1387 59 1131 12 1042 51 973 7 845
1384 -0.60741823989854771 2.6582800784051952 1.2007608524747335 124 126 120 1.388084571808579 91 919 97 931 84 890 87 926
2203 0.79669197683360815 1.1354489424882064 1.8450108998145633 183 116 30 0.13959472549458438 89 172 95 139 41 171
1386 0.43709838150207747 2.348651650608288 1.7983756216011386 1 2 3 0.058531949450382377 97 936 84 902 48 902 59 904
1389 0.51462361781176091 2.3375357899972529 2.0179790861777205 217 199 159 0.046584519256670343 97 942 84 924
1390 0.73355680418073488 2.302631943854037 2.0563393393030145 229 212 174 0.1083772801835776 97 959 84 947 87 998
1391 0.72426317759500802 2.3061518395449996 2.1043126486359527 229 212 174 0.067655253872697108 97 960 84 948
1392 -0.17640325249429972 2.6791479562932237 1.4842054278204997 11 12 13 0.80695836320343817 16 1458 97 1014 84 979 48 1440 11 1404 7 576 51 604
6371 -1.3320249540029341 2.4184578282410043 2.1147257336230156 110 78 63 0.80359155325801523 60 967 17 1018 74 966 8 1047 21 1107 47 1048 35 873
2285 0.28180127881242933 0.78947902538162362 1.884478410114709 156 138 41 1.2720997315348699 12 799 27 767 55 871
1394 0.23706027971625412 1.0032737259934619 1.6841620467630951 109 121 154 0.59452210662176264 97 758 84 996 48 1267 91 762 12 965
1397 -0.33996888586596152 1.7172562060409737 1.2103122840633231 22 19 24 0.23469339155038077 97 1067 84 1014 87 1069 48 1295 83 470 51 829 3 622 7 748 50 342 65 374
1764 -0.2377613498052486 2.7266754389971388 1.4719097965717525 67 76 78 0.056292580390506559 12 517 64 430 27 344
2790 1.0448557908169229 2.277313447235247 1.937682698664976 98 64 49 0.36683099605537328 85 642 33 430 80 387 6 123 58 75
1399 -0.13302266656364894 1.9944286298029343 1.3911542186544059 250 207 63 0.2681049852405924 91 1019 84 1046 87 864
2283 0.49075234795320638 2.274925219812066 1.8032962347551624 214 197 157 1.8022836240337958 41 636 27 726 95 630 63 547
1400 0.73914403229577641 1.6361254757704788 2.9323267815939333 149 106 82 1.26110448396949 29 806 84 1052 82 385
1401 0.4343694967905255 1.9197254033653013 2.1842123858216609 207 188 149 1.1106144532283773 97 851 84 1061 87 1125
1768 -0.58473973467517826 1.6495435636571731 1.1982502689315995 254 215 71 0.13635388346038413 45 75 64 620 6 550 33 528
1407 0.12011214904376682 2.5758830667209058 1.6617624870237457 15 17 17 0.28180888397233855 97 1141 84 1089 48 1561 87 1167 11 1548 12 1254
1408 0.85794004912759603 2.3455893976932969 1.8453968926266413 111 80 68 0.78244012064909019 97 1139 84 1093 87 1253 51 1218
1553 0.39403882361764009 1.5608276859564851 1.4992444217010958 153 111 39 0.29281790706116767 87 57 11 126
1412 0.27044425532469968 0.88880745600606437 1.7292290863491409 126 131 146 0.99236936385752605 97 1044 84 1126 87 1279
1557 -0.31437142804938212 2.075821243735565 1.3117605647517363 253 218 80 0.60043970001742797 48 333 11 173 59 341 64 339
1413 0.94388179650112469 1.0519404903630785 1.9514755633248726 0 0 0 0.51007078082441193 97 1178 84 1132 87 1211 83 238
2583 0.31110530781516371 0.7296948252096388 1.8026681455873823 0 0 0 0.7291005949805055 22 1135 93 1035 69 903
1414 0.40173115848756968 1.5483683302238092 1.9053722095064158 0 0 0 1.4654799848717459 97 1189 84 1147 87 1227 82 653
1416 0.70896838371840132 1.6015986475808284 2.8922437860001042 0 0 0 2.0693189280717825 56 1135 84 1159 7 955
1561 -0.31904723981866662 2.125883983797086 1.2835683083442422 105 72 12 0.30555099846890066 87 101 11 194 51 101 3 72
1419 -0.54795175123463957 2.6043881161849631 1.3264288801040274 49 50 65 0.19844976556954252 97 1123 84 1173 87 1242 11 1365
2072 0.60455447249926175 2.2677756402824931 2.1072810858132289 230 210 169 0.088376185755610862 89 1110 95 982 41 1004
1420 -0.56886080981496234 2.8449190452382185 1.3063896399088359 142 146 142 0.93533773973195111 97 1219 84 1187 48 1565 83 710
1565 0.42385980301080051 1.9515085642524483 1.9245861244560885 79 80 97 0.25362040026858768 87 135 11 261 83 298 51 153 7 517
1422 0.28576176313471963 2.6889520640582942 1.4928551740029496 88 88 82 1.8427893106290831 45 1396 84 1201 30 817 32 1055 77 768 2 839 51 1129
6687 0.65236086021136364 0.86316424030677275 2.2202698900282813 0 0 0 0.55667938073111534 96 936 75 925 86 673
1424 -0.75548947095784502 3.1139240250237235 1.6899266323974824 86 85 80 0.43211221933859933 97 1237 84 1204
1633 -0.94143206692159909 2.6915747619012023 1.583552978904331 125 126 116 0.15742698504276634 56 840 59 505 63 290
1427 0.64223115522499619 1.3908110589893665 1.5634869453297819 0 0 0 1.937028849091107 56 1339 97 1255 84 1218 87 1288 83 792
1428 0.50920379615547717 1.5014361094483506 1.5188961373175178 101 81 21 0.50514235316162925 97 1260 84 1221
1637 0.45244729921328691 1.0497078876686496 1.4667318967487082 9 10 14 0.49760937377015885 48 25 59 691 12 823
1429 -0.27037316698400199 1.8965613001751058 1.3666908604913399 112 95 26 0.26602399934338622 97 1267 84 1224 87 1295
6170 -0.85798356211514792 2.2443299536119041 2.006664569735527 66 69 84 0.29083596156023822 17 310 74 293 35 468
2663 -0.48213425060790716 2.8732752412162852 1.2775860654843825 50 39 40 0.26125248463540751 13 964 55 986 85 1016 6 1111 33 1062 80 1066 54 1101 58 1103 88 800 72 880 21 1104 43 658 67 1001 69 610
1430 -0.32116917545274981 1.954324013776187 1.3871975729198787 254 218 71 2.0248291870309774 97 1269 84 1226 87 1098 51 850
1432 0.018732050713311046 1.5052246568345049 1.8468489337991461 0 0 0 0.76220829907218191 97 1289 84 1245 50 562 65 590
1641 0.37710571878948101 2.587223952329607 1.5611296931741516 56 40 35 0.13745987751892966 45 932 59 922 27 582 63 586
1435 0.23897909846264864 2.0240118504899067 1.854763277010985 127 90 47 0.77491116071451971 97 1297 84 1252 83 860
2152 -0.59220636755354539 1.8085908462004021 1.1306098275148091 34 34 34 0.27730210857586018 89 1405 95 1223 41 1236
1436 -0.054615248257493386 2.740605089345534 1.369750033503939 42 32 29 0.33180653616528849 97 1309 84 1261 87 1328
1645 -0.56032403213803417 1.6425659673994721 1.1800757481248552 255 226 77 0.09274453302114477 45 632 59 1029 12 853
1437 0.016724992222308721 1.609390720003451 1.708340582227859 206 178 66 1.0556478399222704 97 1312 84 1269 87 1341
2146 1.3752589839288105 1.9904491300649676 2.1742727226522165 244 224 180 0.14911098637482573 89 1326 95 1207
1438 0.014807009101569547 1.4403442590907412 1.8927408258448937 0 0 0 0.82758232753294381 97 1328 84 1279 48 1659 59 1592 12 1385
1440 0.22645299476298852 1.1393831350558876 1.7699634446649384 18 14 15 1.9866978007213574 97 1340 84 1293 59 1601 83 875 50 673 65 710
1585 0.21516047366921648 1.906950477011784 1.5870468758815526 9 10 15 0.091182477699996531 48 836 87 874 11 1054
1443 0.30265651748629219 1.3989289295388627 1.7586880345640465 126 87 19 2.3455902510483533 97 1357 84 1309 87 1377 83 884 26 716 50 681
6192 -0.63312178955507237 1.6147566841892254 1.596948177266218 176 181 206 0.11854132423500036 17 445 74 408 35 341
1445 -0.36383662640475734 2.804843512368516 1.3096462506414561 42 31 28 1.545990230277938 29 445 36 453 91 509 97 527 84 473 84 480 32 1163 98 1156 16 1390 99 1094 45 1507 56 862 29 452 36 731 91 513 97 531 87 450 87 736 48 1464 11 1226 59 1492 12 1268 64 1320 89 1300 30 919
1453 0.57017760302035425 1.3909178592321203 1.577462469631135 92 71 16 1.2104165887867204 98 1193 29 770 91 997 97 1064 84 1011 87 1074 48 1013 11 1297 83 731 26 582 82 453
1756 -0.24397803226350606 2.797499653459242 1.3596978490081615 59 45 44 1.9254744113312525 12 1413 64 1391 27 1180 63 1213 55 1128 85 1146 6 1243 33 1210
2098 1.1295041273327162 2.0224670223263672 2.3886564600806777 235 219 180 0.20056433153830111 89 1171 95 1053 41 1068
1459 0.37999541764153244 1.7392661012557633 1.7841550979885441 107 84 26 0.24692993381153869 91 70 87 91 11 170
1460 0.38328336921385009 1.9514838576967102 1.9661515505989706 53 31 5 0.61039796090461429 84 106 97 98 87 132 11 821
1541 0.96047045093198857 2.0485813620829112 2.3766564751528767 231 218 181 0.4878515485002668 32 150 98 318 45 216 56 244 48 429 97 168 84 169 87 256 11 509 59 245 12 740 64 534 59 848 89 727 95 635 41 643 22 533 13 498 93 496 51 379 18 649 69 562 93 713 40 450
1461 -0.22675516188480674 2.2861160030554979 1.5081788052522007 82 72 19 0.21687674711833063 84 646 97 123 87 139
6202 -0.49099356766258706 1.7858830964630124 1.884198700027897 186 190 213 0.17098010566407837 17 484 74 442 35 391
2567 1.2122119348047569 2.2473408558084507 2.0358685893732993 111 74 59 0.17678939710670205 89 461 93 293 18 367
1462 -0.46027146992169793 2.5436201840757473 1.3358807977265448 23 26 38 0.13973035391821112 84 183 87 175 11 408 83 101
1464 0.40218742003806041 2.2420055144214466 1.711691648807061 28 30 40 0.012726000887694405 84 166 87 226
1545 1.1290011379930029 1.9256748382788755 2.5333170965740535 233 218 179 0.67306712062528173 16 765 32 101 45 744 56 712 91 161 48 1171 97 874 84 841 64 843
1468 0.98856765202837726 2.0826976439793836 2.3277539087049215 235 221 185 0.1585352566852298 97 190 87 295 11 859 93 715
1475 -0.19227576833142021 1.9323258892509725 1.454391024111332 254 228 59 0.22320513271962827 84 69 87 606 11 1033 48 822 59 850 83 268
6224 -0.64099603945549566 2.8542831830869453 1.3271004900274472 121 125 118 0.096939922306606183 17 566 74 518 35 201
2048 -0.78476643333048801 2.4565278308978775 1.2037219902057108 88 105 143 0.28460733348904693 11 1532 89 1280 95 883 41 915
1476 0.4714733673475231 1.7546615647143968 1.8582815584898005 168 150 140 0.14649995762449697 84 582 87 617 83 284
2106 1.2012077105234256 2.1827716202842655 2.1622958306279383 233 217 178 0.075035307660783049 89 1227 95 1099 41 1115
3876 -0.64982090212693377 1.8093590451220056 1.788169165283956 255 246 64 0.2116046034356418 25 858 44 403 78 879
2647 0.32481924724631933 0.96209326249305793 1.650318563809573 20 27 39 0.73847436555936019 55 727 64 1057 85 791 6 912 33 862 80 847 54 879 8 909 42 794 58 644 88 709 72 783 34 883 5 876 21 697 32 793 43 695 92 752 46 511 47 671
1478 0.35205951559457971 1.9154532987201804 1.8542702482674391 113 92 23 0.23430184601996962 84 604 87 633 82 217
2857 -0.60368928748018169 1.6706047191059357 1.1571152454407969 255 228 71 0.090885319289833177 6 976 33 942 80 927 54 973
1483 1.1641829532204464 2.2633604901532869 2.0393478502180158 98 70 61 0.66439025414382735 97 724 87 1045 11 1484
2136 0.29313341453832648 1.4186182572428208 1.3648169898767282 88 80 44 0.21281052439006021 89 1370 95 1161 41 1172
2850 -0.58686550887955657 1.5286488457542711 1.3655803976411933 255 233 73 0.12147772281605183 6 965 33 927 80 917 54 960
1484 -0.71889675578340406 1.7381911325367954 1.0610329585179505 183 146 35 0.18649993005359269 84 1002 87 1063 11 1271
1629 -0.37654199006554062 2.1032798621690718 1.2939094175054855 234 194 53 0.26582866713246595 48 336 59 352 12 732
3875 -0.49201250198041324 1.8280020017836307 1.7583659002429768 253 223 60 0.28239182786786693 25 822 78 842 44 390 100 405 79 439 15 750
1485 -0.66708968683498071 2.0764862857119724 1.1076763489622952 66 75 104 1.3525454329798166 84 1225 87 1094 11 1526 26 585
2130 -0.27403090683655368 1.7489220280851352 1.2046237379918787 201 208 232 0.11647851446530615 89 1268 95 1147 41 1159
1486 -0.49170193792223194 2.0253337829523703 1.4180667382074428 254 224 64 0.21296499111045522 84 1039 87 1101 11 1308 51 847
6751 0.61759956786803738 1.1031986281213904 1.2927726661418462 134 116 43 0.18090986975153434 38 530 19 617
1491 -0.23163865172572601 1.7334896657466852 1.7407632822274692 252 210 71 1.4398318633712828 97 1076 87 1221 11 1577
2064 0.51479995938398271 2.243502595595416 2.1166694635941874 223 203 161 0.060322907251820969 89 1077 95 957 41 980
5507 -0.036625253560139549 1.623877313245184 1.9793633865597393 255 223 57 0.36236390581330691 10 1015 71 879 4 703 94 647
1492 0.5103848088190851 1.6502904831440266 2.9363846113042116 0 0 0 0.74793497989274116 84 1227 97 1197 87 1235 7 1062
2058 0.83711700770105324 1.212548713933401 1.4942729850893808 255 253 74 0.38953484148536277 89 853 95 924
2866 0.40863376087585773 0.94944900521326392 1.7264741941389414 124 102 26 0.55469431689450088 6 907 33 991
1500 0.60707399751896951 2.3934432199879163 1.2533320944038631 0 0 0 0.71371209802679381 91 1240 97 1305
1709 -0.078164461565661911 1.779385490044999 1.7091912546853167 131 97 24 0.1119571382301419 59 797 12 685 63 508
3891 0.34489630046617764 2.1126629533060943 2.3880515538063154 237 214 170 0.091353355568841957 25 818 78 828 44 686
2210 0.2549932516110241 2.9648586476098031 4.4932654409538397 255 235 73 1.1663461779352693 89 301 95 207 41 251
1501 -0.64108929577568285 2.5609777129229241 1.2146006647877157 122 120 110 0.76736776516313043 87 1361 89 1447 95 1317 41 1341
1502 -0.94947780357600697 1.9103532257422566 1.1389668617823756 0 0 0 2.413138008443712 36 1175 87 1364 83 883
1504 -0.16368011783192676 2.7341869298154817 1.3982961688948157 30 22 21 0.85169762735245425 91 491 97 519 84 467 87 466 48 1461 59 1488 12 1267 89 1308 95 1185 41 1197 27 1109 63 1138 22 1161 55 1048 64 1262 13 1072 93 1137 85 1064 6 1201 88 977 72 973 43 922 18 1207 69 913 23 1111
1649 0.58736585718867396 1.9583925104694564 2.3206084098631314 234 217 176 1.8954678447070861 45 755 59 1095
1507 0.49544590652266318 2.4156980876361129 1.7395020831312702 209 192 155 1.9557483577486303 84 1084 97 1133 56 839 91 916 87 1170 98 1101 16 1168 99 1035 45 1207 56 1175 11 1427 30 459
6256 -0.47929413315094443 1.6813879856011202 1.66269154778822 171 106 21 0.13692159901435211 17 708 74 660 35 595
2080 0.79032537183588381 2.1976466112176345 2.1830549278963165 235 217 176 0.17514574188309506 89 1130 95 1009 41 1027
1508 0.88169489672668322 1.177482647019191 1.7759829605846911 255 231 75 0.38357741954234853 87 39 48 72 59 46
1509 0.7634351697245324 1.3129786556938472 1.4001401388966945 241 136 13 0.11149144339044292 91 30 48 105 83 237
2679 0.90453798911622196 2.3757334023041485 1.7724704831764493 41 29 27 0.12741548809096967 85 175 6 155 80 103 54 86 8 95 58 121
1512 -0.17965925735512614 2.058439208501762 1.3687561902184155 167 177 204 0.24410555664548889 56 141 48 345 11 189 59 879 12 737 27 550 63 545
1657 -0.45298752984541663 1.5574187605868366 1.2969291372977885 255 235 76 0.69564803948293497 48 1001 59 1250 27 993 63 1005
1515 0.61148774153571617 0.95777719740925071 2.1231678974433636 125 64 8 0.35151141307363248 87 545 48 691 11 710 89 505 95 383 41 415 22 387 93 396 69 295
2168 0.97777091097310176 1.2987119980156232 1.5382257275234057 105 92 28 0.30210540466490804 89 1390 95 1260 41 1274
1516 -0.1433063939487399 1.8151873802568093 1.6224429738657613 188 154 63 0.44606984749376138 87 64 48 793 11 784 59 1083
1661 0.99906582246667264 1.9676239344696107 2.451951491605517 234 217 181 0.21053438376090625 48 1339 59 1279 12 1026 89 1118
1517 -0.31678381610366013 1.898666096249932 1.5659146306497762 254 222 56 1.4739837839376733 87 602 48 797 11 1025
2162 0.031530494388035964 2.1919859826076462 4.8950630214322484 0 0 0 0.93915970087021938 89 1371 95 1239 41 1252
1518 0.74072963386938806 1.7357845359084223 2.9000187801888346 234 218 183 0.39709480249940449 16 151 48 800 11 222
1601 0.4475927356220431 2.2680966931771294 2.1137205760350568 216 197 155 0.24473018580530592 87 1153 11 1380 83 569
1523 0.39493459748070681 1.853760723773932 1.8408366806972172 112 92 24 0.39201673593530911 99 1142 48 1093 59 826
2096 1.0403211422974297 2.0986492427654908 2.2785914338545372 234 218 177 0.18439797420706194 89 1168 95 1050 41 1064
4818 -0.94342345521563431 2.3565471398462798 2.0093126900622624 14 13 12 0.18458891505014816 100 141 39 56 31 97
1524 0.15397799304738524 2.0012725645587635 1.5320316395939146 4 6 10 0.73245862069747902 45 1091 48 1158 59 1306 12 931 7 934
1605 0.58727081277532955 2.448935414514648 1.660417580078448 98 66 49 0.42120488543272788 45 1493 11 1467
1525 -0.52034220896473915 2.6457054085292699 1.3295624910920458 48 54 76 0.83552118994434033 87 721 48 1225 11 844 83 361 7 122 26 305 50 264 65 302
6266 -0.7377355705098454 2.0995205538102528 1.2674090093036201 196 138 33 0.024844704120709746 17 742 74 687 35 618
2090 0.70695506973453859 2.3606716435707003 1.9449845809861495 226 208 168 0.062622897360930893 89 1154 95 1033 41 1048
2631 -0.66024119993558006 1.6316926804734118 1.2146532696981258 205 132 40 0.24229389046427993 59 92 85 505 6 562 33 537 80 505 54 535 8 197
1526 -0.22011000052776875 1.9250988414319856 1.4108429374564941 120 101 33 0.17815735640390221 97 1089 48 1318 59 1123
1528 0.62317425356865908 2.4320053329152542 1.8256262480597625 218 201 165 0.18219514727620312 16 1346 48 1426 45 1360 11 1455 59 1386
1609 -0.78427604202129797 2.4565492063650463 1.2040011987311607 87 105 143 0.27593423338376483 87 1236 11 1531 89 1279 95 882 41 914
1531 -0.929632217835754 1.6920494188992676 1.1318360716393483 0 0 0 1.550187756625387 48 1503 27 1126
2120 -0.40696045196758013 1.5610116516179362 1.3596001232439312 255 239 71 0.34036056347335913 89 982 95 1128 41 885
1532 -1.0710491857034952 2.6979576387076354 1.5864046730716097 0 0 0 0.93723433039338122 91 1125 48 1546 59 1477 64 1316 42 1072 34 1082
1613 -0.7860926574919076 2.0543889609402846 1.1545189831580167 0 0 0 1.4570614332716583 84 1248 11 1581 83 737 65 520
1533 -0.95250893248786983 2.7909604237131767 1.4051377380873937 0 0 0 1.5946415744763249 97 1125 48 1553 64 1323 55 1052 42 1070
2114 -0.68875172785264938 1.5153867668514376 1.4142361159834456 255 242 74 0.36590353345799453 89 1246 95 1118 41 1131 22 1028
1534 0.09077307334375144 2.7593244349921844 1.406900309206792 86 85 79 1.2848218670947797 99 1208 48 1570 11 1558 89 1116
1536 0.27106500787772803 0.81133065994022524 1.8008887964610087 0 0 0 1.1527934324029436 87 1331 48 1635 11 1619 89 1427 95 1294 41 1318
3005 -0.006162115937349338 1.5483035195826242 1.7563184565708987 166 146 51 0.23399309477752683 33 897 80 884 54 917
1538 -0.20822935319946134 2.6083053382238406 1.4724886940133946 4 3 5 1.3271397932695157 32 1275 48 1667 11 1651 12 1375 30 1032
2486 -0.7753871469021808 1.5945353590179387 1.3092718788779003 255 236 72 0.46120518979981012 63 995 55 948 58 1073 33 1044
1543 -0.78075047908274853 1.7783137515947947 1.0407439664798943 111 94 24 0.75050102199676383 97 569 84 541 87 564 48 1015 16 1291 56 928 91 576 11 738 12 677 64 1138 59 1273 27 670 88 525
3003 0.30089448214511189 1.6784558085802068 1.6247991080490718 149 123 43 0.11361097560485449 33 891 80 869 54 900
1544 0.63423708530672862 2.2054743067248954 2.18170181379377 228 211 172 0.27980802204686961 98 805 16 1078 45 1128 48 1348 56 997 91 669 97 899 84 874 11 1386 87 1156 59 1314 12 1049 64 909 89 1097 95 974 41 996 27 849 63 852
1546 1.1891459764547305 2.0060484613876342 2.4230990313733232 232 218 181 0.30789351482141714 16 794 45 763 48 1182 56 739 91 646 87 945 11 1393 59 1119 12 1040 64 848 89 1187 95 1065 41 1080 22 1000
1551 0.6281623950325661 1.0004091612727535 2.0916757436930422 255 221 58 0.40458652683989932 87 9 11 19 41 433
2957 -0.592986023233399 1.7974648407646567 1.8299528625178121 253 238 72 0.045914874448219428 33 523 80 502 58 527
1554 -0.62756795744014648 2.064861548559767 1.1715969349763904 79 97 133 0.34311374765454494 48 255 11 136 59 339 12 726
1556 0.25191891779729109 1.7732360813928225 2.8495941590594871 159 110 85 0.06738634519741564 87 103 11 172
2438 1.0398825230807207 1.8892529226430184 2.6306447536772852 234 218 180 0.21495362900234649 95 812 22 729 41 814
1559 0.43150563009812942 1.7385182602394926 2.8304825262872972 44 22 14 0.22667989589435972 87 108 11 180 51 180 7 128 18 526 3 134 23 587 93 235 96 220 75 448 86 427
2955 -0.5491472151962814 1.6790113321335172 1.1453435434496066 254 226 70 0.10941144091979288 33 531 80 495 54 523
1560 0.5171507038703087 1.7044427839180785 2.9269770158648623 157 107 82 0.20395242355930421 48 149 11 183 18 556
1567 -0.39768017824114982 2.52458434360326 1.3614210148371491 30 35 51 0.014228555303912906 87 180 83 105
6542 -1.0018580666675818 2.2165745513438031 1.6317465488988578 13 14 16 0.069715949578414205 57 400 70 386 37 356 1 563 67 552
1568 -0.45865288549554922 2.6040572294863757 1.3687125931019908 30 35 51 0.18023816527464767 87 227 11 449 83 117
2909 0.2717257294229955 1.8598875305423386 2.7794656042865262 127 101 93 0.18903948471252624 33 106 80 115 54 119 58 133
2252 -0.022855809363107743 1.994270554188379 1.5505436161201924 83 61 11 0.51951456422261522 12 263 27 170 63 207
1570 0.65416397068430132 2.1171240634324131 2.276187300612432 229 213 174 0.20041561176523698 48 421 11 459 59 262 12 285 89 340 95 251 41 287 27 136
3265 -0.94044200395035793 2.6677778110406747 1.6073229240104325 124 124 115 1.4047004247245534 98 1279 16 1366 45 1496 59 1478 64 1263 85 1018 6 1114 33 1068 42 906 64 1015 6 1011 80 977 54 1036 8 1039 47 979
2390 -1.0023365650434239 2.7383281173448117 1.4829271081300999 0 0 0 0.9134780127801001 64 1172 63 944 42 910
1575 1.4722789437519115 2.2101035010573273 2.0451487052409929 39 27 23 0.039954429512344576 48 647 11 697 59 439
3274 0.77861891570572639 2.4173785246541728 1.7166623357838711 35 24 21 0.10507860974315048 8 123 58 148 21 109
2907 0.10160617744123325 1.494186805598086 1.8836966521451228 113 91 40 0.071711097590762107 33 102 80 92 54 95 42 144
1576 1.5125205808250499 2.2212416889982367 2.0386393841951529 35 23 20 0.66242578456532075 91 405 11 698 83 447 76 139 52 131 26 359 82 300 50 322
1583 0.83797054617493516 2.4184914181497419 1.7298515985127614 104 72 56 0.21658848571655223 48 946 87 529 11 949
1584 -0.48308523712234919 1.618004254558064 1.2233864563217169 255 236 74 0.58687382057090798 48 1283 87 796 11 985 59 1438 64 1216 27 1000 12 1196 63 1022 55 954 85 975 6 1057 33 1033 80 1033 88 904 72 870
2989 -0.7361421975368232 2.0829052928510352 1.2179368014234535 140 120 35 0.25227967405750201 6 833 33 788 80 764
2268 0.12365722290960182 2.6339384565780124 1.5481283424370647 89 99 101 0.25508450445467201 95 622 27 577 63 363 93 209 72 94
1586 0.73067425116266838 1.8224373120869974 2.7760723935597871 231 215 179 0.1500836545415829 48 1065 87 893 11 1086
3281 -0.78503306071087375 2.1798582553443167 1.3919973823535121 128 99 24 0.080406242277667156 6 327 58 278 21 235
2470 -0.50734989425907873 1.4973482523752173 1.4340800909386504 255 234 72 0.32558415988919559 63 478 55 466 85 478
1591 -0.12057397658691339 2.6651404054467909 1.5450856493206135 14 16 16 0.054981103172331389 87 997 11 1221
3290 0.37544763337576725 1.0452937014433248 1.5602033267011841 121 97 25 0.4663621919148519 80 20 58 400 67 3
2987 -0.81497073463632153 1.6044806015173951 1.3058531477276587 255 230 72 0.3530693329675656 6 796 80 747 5 472 78 585 25 553 15 99
1592 0.4229346345579752 2.5380142288201473 1.5723768733886114 88 62 48 0.5112733427884576 48 1454 11 1247 59 1403 12 1154 89 1142 95 1020 41 1032 63 959 22 683 13 438 93 473 69 330
2267 0.7198575712977312 1.0680128673148159 1.2538516860140523 254 254 110 0.12469425981322085 12 651 27 512 63 500
1593 -0.083835063397457291 2.8189722372563337 1.3222871889436789 87 87 82 1.6966786704948238 87 1197 11 1249 59 638 51 1121 48 1477
1594 -0.31967275171418652 1.6600066114058563 1.2557047131384855 157 109 19 0.52759227696317856 87 813 11 1280 83 647 7 898 51 1042 3 762 50 470 65 507
1599 0.93741704058282471 1.9962268193570112 2.4329119831553618 236 218 178 0.46396459882398466 48 1338 11 1376 59 1280 12 1030 89 1111 95 993 41 1015 22 1110 13 861 93 1100 18 1093 69 889 23 1119 40 719 96 893 75 885
1600 1.0631174637816767 1.9499671136916148 2.4968327883032773 237 220 181 0.12507795149032308 48 1337 11 1378 59 1275
3069 0.4068940724192196 2.4773169552718874 1.4776745018262942 0 0 0 1.9382925810150757 6 219 54 143 58 198 88 469
1602 0.79225370585912014 2.1912515227708953 2.1803270700770678 232 216 176 0.31589710126450682 48 1356 87 1161 11 1392 59 1319 12 1069 27 867 63 860
2550 0.82612133809023347 2.4169422340973856 1.7209929232474663 90 61 49 0.85448871791484038 27 1105 13 1093
1607 1.1197775262648639 2.2508276090260275 2.0380688694622497 229 214 178 0.42954014232541055 48 1412 87 1042 11 1477
1610 -0.73069196407107628 2.5125356303403086 1.1845478739194484 0 0 0 1.1556959416323742 87 1302 11 1533 95 1242 41 1251 89 1378
1615 0.25027955243725225 1.231846017208643 1.7392386065894485 10 8 10 0.96922002416601594 87 1333 11 1603 26 689
1619 -0.42771262177611913 2.3405972277672897 1.3016279492992084 10 9 2 0.92735946390600676 45 1366 84 1065 11 257 98 445 16 436 64 742 58 784
1632 0.38407795625307917 2.4608189917584551 1.7830228711463783 2 2 5 0.11948447070013465 48 630 59 493 12 474 27 306 63 303
2454 -0.86698031085861182 1.6608472636539979 1.281379150515803 255 232 73 2.2936057137040713 41 1345 22 1243 13 1160 43 1029 92 1099 81 864 40 806
1639 -0.28208734794029339 2.07346782894572 1.3444148650862808 254 218 55 0.24532398137082181 48 840 59 877 12 924 64 336 27 702 63 731 55 503 85 501 6 566 33 751 21 540
1640 -0.28148373065985677 2.0723311334278249 1.3424474536734305 254 218 55 0.14311521119085682 48 841 59 878 12 925 27 703 63 732 55 504 85 502 6 567
1642 -0.76044941965983437 2.9089049244562606 1.2654702591107125 93 99 94 0.099049026899832457 45 1009 59 936 64 788
1647 -0.69094800915417887 1.7444333639853984 1.08222210929722 105 81 22 0.57574627611910822 48 765 59 1088 64 941 12 674 27 129 63 189 55 285 6 273 42 486 54 550 58 751 34 210 21 760 67 709
1648 0.58736585718867396 1.9583925104694564 2.3206084098631314 234 217 176 1.8954678447070861 45 754 59 1094
3053 1.0565238122516387 1.2389003561337388 1.5945866688515655 211 155 41 0.98948195081114487 6 1179 80 1170 54 1196
1650 1.2248317843269392 2.0391633829443157 2.3701642991538541 234 219 181 0.088967127394144252 48 1189 59 1130 12 1056
2534 1.2548848263165238 1.9265397193924292 1.9945621687814687 237 220 179 1.6839403031744364 95 1098 13 921
3051 -1.0040311749488384 2.727753567112531 1.6142106058568271 128 130 118 0.57400788263792224 6 1210 33 1173 80 1166
1656 -0.49107776850416618 1.4426772598389601 1.4335236311761477 0 0 0 0.053051140516984764 48 1275 59 1237
1658 0.22982128105051941 1.6778422316707688 1.4036489735324136 6 7 9 0.067187158654384058 45 1319 59 1269 12 1015
1659 1.1224801533835298 1.9252195940309496 2.507997747202686 235 219 183 0.32453038249769406 11 1379 59 1272 12 1023 95 1023 41 1214 89 1320 22 1118 13 1031 93 1105 18 1221 69 893 23 1126 40 728
6638 0.84989976632177977 1.6371299252188227 3.1204703258856075 221 189 146 0.79578235498892302 51 933 23 1120 96 927 39 843 28 869 31 807 53 864 90 924 42 800 66 1101 24 888 14 870 10 1051 73 1053 62 1036 94 810 9 1060 81 775 49 1017 68 935 61 843 75 889 86 732
1663 0.57171168045356979 2.2265612079163501 2.1535241063655457 228 208 169 0.11082329230822389 48 1351 59 1318 12 1048
1670 0.71626832324646417 0.91005156870017834 2.2312839413242691 216 156 39 1.0160035778380121 87 1209 59 1499 12 1326 89 1410 95 1279 41 1296 27 1114 63 1144 22 1234 55 1056 93 1176 85 1081 88 993 18 1244 7 1084 69 972 23 1183 96 937 86 735
2327 0.81772687349924311 1.0758651532895702 2.4909586384940647 254 234 76 0.56991920470693191 12 32 55 0
1675 -0.5837886577603183 1.5055147646116513 1.3034748805063556 230 193 56 2.7031334253210795 45 1589 59 1593
1677 0.87320561349769388 2.010354040521483 2.4044072857804366 235 218 179 0.24087591306183509 48 1172 11 1188 59 1111 16 789 32 139 45 766 12 1025 89 1101 95 984 41 1006 22 931 13 838
2834 0.32496828281912865 0.83455987485651939 1.8441274210334047 164 137 39 0.34484735539720057 6 900 33 848 80 836 54 874
6431 -0.0059061116174954544 1.6672783657319366 1.9952852995291301 255 212 60 0.17153656526878555 49 152 68 164 61 148
1678 -0.14024155274272734 1.4784939523710339 1.8374401684118202 223 190 76 1.2481846615142396 98 1418 16 1520 99 1324 45 1586 59 1577 84 1265 87 1337 48 1639 11 1623 89 1432 12 1384 95 1298 41 1321 26 673 82 650
1680 0.35022988222460716 1.9445393228766958 1.8732899600978523 85 55 10 0.34754537598633245 98 707 16 766 45 192 59 841 56 970 29 582 91 849 84 813 97 637 82 363 26 403 65 426 50 402
1683 -0.7205125203631948 2.9521462125355327 1.1629213833600138 173 169 152 0.87454744070645374 98 1454 16 1541 29 1162 59 1545 91 1073 97 1283 84 1192 87 1252 48 1634 11 1547 56 1303 12 1324 89 1296 95 1255 41 1186 27 1112 22 1046 55 1090 13 960 93 1048 42 1062 88 991 72 861
1685 0.57712566628343487 0.96877979245389134 2.1050105155843086 146 77 9 0.29167413975459 87 7 12 16 89 503 95 377 41 411 27 11 63 7 22 375 55 7 13 404 93 389 88 24 72 174 43 185 92 220 69 115 40 88
1686 0.52851338326824959 1.0388307756579869 1.5107194569330167 139 123 35 0.01081905706867746 59 33 12 72
2407 -0.486297850767619 1.616239963331312 1.219301104905731 255 233 72 0.50772878667983579 64 1217 63 1023 85 976 6 1058 33 1034 80 1034
1688 -0.14044775436700571 2.0764644844014404 1.3738951971226578 166 177 205 0.15610838861153736 59 349 12 303 89 185 22 72 93 74
1691 0.24193334451646917 2.1161960314236294 1.6681707666121794 5 5 5 0.011943858228673797 59 343 12 324
2920 -0.69602069481329776 2.205420083792101 1.2142059841353514 102 62 14 0.083517934998526819 6 329 33 278 80 252 54 250 58 271
1693 0.3833717611098808 2.4579393776060803 1.7802240257730078 2 3 8 0.20100123404439221 48 629 12 473 89 373 95 265 41 302 27 305 63 302
2914 -0.15806996776511534 1.9903175537067792 2.5936994527066335 145 98 75 0.17754523793528329 33 171 80 159 42 202 34 290 44 277 100 242 28 177 90 178
1694 0.38958006958139257 2.5010586636266381 1.7505312595504943 71 77 77 0.2221822322916257 48 645 12 506 89 377
1695 -0.41671728828003801 2.7520988771839705 1.4380348428622751 2 3 8 0.11164782692238408 12 509 27 341 63 367
1704 0.46494536606930087 0.8208728745874746 2.0115076266448813 176 104 13 0.58232936549523651 87 540 12 565 95 358 89 478 41 381 55 324
3035 0.37589425362712003 1.0142485375654955 1.5471376690495036 14 18 26 0.3026944458274648 6 1121 80 1084 54 1120 8 1057 58 1118
1715 -0.79189018064573247 1.5962004434955024 1.2919466046949037 255 237 92 0.097686501289448086 59 988 12 828
1716 0.59755606747312529 1.0687776519760612 1.4006698864929747 160 132 34 0.5198069604157517 59 960 12 839 27 641 63 636
1717 -0.32163386097739199 2.1113968335954261 1.2799865666273211 253 213 58 0.25479227076459665 59 1169 12 933 64 972 32 578 89 583 95 456 41 471 27 715 63 747 22 40 13 32 93 43 85 727 55 842 6 801 33 757 80 731 58 542 30 121
1718 -0.11054248308893318 2.1061767934183346 1.4153890226663459 63 54 37 0.76143811572375286 48 1336 12 934 95 494
2311 0.054417941147997827 1.6665731827726193 1.8324001117144784 100 59 16 0.52185455187889496 12 1203 27 1068 63 1093
1723 0.39144539113743293 0.79151882868835965 1.9612476537306158 177 105 16 0.56257142168789587 11 1493 87 1051 12 963
2824 -0.52466186956632921 1.6328993581953324 1.2261674758181018 254 227 70 0.012506661119290257 6 777 33 746
1725 0.24091431588305393 1.2803567117657868 1.8492649037632298 167 132 34 0.046044779757899043 59 1231 12 972
2818 0.22786501331758705 1.6671931018312518 1.8953925789386392 145 111 28 0.38500488560065249 6 723 33 687 80 670 54 906
1726 -0.13136170475005893 2.0412357405418646 1.4278967138244203 68 59 14 0.43922503384209716 59 1313 12 1035 89 1027 95 894 41 926 27 699 63 721 22 577 55 497 13 328 93 543 85 491 18 1040 51 1079 23 688
1733 -0.31981970284250882 2.7614834957791348 1.4127044508036353 75 84 86 0.18091691837924498 59 1407 12 1145 64 1264 89 1053 95 929 41 954 27 1043 63 1066 22 799 55 981 13 716 93 556 85 1005 6 1099 18 766
1734 1.4637500048516667 2.2084994401243199 2.0618952375798369 108 74 62 0.8773252815891508 11 1492 12 1146 95 1215 59 1537 27 938 63 934 22 1187 55 789 85 614 6 687 33 638 80 621 54 650 58 668 88 682 72 839 43 832 92 844 7 1081 51 1278 3 936
2391 -0.2447258966791096 2.4951580776959181 1.4552672215841016 29 33 44 0.70488130541657767 27 937 59 1540 63 948
3108 0.19089029013472009 1.8749090502665062 2.7214761880397331 109 75 62 0.27050582186002126 33 691 54 735 42 667 88 570 72 627 34 800
2089 0.91315533081274891 2.1557398249552118 2.24128016507695 234 216 175 0.065053892085079792 89 1150 95 1031 41 1047
1739 -0.44780989838083146 1.6503426561065964 1.1626110827630738 255 233 75 0.17651791946167461 59 1444 12 1206 27 1012 63 1034
2904 1.1880415517906919 2.2636393812697833 1.976173724544753 38 24 22 0.19207328179425778 33 73 80 65 42 41
1741 -0.19587278251347018 2.2100797914375403 1.4024344025135522 112 100 27 0.2240206666402928 59 1472 12 1238 95 904 89 1032 41 931
2898 -0.9791867088327304 2.781953549542076 1.4180758348454472 0 0 0 1.5002311197442502 12 1359 33 1177
3107 -0.10048273147615921 1.3529797270785087 1.8988310085260862 234 217 176 0.33036513062698541 80 672 54 719 8 696
6495 0.50920418423220082 1.1107836318240252 1.3632883907261972 32 37 47 0.067515290624627008 57 6 70 4 37 3 1 4
1742 1.3295306723096616 2.045999635880225 2.344764395868602 235 218 180 0.25274061554444666 59 1457 41 1280 13 1103
1747 -0.89950072849879836 1.6167418544221299 1.3068597817715675 255 235 84 0.55739570107889191 48 1577 12 1330 27 1121 63 1155
1750 -0.54151283561740471 2.6663484605942069 1.2962629982213214 45 47 49 0.75392182433790911 59 1590 12 1374 48 1633 27 1143 63 1173 55 1087 85 1074 88 987
2471 0.77469886714927927 2.4005975958342933 1.7999291103252015 101 69 57 0.19514470199464426 63 572 55 490 85 456 6 177 33 472 80 118 54 442 42 397 58 144 88 438 72 381 21 106
3124 -1.2089458072990902 2.4775268589817352 2.0145625657069433 226 213 176 0.12983493365367807 6 867 54 859 58 882
1754 -0.51792268816165787 2.4438533384103414 1.2621395859040925 22 29 39 1.2578069545302748 48 1689 59 1618 12 1405 27 1178 63 1211
2105 1.1422984054817271 2.1909440518673291 2.1182823296013007 236 217 178 0.2296569151806927 89 1223 95 1096 41 1111 22 1001 13 911
1755 0.12831124301566962 2.6314816380861257 1.5476308949555069 88 98 98 0.76114051176333364 59 1609 12 1407 95 1338 41 1358 22 1250 93 1213 18 1329 69 993 23 1205
1757 -0.02128975354353322 2.016975194972193 1.4885744143774704 88 76 19 0.76736011761050626 12 730 45 1095 56 968 36 972 91 1021 97 839 48 1142 11 1055 59 1151 89 612 95 495 41 517 83 670 51 867 7 778 18 748 23 689
2978 0.23772713957841432 1.6659744882218941 1.7759464446316375 156 117 29 0.26300749205031987 33 892 80 669 54 709
3123 -1.2633765085724395 2.3594714516296635 2.1518020843369658 146 100 75 0.30727214564721128 33 817 54 858 42 521 34 566 5 554 47 861 78 664
1758 0.74611601664186189 2.1707594659825502 2.2185474537572021 231 216 178 0.2197798243150606 48 473 11 530 12 754 97 206 84 210 87 281 59 874 89 720 95 631 41 640 27 540 63 526
1760 0.13258137160522826 1.0012062745566124 1.7035174992519708 0 0 0 1.308600739996103 48 1672 12 1400 98 1471 16 1574 99 1388 56 1362 29 1180 36 1167
1763 1.1163600669682467 2.3195252433060833 1.8786487492630122 197 186 182 0.19905015395288386 12 792 64 261 95 649 89 736 41 660 27 569 63 565 55 474 13 502 6 125 85 425 33 427 80 81 54 56 8 60 42 363 72 526 43 440 88 413
1766 -0.31316449517991835 2.7947738255482024 1.3021132931690238 19 16 17 0.34646411690794504 16 567 64 454 85 315 6 346 33 276 80 251 54 236 8 279 58 299
2423 0.91354571914987792 1.2049727278962137 1.7088860472789846 254 235 75 0.043675592575040986 27 490 63 470
2936 0.75163673068953718 1.6919343109409739 2.9750930542901961 231 219 186 0.77409703557522858 33 372 80 361 54 390 8 401 42 578 58 30 34 731 5 796 78 872 25 867 44 970 100 853 100 971 28 793 31 803 90 844 73 953 66 1017 10 983
1772 0.59073678400843288 1.3434230139610233 1.5833392181782115 86 64 15 0.81931720474849323 16 1262 64 825 56 1208 29 1030 36 1023
1773 -0.2505211940355731 2.039496734357797 1.379349883951686 247 204 57 0.17028215949168668 32 538 64 953 30 111 77 70
6527 -0.33625933062995184 2.8144488122633402 1.2906395689456533 18 12 11 0.14898588740920701 57 315 70 291 37 266
1774 -0.87977239075835967 2.0271103953624818 1.5090666885369697 129 98 21 0.328192376179328 32 1020 64 961 30 792 46 726 77 737
1775 -0.14599835158523014 2.244288827202078 1.4389370276147677 4 3 2 2.19905740069433 12 757 64 976 89 849 59 1371 95 754 22 78 95 517 89 634
1779 -0.85839761132798609 2.7477774848871497 1.523323022448194 120 121 112 0.080102994532750202 59 1199 64 1028 80 812 54 846
1781 0.40810388289690935 2.1901371117501958 1.8318265476432682 31 28 28 0.93423469305198736 12 1241 89 1311 95 1261 41 1272 22 1173
1782 -1.2124171472995469 2.6038414202824232 1.8285091174821249 0 0 0 2.1613645433782374 48 1536 64 1256 85 1075 33 1175 42 1073
2375 -0.95517841227053835 2.7229911683341688 1.5730060735850502 73 77 71 0.9203925347559393 27 713 63 753 80 816 42 744 58 885 64 1024
1787 -0.30964125581929336 2.094446779670192 1.2954074730307981 139 109 27 0.1424309789994235 16 311 45 325 64 350 48 352 59 356 80 196
1789 0.44949894889983377 2.5240865202764038 1.5970448674959565 26 18 15 0.41132964174155073 16 902 45 917 91 453 64 717 48 668 59 546 12 544 32 277 27 350 63 361 55 275 85 229 6 538 33 490 80 460 54 466 8 479 42 152 58 509 88 163 72 122
2882 -0.899046982373509 2.1642085225260033 1.4998985748713987 73 75 75 1.5490653680053006 6 1163 33 1126 80 1118 54 1153 8 1167 58 1149 21 1144 47 1034 67 1048 1 791
1790 -0.42610012194105407 1.6513134840669692 1.2032135116439655 111 70 9 0.34025498465272874 12 672 89 50 95 357 41 379 27 120 64 607 63 159 22 7 13 4 93 299 69 5 23 58
1792 0.41054852468506747 1.8777762055364362 1.9021858047521152 57 52 60 0.17954822911514992 87 120 89 234 95 187 41 225
1794 0.3120636334424976 2.0321414055099307 1.8998641504134202 115 91 22 0.15128414810089541 12 270 89 250 41 230
1799 0.52669258846889988 2.3292149776958322 1.7213265926712356 224 203 156 1.2705469474706252 48 599 89 380 95 270 41 315 27 300 63 295
2230 0.20878755197668791 1.9437281597868914 1.5155128756004748 85 97 127 0.32980961120109514 89 855 95 919 41 944
1800 0.33183708176703336 0.94307905922692992 1.6569545852918011 8 8 9 0.18972260161195872 12 17 89 480 95 688 41 691
2747 -0.33442937368014408 2.7840862018574515 1.3441674265674142 28 22 22 0.57055381446224485 59 614 64 452 6 614 89 684 95 588 41 597 27 762 55 695 13 69 85 537 33 789 80 561 58 591 88 643 72 580 21 625 43 244
1802 -0.3228339896142543 1.6983422791662501 1.2284431029760421 253 228 61 0.18094416203733762 12 177 89 500 95 370 41 390 27 133 63 175
1807 1.2346848242490871 2.2414359341432735 2.0380895131524688 222 205 167 0.21464654365849323 12 511 89 738 95 651 41 662 27 298 13 668
1808 0.063629592637085244 1.1694497940111939 1.7135201956790185 119 105 35 0.39951739207267084 12 967 89 779 95 681 41 687 93 525
1815 0.57650499123987309 0.87945651477276687 2.1342734477145124 255 251 74 0.94170615776430155 87 785 89 991 95 867 41 903 27 771 63 381 51 1039 18 1026 23 1079
1816 0.61455177257878835 2.3372613709755141 1.8346186762896217 220 202 163 1.9209509425482429 59 1379 89 1137 95 1012 22 865 13 760
2699 0.99974405075185302 2.3664809129832891 1.8379903600649068 104 73 61 0.23160825340791572 63 758 6 474 33 444 80 96
1818 0.89088872248342421 2.2942663862523824 1.8707376404410145 227 208 169 0.86983736354521612 45 1182 89 1203
6286 0.57868659673623923 1.1867396142546514 1.334094907833834 142 128 51 0.46794438454233589 17 654 74 781 35 5
1823 1.1171989779247899 1.7355448268402154 0.9400355275227269 0 0 0 2.1285426940723218 84 1049 89 1327
1824 -0.12870548406236007 1.3824210459901092 1.9531760622808492 0 0 0 2.1470003580702417 87 1065 89 1341 95 1136
1826 0.4391684518917916 1.0132565645582496 1.500518100194042 193 204 236 0.28122117653526207 12 1281 89 1349 95 1227 41 1243 22 1153
2508 0.74230895490393678 1.7826369062019125 2.8369174539778208 228 213 177 0.062962929421901126 22 524 13 490 93 488
2653 0.28686648640188211 2.6250052407637057 1.543746447018596 42 35 37 0.42163273950367852 64 1251 85 872 6 981 33 928 80 920 54 766 80 713 8 765 42 841 58 761 34 633
2134 0.09982358789374024 1.6418797696177447 1.5170175970242405 207 177 60 0.099782333106941193 89 1284 95 1159 41 1170
1831 -0.07282841536471639 1.2645826121211141 1.7441377844396491 0 0 0 1.5436554300575585 12 1381 89 1404 95 1297 41 1320
3521 -0.55226937574307611 1.5576725037280816 1.3283104514449997 255 245 72 0.28410431195469577 42 985 34 1043 5 894 44 836
1832 0.85809894821980459 1.0394226602923196 2.0060870818363528 190 138 71 0.80729352877462146 59 1423 89 1416 27 1117 12 1329 63 1148 55 1060 85 1084 42 1079 88 995 34 1198 5 1116 78 1255 25 1281
2651 0.0056408628877743436 1.5528888570689663 1.6717826383155689 185 161 54 0.23167302413360111 55 772 85 839 33 899 80 885 54 914 8 701 5 889
3530 -0.07768892382524073 2.0519787672110938 2.4534659323888377 30 34 40 0.89887336617238889 42 964 34 1140 5 1101 78 1273 25 1298 44 1137
1834 -0.40656185437843229 1.5568722102891248 1.6464388280143578 0 0 0 0.20319463347467218 12 1387 89 1428 95 1295 41 1319
1839 -0.22856441843520189 1.8766255200222173 1.568542965822769 125 87 17 0.65915335400883446 87 68 11 785 89 814 48 1048 59 1276 12 878 95 724 41 430 27 662 63 670 22 311 55 655
1840 0.92884445148048012 2.1051099289262236 2.2999862632344867 232 217 181 0.14157007428901136 84 208 87 291 11 552 89 728 48 460 59 274 12 314 95 636 41 645 69 557 93 494
1842 1.2408044340847635 1.9803684192767941 2.4872519348391466 237 219 183 2.1021200542605305 98 286 16 254 45 179 48 855 64 513 12 929 89 1176 97 1122 84 1077 87 1159 48 1537 32 1132 11 1545 59 1451 12 1236 64 1085 89 1392 95 1059 95 1264 41 1278 22 1121 13 1032 93 1190 83 773 43 897 30 888 7 1077 51 1275 18 1302 51 1296 69 980 22 1182 3 934 23 1209
2524 0.65329250302583297 0.95330870073231144 2.1779955387607872 255 231 68 0.36526843319749402 22 810 13 746 93 561 69 617
2733 0.048447771984716781 1.684846461939695 1.8532913716667496 58 55 64 0.77589106429390697 64 1203 6 1042 33 905 80 1018 54 1062
1847 -0.63722662895426019 1.7113549249380458 1.0482662496488366 254 231 73 0.1001103687802839 89 34 95 20 41 15
3537 0.020366242474661917 1.9202833349731598 2.3482252610359771 24 23 25 1.7814486072480269 34 1218 5 1173 44 1180 25 1345 78 1317 39 1044 90 1034 31 952
1848 0.27891038389157907 0.89199092773198152 1.737157005161245 70 71 74 0.25252299476465867 89 22 95 23 41 23 22 305 13 330
3546 0.10504318188259965 1.7214208271095099 1.5030465307647602 100 92 94 0.20622664650183339 34 435 5 75 78 722 25 705
1849 -0.48840208782557182 1.6330581971314253 1.1766620475993053 174 140 48 0.039853353088305558 89 43 95 25 41 22
2523 -0.33378263362764404 2.8761987277905221 1.1606093797678518 0 0 0 0.73476025396210587 63 1142 13 713
1850 0.098286827308084343 1.1710126694308414 1.7073989988691176 193 196 218 0.15327338527390999 89 48 95 31 41 35 22 37
6318 -0.75420688540372194 2.2588310507140252 1.1780021886297567 0 0 0 0.72109708481074686 17 977 74 921 35 840
1855 -0.056909974899096501 1.4669188401860556 1.8122236548081734 124 82 13 0.1007585985587726 89 496 95 48 41 394
1856 -0.32932032438754788 1.7129229472045981 1.3202166666844555 166 108 16 0.10724006020371006 89 61 95 49 41 392
1857 -0.65766430233455508 2.1218325707914993 1.1459107910702466 50 61 85 0.18152921724579563 89 81 95 53 41 61
1858 -0.049318839103107151 1.5683244703100387 1.8862760178217475 248 184 44 0.11378670313689801 89 72 95 54 41 63 22 55
2813 0.42073776995335183 0.93173251208040264 1.6714473084810413 150 133 39 0.2379271424635426 85 584 33 617 80 601
1863 0.58146395594833433 1.0591402256893994 1.996667170867217 181 106 17 0.073668460275584047 89 92 95 74 41 89
2294 1.1236089646870542 1.2514831797941872 1.6174950603638123 254 238 78 0.55466212008002047 12 1001 64 1069 27 828 85 783 63 652
1864 -0.21791342426162008 1.9182022238185434 1.4911992389515547 254 220 57 0.82081168994484011 89 129 95 82 41 92 63 530 27 524 55 250 43 499 88 782 92 535
2811 -1.1602004831420936 2.5921422989689082 1.8343511103669345 199 190 161 0.16675209266624466 6 887 33 611 80 593 54 626 21 896 47 856
1866 -0.43286249003764377 2.7262701015443223 4.5471397359860273 209 114 13 0.84385029643367326 89 165 95 94 41 114
1868 -0.17851002314871514 1.9694499010357864 1.5111381894791349 255 207 54 0.46008340912334933 89 148 95 98 41 106 22 323 13 320
1871 -0.26935647914279232 2.7589843903985938 4.5366660131144041 192 110 18 0.89022224088469792 89 187 95 118 41 146
1877 -0.53065069842424917 2.6890012960900469 1.3692052724001897 1 2 2 0.17028898992756478 89 214 95 159 41 183
1888 0.29853150274775658 2.0875580868328809 1.6770147786298721 16 11 7 0.097971983182435635 89 285 95 212 41 248 93 192
1890 0.31642531340872343 2.0901897974079797 1.6913828679947962 18 11 7 0.010302657746106078 89 294 95 216 41 250
2198 0.48203077031667796 2.2817959327959092 1.711962640054757 9 6 5 1.8107106295079416 89 1424 95 1290 84 1256 97 1279 59 1568 48 1632 12 1373 41 1330 27 1140 63 1170 55 950 93 1201 85 1047 33 909 72 640
1895 0.36795674585445398 2.2644197372080024 2.1320298154949713 195 176 136 0.079203563129957855 89 317 95 230 41 269 27 161
1896 -0.15370765486549443 2.7680105196637936 1.3206788301827657 51 32 24 0.096249874534769367 89 333 95 235 41 271
1898 0.3581617045971689 2.5520003919012457 1.6896920752577358 64 53 48 0.85147033592234933 89 378 95 267 22 506
1903 1.2073700015573303 1.9420536974587628 2.5142274661595576 117 106 85 0.32864823431905421 89 415 95 299 41 336 7 700 51 762 18 668 3 563 23 649
1904 1.1987049601410071 1.9761058095628155 2.4631666317194965 120 116 103 0.20126577880084742 89 417 95 303 41 346
1906 1.3998085200328785 2.2300759515100008 1.9524567259055365 44 30 26 0.3744943097791098 89 469 95 346 18 1000 23 910
2797 0.3757406865032672 2.5890529314399116 1.5592203471474959 56 44 43 0.039441305467957502 55 511 33 506
1907 -0.41510322926520482 1.5482285186028659 1.3880121507850316 254 228 67 0.24692743466475298 89 776 95 348 41 683
1908 -0.47231592335468497 1.6707804456402102 1.5888023474410753 144 80 11 0.11132211003704007 89 784 95 354 41 378
1911 -0.45768257418015046 1.8372454534615523 1.5287610879474343 154 117 36 0.47525231807821827 89 60 95 368 41 52
2278 0.55856224719193281 1.3880750058421809 1.5060362310954423 239 218 175 0.59036500245416823 12 872 27 657 55 598
1912 0.39145679199273675 1.0405638017960415 1.9949840245817649 254 221 58 0.045668803521328814 89 492 95 371 41 397
2795 0.80601604260666482 2.3994493080097521 1.7524133853384052 106 73 61 0.1924549268920242 6 489 33 467 80 419 54 436 42 391 58 463 21 500
1914 -0.61405381570126882 2.0498827915822213 1.171749773302672 77 92 124 0.070471085393441019 89 513 95 374 41 398
6382 -0.36906998608475405 2.2035591539249793 2.6091893597557405 0 0 0 2.8641543008669093 15 1108 74 956 35 871
1919 -0.26652145503978958 1.7933064956163443 1.3156366795232157 252 229 61 0.18132744967101214 89 529 95 382 41 406 22 297 13 304
1923 -0.16777109043114127 1.7597170120721974 1.7229372095956745 133 94 19 0.0049441578098808753 89 534 95 390
1925 0.53191784956594235 1.0582089325513042 2.0151639651047941 187 112 18 0.02801006418282154 89 519 95 393 41 422
2071 0.60455447249926175 2.2677756402824931 2.1072810858132289 230 210 169 0.088376185755610862 89 1109 95 981 41 1003
1926 0.64662257231213061 0.95677612123296429 2.1793811922416761 254 241 103 0.37491236417832396 89 516 95 394 41 720 27 364 12 575
1931 0.59539422830352817 1.0282952456937056 2.0322979328701378 188 115 22 0.061341871523469427 89 528 95 409 41 436
2584 0.83534272270645327 0.96746964378621725 2.1439787956190921 0 0 0 1.2331107207313856 41 923 93 1082 95 888
1933 -0.21460312384576918 1.8909059129015888 1.5240546635521648 242 198 53 0.29566965947501245 89 123 95 423 41 442 22 42 13 312
6175 -1.1780250389756539 2.494581703072662 1.9916141473203079 118 118 103 0.028481099181361966 17 373 74 349 35 263
1934 -0.26183645813232076 2.4332545338017835 4.7442956550509807 254 235 89 0.87682183579678641 89 572 95 429 41 454
1939 -0.64441083369330854 2.4817035185886462 1.3066767035982245 110 109 98 1.751406462686399 89 832 95 455 27 934 12 1074 63 946 55 857 88 802
1941 0.34687797698794154 1.4522778901770206 1.3499196844687751 96 108 135 0.11273187373571469 89 157 95 475 41 143
2151 0.30641916971098898 0.91079524732127182 1.6843441887215942 192 203 233 0.11877891999889424 89 1337 95 1222 41 1234
1942 0.76528949525625656 1.1081526071541365 1.8590995265538732 254 236 77 0.1181893909546924 89 588 95 484 41 507
1947 0.50651769521564194 1.4176116145630901 1.5549113113230002 82 93 119 0.15551528697990094 89 181 95 498 41 523
2664 -0.86702869666311211 2.9321941164780467 1.4405185511977956 127 129 118 0.79996372426344331 59 1490 85 1022
1949 0.25564716622019679 1.8131646640528249 1.6523235570446293 107 88 22 0.12831490749225763 89 846 95 515 41 535
2658 -0.63772907273121326 2.9314685696454483 1.1869245567213091 157 152 133 0.44461423425958368 55 864 85 907 6 1013 33 985 80 975 54 1032 8 1032 42 730 58 1030 88 658 72 563 21 1020 43 483 13 531 92 265 47 812 67 817
1950 -0.51580532327723183 2.7058410612682064 1.3909857245250836 1 2 2 0.095441143648033175 89 642 95 519 41 186
1962 0.95277833503378973 1.1922047011737127 1.5045204414104645 254 229 66 0.73342974283127893 89 244 95 592 41 612 93 593
1971 -0.66037998545434307 1.5458629611956547 1.3391989906909654 255 231 73 0.22784163946584224 89 741 95 656 41 665
6714 0.35969091802292669 1.8837865553198336 2.1132077206454567 18 18 15 0.19340502046399694 68 550 86 401
1973 -0.72620745265649767 1.657975088051802 1.1819506340801469 255 226 72 0.048113557878066572 89 752 95 659 41 668
2055 0.83960465794507588 1.5998548470102372 3.0945867929391278 158 107 80 0.2131932192145021 89 1042 95 921 41 950 72 927
1974 -0.5215735709499022 1.502738357714112 1.4084465009894622 255 243 70 0.16855134295998805 89 754 95 660 41 670 22 543 13 511 93 507 69 367
1975 -0.56289503541413977 1.5640199320537247 1.3296319563440033 255 232 73 0.97435150217978606 89 756 95 662 22 749 13 677 93 505 43 645 92 698 69 365
1979 -0.55668303203954461 1.6368932709203712 1.178923663584335 255 226 72 0.27315950585083371 89 770 95 671 41 675
2568 -0.32808599761171126 1.7306894076044816 1.2210924294544598 96 89 32 0.31089574101390288 55 494 93 305 23 440
1981 -0.46834393291124859 1.5633275712233672 1.2875145853272438 255 233 74 0.094404643065011021 89 772 95 673 41 677
2562 0.98870043940465957 2.3595757369658021 1.8259397212294826 104 78 69 0.52271171719636311 27 752 63 757 98 474 16 875 45 863 56 471 91 425 97 502 84 476 87 771 48 938 11 954 59 915 59 1187 12 794 89 951 41 843 12 954 64 664 22 735 27 572 63 573 13 661 93 717 7 386 18 970 69 552 40 262 96 468 75 449
1982 -0.48925523336219345 1.6101299657948647 1.1998290929815068 255 232 73 0.08454621701595906 89 777 95 674 41 679
6736 0.37213257754170104 2.3494702151806099 1.8698173682596013 27 24 18 0.20267919795743902 75 939 96 955 86 746
6433 0.44021531917541962 1.9256629694362259 1.9281561091899968 80 73 71 0.2494432527386814 68 188 61 161
1987 -0.5798520940446652 1.8383210055672261 1.6666809157910181 167 173 192 0.16094291731358343 89 488 95 687 41 689
1989 0.35536762246438836 0.93985565366649892 1.5934191017604602 190 203 232 0.18058373846082562 89 782 95 691 41 694
2135 0.09982358789374024 1.6418797696177447 1.5170175970242405 207 177 60 0.099782333106941193 89 1285 95 1160 41 1171
1990 -0.73586500809410904 2.0762931365345909 1.3330602864032919 163 136 49 0.18320863075384697 89 790 95 693 41 896
3364 0.70111129541107331 2.4389866677913599 1.8487014132107387 218 200 164 0.12257083947295851 55 663 88 586 72 666
1995 -0.48859036491008467 2.0095352525038441 1.2676715620391881 234 181 45 0.25940676211895203 89 1006 95 707 41 705
2345 0.76381836224053146 1.1026907720248946 1.8954655198550212 201 125 31 0.14797063772380661 27 416 63 425 55 359 41 153 95 123 42 342 34 382 78 488 25 482 100 417 79 100
1997 -0.35937552675815215 1.9128209548702151 1.5693209156788415 249 203 59 0.10429436253575479 89 531 95 710 41 710
2642 -0.70074032540440656 1.6485198489737225 1.2064726672225414 184 144 49 0.39500826377852288 55 675 64 625 85 729 33 763 6 563 80 513 54 792 8 524 88 651 72 276 5 621 44 2 100 0 79 320
3363 0.76261033974068737 2.4066566360863431 1.8680982865219919 214 197 160 0.12899214890149677 85 665 88 582 72 672
2063 0.44590241328507024 2.2814379900867565 2.1091969514186522 220 199 156 0.065673492069365902 89 1071 95 952 41 975
6239 -1.3777101035871822 2.4021403204231642 2.1423135179481867 73 50 38 0.069013818502360436 17 649 74 601 35 521
1998 -0.028890552772062005 1.6195110214377122 2.0229715369360268 200 203 222 0.36938568904165486 89 87 95 712 41 713
2003 -0.1059594043102266 1.7426522809632574 1.767909340140019 127 93 20 0.091297860956594937 89 811 95 718 41 721
6746 -0.6913543857566754 2.9014344618928765 1.5779700481941976 0 0 0 0.27292504934788642 70 582 38 513
2005 -0.090233609893002414 1.8394633357970642 1.5836839586329015 219 181 51 0.044862148309784876 89 820 95 729 41 731
2006 0.71950413395335544 1.0121372493846905 2.063812339090902 254 237 90 0.096376205750795765 89 549 95 730 41 732
2011 -0.78254518424493102 2.905022917816769 1.1696542914589836 0 0 0 1.5503722719472135 48 1566 95 752 41 933
2361 -0.16514949543383511 2.7381875804320095 1.3663332055204798 25 24 30 0.1111720280982073 12 553 63 590 55 519 85 532 33 562
2728 0.50325420911393137 2.5190559245542383 1.5723758457871198 79 57 52 0.4585410857965545 85 858 6 967 33 920 80 902 58 962 88 761 43 691
2013 0.16632281848178615 2.1239746197259533 1.6692751813976734 23 17 9 0.07970963089196384 89 862 95 763 41 569
2722 0.58712602388465673 1.0719659197644926 1.401664762516531 154 133 41 0.52677253331718255 64 1061 6 910 33 855 80 834 54 865 72 806
3379 -0.55233410159644325 1.5573118868580489 1.3282540147130864 255 237 71 0.23220437769793295 42 984 88 900 34 1042 5 893 44 837
6030 -0.30924879933906729 1.751140435119348 1.2712351839638811 155 140 103 0.045648231261326833 83 793 50 554 65 582
2079 0.69805063620715047 2.2842161657290747 2.0881341418663268 233 214 171 0.099446539255870145 89 1129 95 1008 41 1024
2014 0.99082791626743327 1.2654365399694258 1.5548333800554504 254 251 72 0.19447584359702352 89 871 95 790 41 787
2019 0.86073154955546682 2.0183015068044154 2.403956850041514 233 217 179 0.24357502132261111 89 910 95 811 41 812
2021 1.3327199384139021 2.2836606807082735 1.9147474493532879 16 16 15 0.25633770106521242 64 623 89 1240 95 830
2167 0.24813125024756622 2.1404873677356084 1.7813457708023259 18 13 9 0.051987713644671169 89 1388 95 1259 41 1268
2022 -0.94899426351717053 1.6155332692754454 1.2744826637767259 0 0 0 0.42833810569121178 89 959 95 831 41 857 22 742 13 669 72 842 69 579
2027 -0.54619749438175003 1.5497152806313161 1.3216986372958885 255 239 71 0.071043372995298212 89 758 95 844 41 868
2680 0.78898925964557665 2.4339437021691781 1.7781557767472975 102 71 59 0.32641544292870678 85 195 6 181 55 254
2029 -0.4922520315188712 1.5340966853729812 1.3576410046617298 255 243 71 0.10227558157172924 89 762 95 847 41 872
2674 1.1278322471387248 2.2869783904600811 1.9535381171334534 44 28 24 0.12845650178529461 45 348 6 113 33 87 80 71 54 50
2095 0.77081898600836452 2.3342581652896643 1.9676795230936788 230 212 171 0.076265064716863659 89 1173 95 1045 41 1057
6271 -0.81933200895998626 2.3448197871923893 1.363963241773261 94 112 146 0.12272233562835948 17 769 74 714 35 136
2030 0.4006878478135405 0.72853966751416521 1.9260704990722861 255 252 74 1.6304914937218353 89 967 95 849 41 1139 27 595 63 778 13 1073 72 1003 88 939 18 1011
2035 0.4685278760110258 0.7751159212081612 2.057311360271469 0 0 0 1.1269985099688513 89 976 95 859 22 1057 41 886 93 1046 18 1163 69 848 23 922
2037 0.15593274159178094 1.1357808183534457 1.7227175087480737 5 6 7 0.12534839420776822 89 987 95 861 41 891
2119 -0.7287289932018135 1.7853677178889888 1.0304458611979541 255 227 72 0.17964079121764612 89 1253 95 1125 41 1136 22 1030 13 944 93 1026 69 583
2038 0.14307002657298523 1.1757183811558563 1.6908629064519236 43 47 60 0.10376023213139789 89 989 95 862 41 894
2043 -0.30623274951145052 1.7781845964492007 1.7823289760302938 153 88 7 0.22527130574479329 89 999 95 871 41 902
2632 -0.92057842704871506 2.2800794473097672 2.2327639387704186 106 73 60 0.14621778710885752 55 197 85 508 6 590 33 571 80 564 54 585 8 603 42 507 72 9 34 562 5 547 78 660 25 642 47 627
2045 -0.26553426317573864 1.8539433377443819 1.5977157757733425 252 205 55 0.074200439372147931 89 1009 95 878 41 717
2111 1.2764853706136936 2.3465429230301131 1.8869154493558526 0 0 0 1.1386825853383222 59 1389 95 1112
2049 -0.14359029477908214 1.8164899189601138 1.6421310405265059 196 163 54 0.077207343538490139 89 1016 95 884 41 916
2992 -0.96640030988910963 2.0627260076415288 1.618183754422323 92 74 19 0.14230623490440444 33 793 80 772 21 589
2050 -0.4521974209593192 2.3688089930175615 1.3191437745456918 16 14 5 0.19183601653432372 89 836 95 893 41 740 22 312
2051 0.13212213398324729 1.7250837780799197 1.4150183706850947 82 81 44 0.2781556797891887 89 1024 95 895 41 927
2052 0.27383361959014652 1.6101375334185342 1.3863316760569384 4 4 5 0.17574692939970082 89 1026 95 898 41 929
3511 0.72294408518829478 0.89547578300973163 2.2490640197692433 253 233 72 0.40469895699612563 42 532 34 891 25 1147
2053 -0.096780377735823916 2.1767969730373875 1.5045569793750861 104 74 13 0.10456704873180407 89 1036 95 907 41 937
2996 -0.78202478867941405 2.3784542819719241 1.3312756494299671 100 108 131 0.091218670380813285 6 855 80 779 8 1016
3505 0.43154298165324684 1.8026113096951522 2.7948860377252793 92 62 52 0.24681171247515366 42 632 34 772 78 896 25 592
2056 0.2084233722478778 2.1293244705734717 1.9945019139147731 65 46 7 0.16745126413240016 89 1297 95 922 41 947
2057 0.2084233722478778 2.1293244705734717 1.9945019139147731 65 46 7 0.16745126413240016 89 1298 95 923 41 948
3000 -0.85806670174335808 2.7474811622201241 1.5228175741531673 119 121 112 0.13092610751119377 33 828 64 1029 80 813 54 847
2059 -0.25298874109360875 2.587949957078354 1.4769476466783862 5 6 6 0.1307389501074562 12 1252 95 926 41 946
4026 0.8795176225745569 1.1286546855417843 1.3547201379262812 0 0 0 0.042254372665830833 32 974 76 606
2060 0.50981938095030166 2.0276346665580141 2.039609154120356 234 211 167 0.19877600028212447 12 1232 95 939 41 963
2061 0.45831576332874813 2.14025833009114 2.1742426880196875 234 211 167 0.068328930853501793 89 1304 95 940 41 964
2062 0.50845506592187939 2.1481139424240139 2.2373222212177963 238 216 171 0.12934716094045096 89 1060 95 943 41 967
3513 0.33086510184567181 1.7769396059420011 1.8132193181175602 83 49 6 0.39630062867922966 42 951 34 898 5 610
2065 0.47568118211676497 2.32405753278303 2.0677610378638276 224 203 159 0.10025239064513337 89 1087 95 962 41 986
2944 0.25823477471635464 1.682412551512622 1.4679960407630674 233 217 180 1.1473360655810518 33 453 80 406 54 429
2066 0.57462720930784561 2.2263686156127798 2.1497468935137793 231 211 169 0.10431958493717954 89 1089 95 964 41 988
2067 0.54321260305404206 2.2886875113725136 2.0781522057339772 222 203 162 0.070176265929444703 89 1094 95 968 41 993
3970 -0.87095845509092773 2.6920116661199116 1.5904585096461779 69 74 67 0.27102359850154134 32 926 64 1018 30 701 77 669 46 593 2 703
2068 0.54321260305404206 2.2886875113725136 2.0781522057339772 222 203 162 0.070176265929444703 89 1095 95 969 41 994
3463 0.12824727245680331 1.7606655905868631 1.3950140530376915 101 111 137 0.17832927792985021 27 541 63 535 72 334 55 660 88 607 34 419 43 286 92 306
2069 0.64191714488483864 2.1900981939476227 2.1602832322426839 235 216 174 0.19906363984460207 89 1096 95 973 41 995
2948 0.12534807986992241 1.9121840759127657 2.7018718689681624 225 209 172 0.60574474731848038 33 468 85 423 80 445 54 462 8 477 42 677 88 584 72 625 34 803 5 809 78 918 25 906 44 799 47 164 100 817 79 865 39 678 28 623 31 626 53 497 90 635 73 553 24 498 14 674 81 480 49 627 40 367 68 286 61 490 96 463 75 556
2070 0.071041015779250982 3.4147305223551716 3.1416732513135464 221 202 159 0.26702269307687015 89 1119 95 977 41 1001
2073 0.87336846194182727 2.0067220374663579 2.3999660650874577 238 219 178 0.17244875608991489 89 1100 95 983 41 1005 22 930 13 839
2952 -0.32074489095709019 1.8132483498600314 1.6447677726616066 254 227 71 0.53254971559690101 6 524 80 476
5525 -0.78927493294642437 2.2123208147340403 2.0374956532021837 145 135 147 1.0506570103667314 10 1146 71 1006 4 864 20 1072 94 859
2074 0.57581522627638038 2.3237460994526868 2.0283096399223264 224 205 163 0.072919335373669222 89 1112 95 985 41 1009
2075 0.57715073044656351 2.3201473330502345 2.0238578004987735 224 205 163 0.059516776177070171 89 1113 95 986
3978 0.3847949049226308 2.5260051385970477 1.6397034270582198 41 30 23 0.31054067621788645 32 1151 30 805 77 754 2 834 57 497 70 471 37 437
2076 0.66812074869326821 2.2424513299789197 2.1296048746220344 234 215 173 0.081756353794440614 89 1114 95 991 41 1011
3471 0.92668169904772091 1.2452981331138926 1.6621815232087986 211 135 33 0.019947618314640786 55 84 34 16
2077 0.66812074869326821 2.2424513299789197 2.1296048746220344 234 215 173 0.081756353794440614 89 1115 95 992 41 1012
2956 -0.53211582290592407 1.6946429758827355 1.1083600203875683 155 128 37 0.18357076913755521 33 534 80 496 58 490
2078 0.73092750134447138 2.215962840182589 2.1517306508626701 237 217 175 0.019363426779191447 89 1123 95 1000 41 1019
5827 1.183191682425534 1.8997279610115911 2.7357743586662795 241 224 185 0.37129410207639307 20 832 60 917 15 748
2081 0.79032537183588381 2.1976466112176345 2.1830549278963165 235 217 176 0.17514574188309506 89 1131 95 1010 41 1028
2896 -1.1798065257543031 2.4475476504277762 2.0659857266742443 224 209 170 1.3434819611060129 85 1150 33 1218 54 1231 42 1158 88 1060 72 1065 34 1231 5 1186 78 1324 25 1350 44 1184 100 1185 79 1212 39 1043 28 986 31 948 53 1051 90 1031 73 1118 66 1221 24 981 14 952 81 858 68 955 61 834
2085 0.64754572123193854 2.3765439182416106 1.9112825160603755 224 205 165 0.094477571243720332 89 1143 95 1021 41 1039 22 884
2900 0.51706822220566151 1.1075798095066101 1.3658661832444572 80 80 82 0.14971732538553897 33 16 80 16 54 5
3783 0.81523179087844033 1.1378290906982029 1.3903423680386084 255 157 27 0.27367252106664708 42 3 78 444 25 444
4821 0.78112354539984774 1.0676106465466517 1.9725288549247486 255 228 59 0.22497151261999523 100 118 39 88
2091 0.70695506973453859 2.3606716435707003 1.9449845809861495 226 208 168 0.062622897360930893 89 1155 95 1034 41 1049
3930 0.21197518373381147 1.9597021181347967 2.2192978225528339 221 196 152 0.81397008927205983 25 1335 78 1308 44 1165
4814 -0.41236484058522738 2.1946191593310465 2.3720160858546073 211 195 157 0.012102947570897487 100 211 79 246
2092 0.62791511691993307 2.4334463975197935 1.8220042425322187 222 204 166 0.28757116619626971 89 1163 95 1035 22 882 93 868 18 1089
3423 0.9263746889297475 1.2642330797487773 1.6026784813104022 255 232 65 0.28453565243571749 42 6 55 102 72 536 34 10 5 319 43 417 92 427 25 9 78 9 44 340 100 350 79 347 39 258 28 272 31 83 90 352
2093 0.97774338753267531 2.1242227273428762 2.2570504524461401 236 218 178 0.10073119232218125 89 1160 95 1040 41 1055
2908 0.4138259689261003 1.8140832894250005 2.7637889237057962 74 68 62 0.13144312241515185 33 429 80 98 54 101
3791 0.11314048225536889 1.6705442249663061 1.8286669756722542 103 87 51 0.40883383997452633 34 909 78 736 25 733
2094 1.0663581888318272 2.0487247249910761 2.3667906920543746 234 217 178 0.10738509858177925 89 1161 95 1042 41 1058
3417 0.1753730181936565 1.7262801056145096 1.6943061155658397 100 97 106 0.20821858202410479 88 449 72 338 5 410
3784 0.9329613939354815 1.2511155444831163 1.6278525792348288 218 137 35 0.090298637383783895 34 338 78 455 25 457
2097 1.0403211422974297 2.0986492427654908 2.2785914338545372 234 218 177 0.18439797420706194 89 1169 95 1051 41 1065
2976 0.85089924117738613 1.7070877996460665 2.9794904824449304 239 225 190 0.095411061640333139 33 632 80 636 54 672
2101 1.2244733427967187 2.0308655216758074 2.3583805194539078 235 219 180 0.14113902178085352 89 1201 95 1081 41 1096 22 1006
2980 0.24181911610651033 1.8808415130383058 2.7232988870938235 79 57 51 0.39998630928593898 33 690 80 678 54 726 8 744 42 832 88 723 5 961 78 911 78 1074 25 897 25 1070 44 943 90 762 79 1060
3799 0.85725324018850446 1.0168987699883048 2.035428104820201 255 237 74 0.041772511525900127 55 715 78 970
2102 1.2219537049316163 2.0453419769417316 2.3780434063269311 235 219 180 0.072520753640901978 89 1202 95 1082 41 1097
3489 -0.46200233723699025 1.5956570418570994 1.2493668992972067 255 229 70 0.030181963904221457 42 457 34 472 5 401
3792 -0.22787996427146262 1.8698764170219735 1.5609212905720871 152 116 35 0.10332340274364255 34 692 78 739 25 734
2107 1.3855947189684164 1.5287740936704322 1.5416307425144011 237 220 181 0.032852649063435962 89 1219 95 1100
3503 0.57691184904959947 1.8574836309456726 2.7681106496591248 230 216 179 0.10664477821756285 42 607 34 733 5 768
2109 1.2989691761206583 2.1784008121829275 2.1193354869528469 235 218 180 0.10465448884107367 89 1236 95 1108 41 1122 22 1018 13 932
2988 -0.93981254706390338 1.4598393868115944 0.96662642727881554 254 228 71 0.57361912057187947 6 803 80 752
2112 1.5156437385982646 2.2349297159094719 2.0297783964463041 70 70 65 1.7216307031799976 89 1241 95 1113 41 1227 100 898
2113 -0.92350094529244964 1.6310427336923281 1.1689666825421583 0 0 0 0.17879574219057917 89 1242 95 1116 41 1128
3056 -0.28728133554605045 1.6483246107897549 1.9725149733608858 28 34 47 0.51418117195590862 80 1195 42 1152
2116 -0.7959953717576862 1.6630864709265338 1.0083244126980631 0 0 0 0.65309723750340842 89 1248 95 1120 22 1022
2117 -0.76525873330247463 1.7541170973351496 0.99338321613549707 59 59 0 1.1553774282535743 89 971 95 1121 41 870 22 1027 13 942 93 1024 43 903 69 825 18 1229 23 1132
3060 0.75629172254409516 1.1362617049181134 1.4335816841329028 144 127 38 1.2452219249113163 6 1246 80 1207 54 1222 8 1226
2118 0.39909761679993405 0.73122786628134384 1.846240166356367 189 116 14 1.5411043711309906 89 1249 95 1124 41 1138 13 1125 72 1041
3569 0.21658685534292438 1.82243451057859 2.7904405827877548 109 74 58 0.15919744273457134 34 526 5 541 78 633 25 616 44 541 100 561 39 438 28 428 31 461 53 506 90 448
2121 0.30509523828372925 0.907505254956255 1.7742149375718288 0 0 0 0.1438841943029476 89 975 95 1131 41 1145
3064 1.8004761921459691 2.4440491957144364 3.760579220304912 128 119 100 3.1185409391771852 6 30 54 27
2122 0.079197723441641762 1.1511758142493855 1.8307032157039937 205 209 228 0.13407541898136502 89 984 95 1134 41 1146
2123 0.079197723441641762 1.1511758142493855 1.8307032157039937 205 209 228 0.13407541898136502 89 985 95 1135 41 1147
4090 -1.0184866240136881 2.0063921786994516 1.6339041241845302 0 0 0 0.93296083408926567 30 890 76 725 52 709 46 728 77 874 70 569
2124 0.084790275858299166 1.2012968590511963 1.6936219487273083 148 160 190 0.07231345360700453 89 1257 95 1137 41 890
3583 -0.5566875890230093 2.0989670831927976 2.4154902975867638 46 34 35 0.32270608624761177 34 829 5 823 78 654 25 638 44 524 100 220
2125 -0.33062147515948581 1.6320873414115 1.2499678901533331 150 106 20 0.12071537670697037 89 1260 95 1139 41 1154 22 764 13 519 93 742
3068 0.51215186850138217 1.8353464554317713 2.7926416870527855 114 105 86 0.050191617690805157 80 91 54 92 8 114 42 123 34 231
2126 -0.34060727813311747 1.7222483701016444 1.2112028569016784 49 64 94 0.16934492009669633 89 995 95 1142 41 1157
3577 0.82175419092811886 1.7659088087265178 2.8752039809486423 232 218 182 0.36683238852638395 34 684 5 756 90 836
2127 0.40848704280640902 0.9811117798350687 1.5388848855051638 23 27 32 0.18164579544938897 89 1263 95 1143 41 1239
5571 0.82333506132012579 1.1252048013060774 1.3306018962851662 181 178 47 0.77574229044942278 10 904 71 744
2128 -0.57915565307855443 2.0319130314560541 1.2064609041271845 6 7 9 0.15082148345724464 89 1267 95 1145 41 1158
2849 -0.25096568680751047 2.0094533903049854 2.5356178639802636 152 103 78 0.72586537419873243 85 954 33 921 80 911 54 957 8 973 42 868 88 762 72 890 34 977 5 973 43 681 92 743 78 1180 25 1200 44 905 44 1037 47 938 28 753 90 734
2129 0.41482578240206258 1.0813122433299809 2.0119227280389991 255 214 52 0.063459047961644324 89 1265 95 1146 41 1160
3008 0.023381212967946777 1.9274567008275367 2.7063524735376792 68 50 46 0.8936357887415971 33 704 80 896 54 934 8 958 42 846 88 589 72 621 34 969 5 1053 92 608 78 1175 25 1193 44 1046 100 1099 79 1124 90 917 60 1081 20 978 15 1149 81 464 40 353
2131 -0.15716076221547481 1.7178108045442664 1.8405282434337331 24 28 37 0.21019395205329258 89 1004 95 1148 41 908
4034 0.45108053598524717 1.0582676733371519 1.4262487183549504 126 134 147 0.61900063855874921 30 599 76 6 52 11 46 510 77 558 70 3 57 5 37 183 67 839 1 501
2132 -0.25235209893209909 1.8810528400070883 1.5040716001285963 16 15 18 0.080686237677159642 89 1272 95 1152 41 1165
2853 -0.54810506625195277 2.0994475848799476 2.4135558473909016 37 19 12 0.29607648101562895 85 859 33 934 80 937 54 986 8 995 42 882 88 778 72 571 88 617 92 315 43 285
3527 -0.56844310589215363 2.2138576908743914 2.3247923022653838 222 205 166 0.22661096420954699 42 1001 34 1084 5 1047 78 1183 25 1203
2133 0.33423047592975641 1.314212223252758 1.3866450007325464 61 62 74 0.30317285477705541 89 1014 95 1157 41 919
2137 0.74702276801195722 1.0301549397170449 2.0296951905353562 93 47 0 0.34083367546571225 89 1277 95 1162 41 1177
3016 -0.98867373927406133 2.3270532093531631 2.186716210417134 77 56 50 0.10910197169033711 33 790 80 962 54 1028 42 904 58 1007
3374 0.20611295246632455 1.7642004275632353 2.8510397803351331 0 0 0 0.56190539384387839 42 956 88 846 72 772
2138 -0.23261716479475433 2.0853839859767467 1.3669763678490006 58 55 60 0.85865390040172884 89 1287 95 1164 41 1179 27 1032 22 787 13 706 93 537 43 666 18 443
3883 0.64014683825601559 1.6947944782961346 2.9667317888925937 92 64 52 0.3211441436072332 25 591 78 616 44 543 60 509 15 236
2140 0.15784206379242016 1.7540746555134843 1.3916504947268926 89 106 142 0.10025430787363425 89 1289 95 1167 41 1182
2861 -0.72713072356290542 1.6327146474883623 1.2329027949701539 255 229 70 0.82589879121855592 6 980 33 950 80 934 54 983 8 969 42 1003 64 1221 34 1048 78 1026 25 1157 47 723 58 741 79 890 60 595
3535 1.1037494325133133 1.262800761035894 1.6248231671623763 204 144 39 1.0683919149838972 42 1074 34 1195 5 1137 78 1250 88 998 25 1272 44 1150 100 1115 79 1140 39 985 28 959 31 912 53 992 90 1016 73 1029 24 948 14 923 62 1012 10 1061 10 1092 71 964 9 1033 81 852 49 987 68 914 61 708
2142 0.3271069977304269 2.2630007435280683 2.1021633441215699 81 66 52 0.043542556321508462 89 1303 95 1183 41 1271
6094 -0.83967603787377576 2.1397975411365571 1.7897280553354749 21 13 6 0.41341454807073524 60 148 17 540 35 153
2143 0.080779126259352102 2.7318168936533009 1.4785066843606887 36 31 35 1.9384795021998715 64 1258 95 1194 27 1047 63 1068 22 1091
3372 0.0017351019870805295 1.7455283921517128 1.7454874201883157 149 118 41 0.23450187541681036 12 989 88 765 5 898
2144 1.0620173750276045 1.9453803032147601 2.4793424742489272 237 220 182 0.11227171356119818 89 1319 95 1199 41 1212
2145 1.0613983695367271 2.2675132165354994 2.0001093771340641 230 213 175 0.11796849027656006 89 1324 95 1205 41 1217 22 1119 13 1028
2960 -0.81995585162346463 1.8711205927604833 1.7259887287984994 254 235 71 0.17085454946533202 33 246 80 544 54 814 58 560 67 495
2147 -0.91487249395764059 1.6285159227018882 1.325055578447293 255 234 74 0.14189848079756251 89 1334 95 1217 41 1228
3986 0.63509796401620433 1.3969190434617376 1.5652845083304656 0 0 0 1.930338192369778 32 1181 30 864 46 705 77 854
2148 -0.80607487941353284 1.7353192878908688 1.0706966628339656 254 232 73 0.45165359626294133 89 1335 95 1218 41 1285 22 1127 13 1036 93 1110 18 1006 69 826
3479 0.31624781219719944 1.8025896875205309 2.7860796314653649 29 21 22 0.22596360149859798 88 423 34 252 5 536 92 453 44 302 90 242
2149 -0.62219187148531563 1.7190831983553536 1.0773322754662265 255 228 61 0.088917076620775928 89 1339 95 1219 41 1230
2964 -0.89653551758321104 2.1062920765022497 1.5329900103406306 151 126 34 0.10581052723006773 6 599 80 565 47 557
2150 -0.56915527096720819 1.7061328140037386 1.1110201920401863 255 224 61 0.1405170511953856 89 1340 95 1220 41 1232
3473 0.3415833960527615 0.92202711242691404 1.8196413831171003 172 138 34 0.16914334163467168 42 46 34 104 5 150
2153 0.36851507597386407 0.9631399721455064 1.6205135403558975 176 187 213 0.21236182734008238 89 1344 95 1224 41 1238
2968 -1.0574786743132645 2.4457805603870204 2.0464236994669087 116 116 104 0.077092928120021442 33 590 80 583 54 613 42 312 21 855
2154 -0.74283914991395972 2.0598172273664344 1.1132503933250244 0 0 0 1.1359871503506764 89 1408 95 1225 22 1129 93 1116
2155 -0.6885041972151813 2.1993717787090166 1.1616320895247845 83 95 126 0.24916373675293915 89 1358 95 1228 41 1242
3994 -0.97843157653912582 1.9304228143948117 1.5761421244347913 0 0 0 0.84186398715116284 32 1231 30 977 76 798 52 806
2156 -0.25276497841267542 1.8437354100145089 1.3996047883463512 251 203 54 1.161496965784945 89 1360 95 1232 41 1294 22 1197
3487 0.54740847974024587 1.0560203503623282 1.4964169085377026 120 104 27 0.19606080341001786 42 352 34 370 5 344
2157 -0.18775961724226631 1.8243293147459787 1.6035861812738543 26 21 11 0.025062963651293523 89 1361 95 1233 41 1245
2972 0.29246086345039213 0.82773486357797776 1.8591891199229316 129 109 31 0.15065317730689201 6 393 80 609 54 642
3481 0.1441250544458185 1.9539838390118316 2.676940036572597 225 209 169 0.18812598192750399 42 175 34 259 5 278 78 375
2159 0.47411584893708036 1.0897810498643388 1.4411384225729083 196 206 233 0.29429210223157215 89 1355 95 1235 41 1247
2160 0.47411584893708036 1.0897810498643388 1.4411384225729083 196 206 233 0.29429210223157215 89 1356 95 1236 41 1248
2161 -0.23835985285390315 1.9552679526737173 1.5017088582624603 254 205 51 0.86381262314857521 89 1282 95 1237 63 1107 93 1045
3040 -0.76555775605774667 2.1804167415171105 1.3433208613017336 164 130 35 0.15870877043123233 33 1124 80 1115 54 1151
2163 -0.55353069172836522 2.4100071003641177 1.3141791470929849 10 9 7 0.10112542095012413 89 1380 95 1246 41 1256
4066 -0.80220246399042705 2.3537935325388193 1.3636417615166643 133 144 171 0.26855011045875843 76 381 52 388 77 624 46 562 2 650
2164 -0.51735621795098197 2.36809125539911 1.2781187192697572 10 9 7 0.46793331146122502 89 1381 95 1247 41 1257 22 778 13 700
3559 0.52614108463675546 1.1149355810408281 1.3467691625553084 192 203 230 0.060606910422234095 34 350 5 318 78 3 25 4
2165 0.083577011627230274 1.7061353500397851 1.4328308849812907 202 174 59 0.10786512852575118 89 1375 95 1249 41 1258
3044 0.051512678226917637 1.4478267176752411 1.9207594745204968 187 171 140 0.47318073437767699 33 1187 80 1138 54 1171 8 1141
2166 0.27618471756973961 1.9543452980373988 1.5712115996234288 71 85 117 0.054385519614639583 89 1386 95 1257 41 1267
3553 -0.96601443214596594 1.9859914480007301 1.6071477774780702 254 234 70 0.15302973937687539 34 551 5 222 44 50
2169 0.78155617542907763 2.3948809407354745 1.8119638435181924 101 69 54 0.85594923286950642 89 1393 95 1265 41 1277 27 1102 63 1123 22 1178 13 1092 93 1143 88 955 33 1095 69 930 40 751 75 910
3048 0.047097976272064405 2.6787064284205746 1.5217201651106855 74 83 85 0.88167664817454006 33 1192 80 1151 58 1178 43 981 92 997
5621 0.34773020888558681 0.79714359371991239 1.8612332069738162 127 66 6 0.22076307886215502 69 25 23 21 40 31 96 288 75 264
2170 0.42713389057453155 1.0141322302768783 1.6499961519267461 117 92 25 0.72916166747948319 89 1409 95 1276 41 1324
2171 -0.29249744644896686 1.8268526171972532 2.0362064555844315 28 29 38 0.14701835469560651 89 1353 95 1278 41 1240
2172 0.28533066713369704 1.3549407059557006 1.3718579466244973 238 205 69 0.20896442962349085 89 1365 95 1280 41 1297
3567 0.62535385369518537 1.7994712213931698 2.823805793255266 121 113 97 0.14559707507060399 34 485 5 517 78 607 79 297 90 256
2173 0.84377962240536397 1.0664573125981183 2.0786261397983057 188 135 51 0.72429895623643814 89 1415 95 1285 41 1262
3052 -0.9363193118333546 2.8407725530528714 1.388407199986629 0 0 0 0.76178557775179623 85 1079 80 1167
2174 0.33240599340024629 0.71823828004424373 1.8776955577597711 251 234 74 0.67815904243784064 89 1398 95 1292 41 1316 22 1199 13 1143 93 1195 18 1233 69 943 96 902 75 917 96 930
6126 1.1782459088045012 2.2868137092679541 1.8907427663410101 149 103 80 1.2562285182758017 98 1256 16 1338 45 1351 56 1173 29 860 36 866 91 918 97 1023 84 992 87 1198 11 1487 59 1475 48 1563 64 1232 89 1396 12 1321 95 1268 41 1283 63 1122 22 1220 55 1026 13 1134 93 1188 85 1037 6 1039 33 1087 80 1087 54 1126 58 1050 72 1014 21 1058 43 962 92 778 51 1146 18 1274 69 961 23 1173 81 838 31 885 53 918 73 1048 66 1069 24 934 14 912 62 984 10 1036 71 894 94 686 9 1014 49 1012 40 776 68 932 61 840 96 958 75 943 86 730
2175 0.33623062738933385 0.71802917831743895 1.8784777556318581 251 234 74 0.69420128573483297 89 1399 95 1293 41 1317 27 1113 12 1325 63 1143 22 1200 55 1057 13 1144 69 944 96 931 75 918 86 668
2176 0.025769626724738481 1.4369272557267438 1.8762811566148416 0 0 0 0.030165103946684507 89 1433 95 1300 41 1322
2833 -1.0013538792294505 2.0927964129757815 0.90960706517156187 120 123 115 1.6958034856935518 33 829 54 609
2177 -0.23978298194977476 1.708680817800087 1.5391218101466142 22 25 32 0.23125446225085403 89 1434 95 1301 41 1323
3350 -0.67006452768908953 2.4396031394321711 1.2273498255438069 58 63 79 0.32937232654263843 55 316 88 254 72 556 63 579
2178 0.53626192416282714 1.0320998231340726 1.4559113394328442 93 79 45 0.27355714933326464 89 1435 95 1302 41 1325
3859 0.35791612730418665 1.1758466815867927 1.4192729569759754 22 25 32 0.21895833881513863 78 22 25 25
5392 0.045328314835865573 2.1470941197612485 2.3034143906964251 28 24 17 1.3901319957183718 14 909 24 878 62 1032
2179 0.29717332783873263 1.5800418029897205 1.745932307435933 137 101 30 0.69937040962451047 89 1417 95 1303 41 1327
2180 0.92821183142575259 1.2909481098244928 1.4986331103608279 106 91 26 0.27106707740188407 89 1438 95 1304 41 1328
2837 0.4819781925262529 0.98161609681759432 1.5596318480635065 149 132 38 0.28370952653597858 6 906 33 853 80 835 54 869
2181 0.92821183142575259 1.2909481098244928 1.4986331103608279 106 91 26 0.27106707740188407 89 1439 95 1305 41 1329
2183 -0.45521864062811623 1.7519077141619224 2.0397487715759803 0 0 0 0.55368695888877362 89 1442 95 1310 41 1334
3348 -0.25279503856156887 1.8862718753500183 1.5509909587212676 146 115 40 0.30992092654546416 55 238 88 207 72 54 34 189 78 138 25 131
2184 -0.38396417476426181 1.7567498761076192 1.7988734897918328 255 229 69 1.6157199015461465 12 1367 89 1444 95 1312 41 1336 22 1245 13 1163 43 1023 92 1094
2841 0.51131168689494444 1.1436616671506399 1.3840520903468159 32 36 43 0.47169376096548649 6 1027 33 866 80 994
2185 0.39035590289726763 1.0106339526663466 2.0739230635774435 153 93 17 0.13424839790266355 89 1443 95 1313 41 1337
2186 0.35967292084277502 1.0994569459019543 1.9909938990571401 255 236 62 0.3507578958396726 89 1445 95 1314 41 1338
2188 0.58117515968684896 1.7602840357355782 1.8323502035141357 235 211 167 1.7857793071293901 89 1455 95 1321 41 1307
2845 0.007657989143099341 1.5551535237038314 1.6746246646687604 181 159 54 0.24225133245961064 6 940 33 900 80 886 54 915 8 702 42 831
5919 -0.16651063440724917 1.9790962277604471 2.6177541804236948 40 25 21 0.51252134057371157 20 184 60 255 15 304 33 170 80 156 54 180 8 199 42 203 72 73 34 548 78 644 25 414 67 195 39 154 28 178
2190 0.22594475198218539 1.9589107484786883 1.6286478149699979 68 76 97 0.17845414549202523 89 1451 95 1331 41 1349
2191 0.82100704018570814 1.2729550105404293 1.4263690959047302 107 91 26 0.59812514228325231 89 1452 95 1332 41 1350
3356 -0.059009381195529502 2.6896043404247263 1.516445048839782 80 91 94 0.19598221983074091 33 767 88 495 72 601
2192 0.82100704018570814 1.2729550105404293 1.4263690959047302 107 91 26 0.59812514228325231 89 1453 95 1333 41 1351
2193 -0.71032891571757517 2.3494989170623368 1.2672435821764771 98 87 28 0.36413521843961244 89 1457 95 1335 41 1355
3430 0.25794920382981401 1.8512190092053813 2.7563437595599187 108 74 60 0.62641873422551764 88 559 72 630 34 794 5 806 92 632 78 627 25 611 44 298
2194 0.76644463726439538 1.9869601000821735 3.3860151637112472 229 213 174 0.83719412738578225 89 1464 95 1337 41 1357
2195 -0.45433902951837607 1.577908295129359 1.8676392227843148 0 0 0 0.34695390577080287 89 1459 95 1340 41 1360
2196 0.58658077245053697 1.0995113752077303 2.3962725724320957 14 14 0 0.36648282464543858 89 1460 95 1342 41 1362
2917 -0.53822304581068303 2.3166194803137437 1.8243990659495233 148 127 41 1.1626109769591868 6 293 80 236
2197 -0.63944420523425949 2.8985595601178371 1.2216278291600844 106 111 106 1.8756750117907106 89 1463 95 1344 41 1364 27 1183 63 1214 22 1256 55 1133 13 1171 93 1220 88 1062 72 1072 43 1019
2199 -0.55582820037997371 1.5710760377462065 1.2832667257816548 172 129 43 0.096177373469982619 89 15 95 10 41 10
2200 0.27923152633404602 0.89194023968481551 1.7370520212985288 78 78 81 0.27751467173822608 89 23 41 24 22 306 13 331
2921 -0.34217334835176905 2.8226944348045504 1.2977204723634941 47 35 34 0.13765848475924644 55 320 80 259 72 46
2201 -0.27179556404593025 1.786147625828179 1.2794181181350179 126 78 11 0.22848367062807295 89 85 41 67 27 148 12 200 63 195 22 295
3438 0.12486613783512948 1.7137967914150336 1.7355617747939238 146 120 42 0.15766426211749363 88 757 72 758 43 678 92 738
2202 0.48575904164378375 1.0557880657863261 2.0268782452983762 191 104 13 0.046195803310083688 89 68 95 59 41 71
3947 -0.66657051674404966 2.6451688856992122 1.6374514476587412 86 90 83 0.16218723613361785 32 359 30 306 76 215 52 216 46 251 77 489 2 506 70 298 57 325
2204 -0.72437959192957413 2.8929378439887903 1.271121393418607 125 129 121 0.1612109054919478 89 217 95 157 41 176
2925 -0.76239159422140645 2.2775849414222193 1.3534897229006848 96 70 14 0.458031667743867 33 291 80 273 54 270
2206 -0.44174422115267925 2.6455592100219278 1.3063214959680314 1 1 2 1.5476765005614492 12 507 95 167 41 197 27 342 63 370
2207 0.26071604586349295 1.9289611148314725 1.6416786232968781 136 106 25 0.1975105265804605 89 227 41 215 22 625 93 569
3436 -0.21257596991864569 1.8002797856055028 1.6562753687083889 216 174 53 0.25322051926824068 88 776 72 745 34 926 25 1013
2208 -0.066675479540467916 2.3787186632779891 1.5304347007420367 6 5 6 0.06941892555228521 89 251 41 221
5424 1.457708678074114 2.177373257679879 2.1050305095100059 239 220 179 0.3579644064755193 62 806 10 527 9 874 49 864
2211 0.78210025214387768 2.3803938768532893 1.8263068868420795 43 28 25 0.35103810863313956 12 518 41 353 27 327 22 275 55 243 85 186 6 172 33 464 80 422 88 437 72 386 21 100
4050 -0.94588451025488451 2.7807848751674986 1.5024612376042044 125 126 114 0.15631453574932866 76 450 52 248 46 491
2212 1.2841125132243341 2.2032898823747842 2.0851693125272552 123 118 104 0.073079349425952372 89 463 41 368
2869 0.32862948108901491 1.7120749050761044 2.8208224506788682 124 96 85 0.56409840271421052 85 932 33 1001 80 1011 54 1057 42 1043 21 1057 58 1132
2213 -0.62791756240751451 1.5384258975863161 1.2506853993153686 255 233 73 1.0432847619460359 89 472 41 374 69 0 40 0
2216 0.52794568278358756 1.0723869340090948 1.9864308296656679 254 215 54 0.042990668386284257 89 522 95 400 41 424
2873 -0.53737642757810822 2.5471069358823173 1.3198186199542075 15 22 38 0.36145586874380564 6 1102 33 1058 80 958
2218 0.19763332343944132 1.7024258236165473 1.4004478395393634 83 98 131 0.23980588789392723 89 604 41 504 22 89
3899 0.64793939597361716 1.7040030829000599 3.0471987713549269 219 195 154 1.2309082995133942 25 1066 44 818 100 980 79 979 24 886
2220 -0.52419958703280711 1.5028986572262089 1.4084257531554387 255 242 70 0.25393308450668794 89 753 41 669 13 510 43 655 92 705
2877 -0.96852278782581525 2.7504123618124985 1.5331342747934891 118 123 114 0.32818203038049149 85 1019 33 1070 63 1057 54 1113 42 909 59 1395
3551 -0.12107655086872253 1.4615200334381901 1.8766781493076807 77 70 74 0.30416704050328469 34 223 5 192 78 583 25 556 44 432 100 102 79 120
5951 0.85544885619203559 1.0333682413774086 1.5544143902433665 0 0 0 2.3335118768210656 71 745 26 667 82 517
2222 0.23192066391046151 2.2445130374522129 1.7555574125086586 7 7 8 0.4320310180791318 89 1054 95 784 41 772
3545 0.10504318188259965 1.7214208271095099 1.5030465307647602 100 92 94 0.20622664650183339 34 434 5 74 78 721 25 704
2223 0.34617499895633985 2.8938047817810029 4.4782065556700124 181 128 37 1.1906556231493939 89 878 95 778 41 774
3388 -0.31268227702550855 1.8103597579335409 1.720751225778244 255 220 65 0.93117833954033002 55 912 88 974 72 964 34 1131 5 1089 92 1049 90 989
2224 -0.11359505870330981 2.7895577300484442 1.2764829899221208 60 60 56 0.52318830915745507 64 1026 89 1086 41 793
2817 0.0026641609161229974 1.4473711634741055 1.9495993585491005 235 218 180 1.0780608589534628 85 640 33 686 80 673
2226 0.99064274107605832 2.08894503798117 2.3481472939524055 230 214 178 0.39728354598748156 89 925 41 823 13 883
3843 0.94269537372343726 1.7058000081366154 2.942864183428576 249 229 187 0.66257856164820184 34 1024 25 1172 15 991 47 1007
2227 -0.54198617151045159 1.4792017321477178 1.4924693580147181 255 246 69 0.19928211291670384 89 965 41 865 93 736 22 751
2821 0.11405384831225619 1.7972214074253228 1.6931781835652764 154 124 41 0.24974891211642683 6 750 33 705 80 680
5434 -0.35201539253944603 1.6046121679188812 1.2544646725466961 255 212 55 1.6055573577327558 66 1111 10 1091 94 767 71 928 4 765
2229 -0.44453289651816913 2.3260347033142637 0.95232630916976369 125 130 123 1.6690816797599484 89 1030 95 896 41 924
3332 -0.74788167794364324 2.1268682288194181 1.233883449562166 108 0 0 0.26264057892461723 8 1160 58 1180 21 1169
2232 0.56568417622687839 2.5627718717267016 4.1128787670971807 237 220 182 0.2951355631005807 89 1058 95 937 41 961
2233 0.14960732961345999 2.7094742049497884 1.4121740114171115 64 67 61 0.16093526475983472 64 1008 41 1007
2234 0.64911542200540484 2.3733024102177582 1.9077126615605511 223 205 166 0.07662614860590404 89 1144 95 1022 41 1040
2236 1.0078089448372014 2.1688731163017669 2.2189209686322657 235 219 178 0.059520844012340583 89 1182 95 1060 41 1072
2829 -0.7225679854951178 2.2295227578188723 1.246399043516782 143 118 39 0.19779000546751496 6 998 85 749 33 795 80 957 8 1004
2238 1.0789278783583842 2.2195983124545307 2.0970435907963152 234 218 177 0.14888719935934888 89 1216 95 1091 41 1105 13 897
2239 1.2921883439437036 2.1002648617491326 2.259255829149303 236 219 181 0.05102090363858304 89 1228 41 1116
3340 -1.0536704299162505 2.3104761409786949 2.1704684160017629 104 72 60 0.1965788889677241 6 837 80 576 42 517 58 827 80 783 54 837 8 859 34 563
2240 0.49328223470582805 0.82175690181509176 2.0707694671482577 255 252 75 1.4458759283937055 87 781 41 1152 7 890 11 966
5665 -0.093368150512747994 1.9057502798856811 2.3046295940551143 143 140 157 0.47299316236713468 71 594 20 614 4 481 94 391
5456 -0.93380939314407285 7.9217923282987401 -2.1022523589331437 76 62 62 0.94252814771322024 10 197 71 166 4 106
2243 -0.89709895444494259 1.6810621518538524 1.0950608981685765 0 0 0 0.7265583576203074 11 1502 41 1315 13 1137
2245 -0.62282818294788012 1.4933061842225863 1.4444866132099967 255 248 89 0.55161022314566455 59 1239 12 969 64 1099 41 1133 89 1247 95 1119 27 973 22 1031 93 1112 69 898
2247 0.94555840590508344 0.5945244975122117 0.90232446787097842 254 225 59 0.48131115555001924 89 526 41 472
3412 -0.54257543728868662 2.6095765068055714 1.2292242893340171 6 6 9 0.42153462510388146 88 516 72 287 43 9 92 267
3621 0.83170427495001731 1.7429052096010569 2.9455574950118515 129 121 103 0.2614911577991571 34 1229 5 1184
2248 0.50367442516506966 1.0285068169334064 2.0655595142195007 182 104 17 0.01054296719511998 12 20 27 14
2905 0.60294754805935391 1.7728664354983126 2.8537203371043018 78 73 60 0.55138227525452799 33 63 80 74 54 83 58 58 34 219 5 271 44 305
3630 -0.73847990105378181 2.2249327312614109 1.3092322245107706 162 132 35 0.081116620795748662 58 280 21 241 67 236
2249 0.81255401787698167 1.8110174625595055 3.5298057181218478 255 224 69 0.24099895717934922 12 103 27 18
3422 0.8696839354947058 1.2571880278438952 1.6217072633336007 254 235 68 0.040569742486615802 55 410 88 342 72 530
5983 -0.39625401468632104 2.989710003562422 1.2135028662631997 0 0 0 1.6561097585689299 3 869 97 1242 82 625
4652 0.93676961892320398 1.2107491609697962 1.707944424062247 255 229 62 0.30738307446914132 44 1076 100 1072 79 1002
2254 1.1564345244224863 2.371001830004825 2.6139214442317811 122 116 100 0.062366362425765036 12 401 27 174
2255 1.204743334613577 2.2427627686993978 2.0552548287820476 228 210 172 0.45200177642427192 41 365 95 337 27 286 22 284 13 287
3420 0.85950451321279941 1.2912238366280873 1.582636883748483 255 232 65 0.17096715812652458 88 373 72 523 5 324 34 18 43 391
3629 -0.95140514894941475 2.0532280314061082 1.5812087545937712 122 110 31 0.053985212509898579 58 281 21 229 67 234
2256 1.424464413420826 2.1941735691183841 2.0678378627637528 216 199 163 0.36510823481191967 95 345 27 308
2977 0.77593639793991187 1.7122914859371998 2.942284330012277 234 218 181 0.23595873389940647 33 639 80 646 54 685 8 399 58 416
3638 -0.99903967318150111 2.7151382862659053 1.5590139706840909 126 127 117 0.10833360690345933 32 380 58 390 21 366 67 436
4656 0.44686452653705616 1.0910381508649729 1.3430071007962543 0 0 0 1.9070187519328954 44 1110 100 1107 79 1085 39 918
2258 0.5849399042621567 0.91315750642593696 2.1389751773272438 167 94 15 0.58241426918555317 41 64 95 375 27 362 63 383 22 125 55 325 93 386 69 401 75 385
4003 -1.2172514044510787 2.3141020681824043 2.1828422153851497 151 102 78 0.79475111373155083 98 1339 16 1449 32 1152 99 1258 45 1488 36 986 29 835 30 960 55 1027 64 1301 85 1067 6 1165 33 1130 54 1158 8 1125 80 1075 54 1111 42 1029 72 844 52 653 2 887
2259 0.62976578609728828 0.98133622329156844 2.1096821413482454 178 112 32 0.12014677624014422 12 579 27 371 63 387 55 328
2260 0.61137316199350911 1.0038305877000968 2.0708932126496951 168 104 27 0.13500982507859435 12 22 27 375 63 390 55 331 72 404
2981 0.18678459762703065 1.9856486079733289 1.5612136603961531 85 96 124 0.051674967718936156 33 711 80 686 54 737
5466 0.035996394706640115 1.1891449270144667 1.899892846116175 43 36 37 0.98078262640681202 10 323 71 307 4 197 94 262
2261 0.57841115777505914 1.0479846192199251 2.0197072772814502 255 212 65 0.018550821831123006 12 37 27 383
2263 0.79863983001620942 1.133926934591674 1.8422766304667131 200 132 37 0.18712587350768226 12 619 27 432 63 440 55 369 34 376 100 81 79 89
3637 -0.93326743635997578 2.6641248005090259 1.4780361519999923 80 86 83 1.3814482862150994 58 380 21 358 67 401
2264 0.87419423572793908 1.2622897810693829 1.6278808452419278 254 229 65 0.24862120872266816 41 591 89 652 95 581 27 507 63 491
2985 -0.41477450298035723 2.0592985094923826 2.4676492049970644 36 23 21 0.32144367914494321 33 739 80 720 54 530 8 789
3646 -0.58087746013394026 2.7204538656428756 1.411614229330465 81 85 78 1.2559133156061852 21 642 30 829
4671 0.91508315009840424 1.2204727039443226 1.6899260827836562 255 231 72 0.04763694985653924 100 56 79 53
2265 -0.076590947234263643 1.7770381954313348 1.7073622624537521 129 100 31 0.19840118880276478 12 686 27 509 63 509 55 464
2270 -0.21535764902522533 2.72866653204962 1.3542592625460639 66 51 48 0.3925114527363347 64 1021 27 585 63 587 55 520 13 340 22 359 85 739 6 838 33 782 80 760 54 805 42 699 58 799 88 639 72 587 21 612 43 497 69 113
2272 0.47462672947305012 0.96541372239052536 2.0788020707188251 162 102 19 1.0872600468883491 12 806 27 604 63 601 55 528
2929 -1.0167777343356026 2.4499800905418745 2.0398165166393327 131 125 107 0.13753747070312847 33 306 80 303 54 301 8 351 42 311
2273 0.60283205081321189 0.9884099208959648 2.0981904847623847 252 203 57 0.63774321069026396 12 577 27 606 63 605 55 530 13 590 22 618 72 675 88 531 43 720 92 785
5488 -0.0097928587982464132 1.6152675563203873 1.9138709383802459 126 93 21 0.45943084706651843 10 681 66 670 71 524 4 241
2275 -0.83201047301006681 1.6216397674576022 1.2854495498980947 255 239 70 0.56793529093595019 12 830 27 638 63 833
2276 0.086089992446090932 1.6959404235251003 1.8163987177215062 137 115 41 0.21490627385046682 12 862 27 646 63 647 55 602
2933 0.45019820786226861 0.97063201422270617 1.6136463637747551 144 127 36 0.1462193299126463 33 352 80 336 54 336
2277 0.002346632399293851 1.6516337381443997 1.5634599599276393 168 137 47 0.7494791959340078 89 545 27 654 63 657
2279 -0.27442532220351795 1.862169220854923 1.5988732400223549 250 201 60 0.19122989280296324 12 874 27 658 63 664
3444 -0.35842556069719173 1.6547078245086337 1.197309557507396 247 217 67 0.22363959137375194 88 890 72 883 43 838 92 908
2280 1.0268981634217522 1.2955174395787346 1.5821486714614257 254 235 70 0.25704411295475899 12 883 27 665 63 655
2937 0.67383873320470833 1.7115116116570863 2.9404543944207084 227 214 180 0.27650059251570153 33 380 80 370 54 402 8 405 42 587 58 41 34 741 47 72 81 593 40 454
2281 0.75586365887073259 2.1709636606557323 2.2234789938463138 227 211 173 0.12794609729954043 64 590 27 685 63 676
3454 0.077109852715052621 1.6276072712248637 1.568354866972602 201 171 56 0.30691923935091875 88 963 72 988
2282 -0.55912811848306032 2.3445100738841713 1.3574007526243168 33 20 0 0.29406731233961375 12 1046 27 720 63 942
3963 -1.1033108371321705 2.4402992464085429 2.0505255374113305 228 214 178 0.38720672706868353 32 896 30 510 21 1006 46 216 77 470
2284 -0.58302193052911733 2.9293040031984114 1.163097089863552 121 84 65 0.6144463169936959 12 961 27 766 63 773 55 700 33 982 54 1026 8 1027 42 893 88 657
2941 0.42588814834918626 1.7559339734499555 2.8066560511824248 163 123 105 0.15273814599277905 33 419 80 398 54 433 8 421
6015 0.36115810304889312 1.8803515722891075 1.8537707335102194 62 29 1 0.05948337669948342 82 352 50 390 65 418
2286 0.38565165669631662 0.73877269759083219 1.8520446336738561 154 92 17 1.0084503955636903 11 699 12 801 27 768 63 779 55 867 83 0
2287 0.77858695610193052 1.0804352697620481 1.958423802947691 254 230 67 0.33015912633353878 12 821 27 786 63 799 55 718 42 529 34 872 78 969 25 957
2288 -0.83754603487319312 1.5757375414353916 1.3657906257747252 255 235 73 0.46883757521024338 64 1120 27 794
2289 -0.61356638475851877 1.5677702796223336 1.2828440228602342 255 227 70 0.61042924780606655 59 1249 27 809 63 1002 55 943 42 879 88 910 72 859
3398 -0.83175354827931702 1.6184300537156493 1.2795331742170402 255 233 72 0.46132185647581248 27 802 63 832 88 919 33 1047 80 1049 54 1093 55 952 85 991 8 983 6 1077 42 1011 72 845 34 962 5 916 43 627 92 679 78 1043 25 1023 44 556 47 733 100 575 79 327 39 205 28 216 31 217 60 601 15 682
2290 1.0544998315774425 1.1905797502528317 1.729412780184838 254 236 76 0.33460026106140894 12 675 27 815 34 850
3907 1.4517695858309527 4.6965445607824039 3.7573039998389275 238 220 179 1.9036594861766423 78 898 44 940
2291 0.66977378755590278 1.0597059263404014 1.3048677218351721 132 113 32 0.25666419164767634 12 981 27 817 63 829 55 757 85 789 88 698 34 567 5 555
2292 -0.026801758651948532 1.7783513395680255 1.7025802362650204 171 138 47 0.54250728734951292 12 994 27 823 88 768
2885 -1.1049302495147284 2.6676466333687934 1.6210410121166763 0 0 0 0.059523299627632587 85 1113 33 1136
5498 -0.53089911367499187 1.9657400224882657 1.9004719377967592 255 228 61 1.0250668981526978 10 951 71 793 4 613 20 599 94 667
2293 1.1347226918998183 1.2136091749012763 1.6373233812387464 0 0 0 0.81775744875962764 12 877 16 1261 27 825 63 831 88 665 85 776
2295 0.94263158196268582 1.4281857340007063 1.6146963488363579 233 216 177 1.5224537273126639 95 1191 27 835 41 1204
2296 1.2021747421726532 2.1750454170490956 2.152587295982463 233 216 179 0.11586751672921629 12 1115 27 913 63 897
2889 -0.71772888737636642 1.7951523467562809 1.049966948248815 255 227 71 0.14740380604745754 85 1105 33 1163 80 1108
2297 0.44915961961370204 2.1728616914367764 1.6936502682309027 17 17 18 0.13475837572391622 12 1092 27 924 63 931
3406 0.09305255374425557 1.6634875509078213 1.4774240297540984 103 86 21 0.4208713359386001 88 462 72 96 43 69 33 131
2298 1.2978789079026261 2.1839975664565539 2.125275784193319 232 216 179 0.14479619289700332 12 1131 27 929 63 918
3915 0.11256138191633486 1.8475879753719158 2.3560174746258769 229 205 161 1.9719973442065994 25 1176 78 1161 44 1029
2893 0.17981821798836506 2.6260362221051321 1.5603101458216264 90 99 101 1.5785688157520299 6 1239 85 1139 33 1201 80 1178 54 1177 42 1089 58 1173 88 1046 72 1056 43 1004 92 1002
2301 -0.11968295940830277 2.7369639484379635 1.3370682016943922 72 55 49 0.091160156275514062 64 1166 27 953 63 967
2302 0.36456247113934548 0.65855611738211839 1.8581877850022321 0 0 0 0.69204490567039578 95 841 27 957 18 1007
2303 0.7574694956263861 1.0140224839685354 2.0093576416253156 185 32 0 0.40911580858252122 41 1176 27 963 63 973
3404 -0.041238563773676004 1.8468960532456413 1.5844031957665783 167 138 47 0.14770643646241532 88 186 72 76 92 67
2304 -0.001978309612064558 1.6910006486327411 1.8368348580419707 186 163 56 0.7714967284039006 12 1202 27 988 63 990
2305 0.037422514638639499 1.5788236509005553 1.6164766693674395 200 172 58 0.1827035451383982 27 995 63 996 55 908 85 841
2736 -0.46141156114418286 1.9659031203122028 2.5450007632376073 0 0 0 1.5824350859300511 27 1052 6 1053 72 885 81 754
2307 -0.76499973428186918 1.6744639610293577 1.1717360202000859 255 236 73 0.88744904734377839 64 1235 27 998 63 1024 55 967 85 997 6 1081 33 1050 8 1097 42 1006 58 1078 88 922 72 849 34 1047 5 886 21 1066 78 1020 25 999 47 915
3762 -0.90660846574057141 2.0626184268696433 1.8945333807877178 27 31 37 0.50285245982344262 43 974 92 1069 44 1175
2308 -0.33838437492088747 1.6334044623954753 1.2472919244440133 148 104 19 0.42501004412968985 12 1208 27 1008 63 844
2309 -0.34500786522074112 1.7095823643071677 1.1933845851843681 54 68 95 0.29864040067940245 12 1301 27 1019 63 1040
2740 0.12284252893698831 1.5180849974314248 1.9139986742515778 120 94 40 0.44276822942196176 85 1038 6 1132 33 1006 80 871 54 1055
3249 -0.13768673711118395 2.0596897374023713 2.5105365457624416 222 207 170 0.40535668995479046 54 950 42 861 34 1069 5 1041 78 1173 25 1188 44 1103 100 1045 79 1055 39 963 28 908 53 926 90 973 66 1005 60 940 15 1009 62 799
2313 1.0053319572835882 1.2422459152898049 1.663896671957215 0 0 0 0.47455596627118773 12 1213 27 1078 63 1096 55 1004
2744 -0.80171533255484129 1.7360543996546631 1.0874710362539348 255 233 75 0.35206775782155258 85 1104 6 1199 33 1165 80 1155 54 1182 42 1105 58 1140
2314 -0.7204269303881391 1.7803707266035929 1.0404286972416377 255 227 71 0.32715047911397133 12 1299 27 1090 63 1114 88 989
2315 1.029977577500891 1.1919122108310833 1.7457088968968939 181 124 39 0.35120846194488731 12 1340 27 1122 63 1153 55 1063
3770 -0.54415305931952018 1.6345041122101927 1.1925431896124961 255 232 72 0.41499309100629395 89 977 41 878 22 752 13 676 43 633 92 686 48 1285 59 1439 64 1222 27 1003 63 1027 55 957 88 911 72 862
2316 -0.29762103426010955 1.7711353088109321 1.3261713987032275 241 187 47 0.53343450950814442 12 1346 27 1131 63 1103
3263 -0.61310510677262553 1.8359135320154236 1.8184573170010909 184 120 35 1.6810463180998854 8 1207 42 1099 34 1206
2317 1.0722042973349428 1.308217735909166 1.5246690133964556 0 0 0 1.0764986803507159 12 1312 27 1132 63 1183
2748 -0.5780069983470153 2.9075613971607366 1.2170525170172561 118 117 104 0.6830819703192843 27 1048 63 1071 13 536 85 1020 6 1115 98 1162 16 1229 99 1099 45 1417 32 1082 98 1302 56 1078 48 1252 87 739 11 898 59 1415 64 1178 33 980 80 972 54 1023 8 1026 42 892 58 1026 88 808 72 727 87 741 21 1017 43 487 30 734 32 958 47 802 67 812
2318 0.393095333896334 0.90997210000862605 1.7096113497906498 146 129 37 0.33204848613750881 12 1364 27 1146 63 1191
5251 0.11206748706544782 1.9344488073470361 2.3100888721977757 31 28 23 1.7825542631289353 79 1121 66 1144 100 1091 39 906 28 906 31 886 53 976 90 970
2320 0.95497299004633251 1.1301056891446066 1.8528507007331887 186 129 38 0.38872080933662012 12 1335 27 1151 63 1149 55 1094 85 1086 42 1077 88 996 34 1163 5 1114 78 1252 25 1276 100 1121 39 995 31 917
2321 1.0926253281997891 1.2568328789224299 1.6311086017477354 181 125 36 0.1284221751639455 12 1348 27 1152 63 1179 55 1095
2688 -0.47304984765863095 2.1464322000559668 1.2311298548552188 98 75 21 0.079925903273054016 85 283 6 297 33 252 80 227 58 237
2323 -0.4087598204764798 2.8489731812878407 1.2808116917006176 41 32 31 0.61625831301253375 89 298 41 235 27 358 87 478 48 961 59 938 64 457 55 321 6 633 33 584 54 578 8 295 42 252 58 600 88 244 13 62 72 37 21 645 67 350
3714 -0.41623986245268541 1.5969552788863242 1.2419221629489985 255 236 65 0.47446482386025235 12 1197 89 1256 95 1133 41 1144 27 1001 59 1437 63 1021 64 1212 22 1034 13 947 93 1029 43 836 88 895 72 879 92 906
2324 -0.18264844961001017 2.727230153612382 1.4034684662605403 27 19 19 0.82768210198492098 45 966 64 1016 27 583 12 532 89 322 95 228 41 260 22 372 13 91 85 735 6 835 33 779 88 637 72 588 43 264 30 297
3207 0.7422258899826738 1.6755123565490753 2.8599243527922504 211 192 153 2.0277244385280864 80 1202 58 1214
2325 0.80972354862412488 2.4088941349156188 1.7454186574483996 105 72 58 0.38566485878677015 12 1151 89 1215 95 1084 41 1095 27 946 48 1242 59 1190 63 950 22 939 93 918 48 1444
2692 -1.2514854193729998 2.3390948006723375 2.1687541265680808 68 45 35 0.047469649382357502 85 298 6 349 8 639
2326 0.39299462023669129 2.1540635283325358 1.6535424020835097 30 26 25 0.73158663664320989 87 1378 11 1664 95 1345 27 1176 63 1208
3201 -0.25125909725675921 2.6806382393827866 1.1680360923293953 0 0 0 1.8709188601467819 8 1103 88 794 54 1094
2329 0.28692645838245967 0.90441691591613504 1.7208077580445118 195 204 231 0.22745557050631379 27 369 63 16 88 418
2696 1.1294715066741638 2.2685426030612996 2.0241877785034972 225 208 170 0.10993417701373091 85 418 6 449 33 417
5269 0.41118168998937543 2.137999097658811 2.2723045326356748 254 227 172 0.14054123587285186 73 470 24 383 14 416 62 520
2330 0.68438890140107156 1.0298322884470221 2.0498773408314594 191 127 35 0.0196453891754673 12 44 63 19
2331 0.4601538381233925 0.97575849627976685 1.6163862305267087 142 124 34 0.10476001009430641 27 34 63 33 72 154
3722 -0.62107918894876057 2.0057148049501086 1.0332480703707347 0 0 0 1.7325106389005853 43 1030 92 1089 69 1004
2332 0.40657444044168284 1.0117953795402119 1.511723078064934 199 210 239 0.15455014076362214 27 44 63 45 88 97 34 55 42 35 5 52 78 26 25 26
3215 6.8017432604591246 15.687051730489269 14.528499366835538 127 114 92 0.44058278262313177 55 168 42 166
2333 0.45992670930341123 1.0360901529666713 1.4889115143634044 200 210 236 0.40788166634482825 27 54 63 53 55 72 13 348 41 408
2700 0.53907939813398653 2.2026346607107548 1.8226901970999656 220 205 169 1.4399608972201019 85 666 6 487 72 648
5774 0.41448823920723155 0.83835011670408088 2.0538298741041388 255 198 52 0.078123727564545345 20 210 60 27 15 25
2335 -0.53339545578570069 1.563234205085829 1.3259533594268305 255 237 71 0.017380678138629584 59 71 63 120
2336 0.19405992251965376 1.7222712419851589 1.6656476442424626 72 68 76 0.11561384028826888 27 116 63 140 55 462 88 150 34 110 5 101
2337 -0.041356759686080199 1.8015394993603642 1.6465850855561419 127 96 30 0.28429534775578585 12 185 27 516 63 143
2341 -0.41029887633553463 2.4556406699874427 1.2764380469359629 25 30 39 1.766523348369347 27 323 63 353 42 246
2644 -0.38082874435700798 2.1349909991895948 1.2544269224938163 251 209 64 0.22364625507064975 55 845 85 732 6 808 33 765 80 516 58 550 88 641 72 572 21 786
4039 0.18952912469262473 1.9914427607743734 1.5447791341304662 80 92 124 0.13821740820777681 76 99 52 103 46 71 77 66 2 92
3153 0.77632311790949271 1.1657685424859208 1.2619087081075848 0 0 0 0.77604493071808489 80 1080 54 1118 42 921 58 1155 21 1183
4032 -0.87510092605319789 2.0471086109856849 1.5392072175551481 90 64 12 0.61705451770798447 98 718 16 781 45 813 76 104 30 136 99 234
2346 0.76416992458672861 1.1027722145240773 1.8953956735343549 201 125 31 0.17042506657581552 12 610 27 417 63 426 55 360 34 383 25 483 100 416 79 99
5070 -1.2212366053813728 2.3066030010933987 1.9862796339161533 0 0 0 1.3238671855828825 31 907 53 1000 81 731
2348 -0.26048310931769436 1.7392885078960472 1.8967564643751256 20 24 33 0.42841101967758838 12 132 63 472 55 449
3167 -0.90295910991196793 1.6660199289094599 1.2178125226634662 136 114 39 0.13023858126562315 80 237 8 233 58 223
2349 0.87223862610835745 1.2810461284816608 1.6162373803419345 215 125 27 0.39365656996898912 41 601 95 199 63 494
2652 0.51554152019006372 2.3215154747478182 1.6997005666632312 213 198 163 1.3462533919040824 55 827 85 851 6 762 33 708 43 544
4047 -1.3666076764062696 2.4071464815208232 2.1346818638706604 64 45 35 0.23605543675706966 30 268 52 199 46 449 77 484 2 520 70 319 57 345 1 494 38 316
2350 -0.048897558750617881 1.7716692033848702 1.717909464796207 170 139 48 0.2389450648070181 27 510 59 138 63 506 55 181 42 179
3161 0.23164080954352495 2.6393736775795911 1.5256688477934397 32 26 26 0.4428511221226536 6 799 80 717 54 500 85 249 6 259 33 518 8 521 42 180 58 769 21 797 67 529
2351 0.79612885178189519 2.0524184077683727 2.1202961418035895 225 209 172 1.4188885106281433 27 539 64 565 63 525
5283 1.2106531034458454 2.2329620957789249 2.0248395728232915 107 70 52 0.39901751452053513 73 923 24 830 62 931 9 971
5074 -0.11490106650267114 1.9393486239016799 2.3336765790268896 119 117 133 0.80030886725856865 79 1191 53 1032 73 1108 66 1215 10 1147 94 863
2352 -0.28896216762260774 1.9020142902624499 1.4898309219051922 254 222 56 1.1059826882341557 12 706 27 519 63 529
2353 0.1242755604491723 1.7499735782232457 1.4249589455394267 75 76 57 0.61867939818838635 27 678 63 534 55 478 6 159 33 135 85 461 88 173 72 98 43 67
2720 -0.89004367448597854 2.7174586800083707 1.5750149213728517 114 116 107 0.14473090959897039 64 1023 6 886 33 602 85 548 80 811 54 616 8 625 58 870 42 508 21 888 67 818
2357 1.1153819756322885 2.3179300418185704 1.877966752506836 104 72 59 0.21610453317435785 27 570 63 566 55 475 13 501 85 426 6 126 33 428 80 82 54 57 8 61 58 73 72 525 21 67 43 439
2724 0.34945991101205215 1.6312701489844177 1.9007397811205065 134 95 20 0.30713701405720073 85 939 6 928 33 1002 80 1005 54 1052
4055 -0.71950295114044804 2.9775701498521689 1.1213536756777682 66 48 38 0.2792883610215709 76 260 52 282 46 508
5301 -0.35154757899783751 1.7605027817945742 1.8338184858549609 255 229 63 1.1068358209916498 31 932 53 1025 24 973 79 1200 73 1106 66 1195 14 927 62 1068 10 1132 71 999 4 841
2362 0.43683056612189974 0.78697790149268598 1.9431822032756887 171 99 13 0.72259417799267378 11 963 27 597 63 597
2363 0.39555421670951457 0.81545583324760729 1.7364777059896406 141 121 34 0.14690432494923206 27 603 63 602
3754 -0.94815297635307239 1.5874815570237253 1.2723228174705759 0 0 0 0.24264830429773954 43 904 92 972 81 776
2364 0.49302861285142585 0.9934055215840264 1.5717263483163526 144 129 38 0.26306006682592104 27 623 63 623 55 551 88 547
3247 -0.076141675808294368 2.0398665032733265 2.5322271357727706 224 208 171 0.61790647917767771 54 765 42 857 34 968 8 770 5 1040 78 1171 25 1185 44 1035 100 1046 79 1056 39 910 60 939 15 1006 17 915 74 860
2365 0.81996684301124578 1.13815862151264 1.8895581609338568 253 226 71 1.5031335154919332 89 837 63 625 34 596 55 540
2366 -0.60042541829930218 2.1040391836359138 2.4704064924585043 108 74 60 0.79159995305447584 27 626 63 629 85 860 6 785 33 937 80 939 54 992 58 1088
4056 0.6843936471872607 1.1962158439898694 1.3091633453364031 135 123 50 0.15560590662753776 76 274 52 288 46 339
5806 -1.083789898961913 2.6206040307432934 1.7662703312576578 161 155 135 0.081791468485518382 20 143 60 537 15 629 47 847
5081 4.5918085799654529 24.837941530172934 5.8880108328392646 229 215 178 2.5267933140252969 39 184 90 209
2367 1.0236030236611595 1.1884427972063369 1.7410746299080824 182 124 38 0.027934183486985516 27 645 63 637
2368 0.90248612148868801 1.2257969547337659 1.6816362822250459 210 132 35 0.052560887955871875 27 647 63 639
2369 0.61366621772793539 1.1054099329277551 1.3892502078368412 112 96 25 0.11149969453209684 27 488 63 640 55 575
2800 -0.73861748315252185 1.6612451811683113 1.2001946386820668 254 226 69 0.18383434912410862 64 634 33 547 80 519 54 546 8 533 42 487 58 513 34 502 5 135 47 83
2371 -0.0048624506578839027 1.7724247775105357 1.7036414233609796 166 136 47 0.072246853920243825 27 653 63 656 55 801
3826 0.54941305448044797 1.0759302453958408 1.3781703898418645 156 126 31 0.36543205298835496 34 349 78 4 25 453
2372 1.2365817245416308 2.2090265582387767 2.0883023998543204 231 215 180 0.18121073419369529 27 736 63 723 55 618
3319 0.34037424846053865 0.7640742162918539 1.8655931748560046 135 113 36 0.37718161874823469 6 897 58 902 21 906
2373 -0.33784466822229448 2.0889879712929753 1.3119900284634483 250 203 54 0.25487705903460822 27 706 64 967 63 737 55 685 85 726 6 800 21 776
2804 -0.96446423841389406 1.9958435886002071 1.611376253141759 254 234 70 0.16484495758956255 6 827 33 575 80 766 54 827 58 795
2374 1.0687044211230823 2.2891829990072736 1.9986953786504589 220 203 165 0.22740586777882518 27 743 63 741 55 641 85 639
3313 -1.0053150809849538 2.5455095475617346 1.8772645444584966 126 124 112 0.17649775696568168 8 872 54 850 58 855
2377 0.93870108616074788 2.3680027278486504 1.7988245810601484 105 72 59 0.42752136918845701 27 753 63 760 22 972
2808 -0.82908792576733736 2.6949445999234638 1.6020545237543014 107 110 102 0.11965319810649855 6 872 33 597 80 801 54 608
2378 -0.52365796283045463 2.9198400729771952 1.1960361700852338 116 81 63 0.38432827597469543 27 765 63 772 55 699 42 888 88 655
2379 0.7229498181163696 0.90214656075550648 2.268077769731029 255 244 79 0.6625144069745148 12 570 63 780 55 703
3834 -0.028877319351845392 1.8203795333814621 1.6074068082199759 165 137 48 0.1006840355914882 5 1004 78 1004 25 988
2380 0.36094507934451514 0.78306033436309941 1.7862135821101268 136 116 32 0.18055603402320797 12 802 27 599 63 781
3327 -0.43926029390990956 2.8256421159598339 1.2920804082242867 39 30 30 0.41504632249563339 80 1064 58 1100 67 921
2381 0.3453646860401271 0.91207042573922537 1.7372859395537326 109 82 19 1.8565447319874822 27 777 63 790 55 719 6 905 80 844 54 1043 88 840
2382 0.43347898395013051 0.98616530355971277 1.6297105234144287 56 59 71 0.28013913229335491 27 783 63 800 55 730 85 589 6 5 33 9 42 551 88 839 34 874 5 865 78 693 25 682
3321 1.3612668360788374 2.2162266746082371 1.9524721218267047 149 101 78 0.02343773893887708 80 858 58 930
2383 0.87933562498541362 1.1664800235002752 1.7883149749900595 255 233 68 0.18705421183198592 27 801 63 814 55 731 42 764
5315 0.70445044337846618 1.7101620283717038 2.9626133145573239 224 207 165 0.072354937226276311 24 263 14 309
2384 0.21457042156280245 1.5678922551611512 1.9457655132241969 233 215 175 1.3447482352125777 27 979 63 819 55 576
2593 0.63549395875185766 1.7667689287818316 2.8620255967016406 234 219 182 0.80378633008761402 56 683 91 617 97 633 84 610 87 637 48 1047 11 1061 93 1093 22 1104 13 1015 83 92 51 916 7 558 18 1214 69 885 3 193 23 1115 40 718 96 925 75 912 86 664
2385 -0.58791815383319679 1.5234305435103077 1.3777577207662042 255 233 73 0.2904659055352532 27 797 63 826 55 921 72 721
2752 1.3981772435619801 2.2015132227023706 2.0298445979998991 99 65 53 0.18197155568365109 85 73 33 44 54 12
2387 0.14907635650792134 2.0030487242220119 1.5491489587173379 14 16 22 0.42048606467647848 27 877 63 904 55 947
3778 -0.49269959293622345 1.8114181859242675 1.8403365759272627 136 117 96 0.18379641221558649 34 533 78 272 25 276
2388 -0.55912811848306032 2.3445100738841713 1.3574007526243168 33 21 1 0.29406731233961375 12 1045 27 719 63 941
2389 0.864738144818057 2.3743670423791059 1.8938246671851375 105 71 53 0.79966054831226485 89 1205 63 943 22 953 93 940 69 691
2756 0.23252119372908453 1.4024253478319626 1.3716331494804008 117 83 18 0.26345242181640677 6 73 33 86 8 17
2393 0.25398104932903348 0.91182107622259112 1.9388440042986079 175 142 40 0.43175958712624318 27 770 63 972 55 993
2760 0.83907997136668855 2.3946268117747409 1.743702554641503 44 31 28 0.14128955917909372 6 171 33 117 80 113 54 94 8 109 21 95
3118 -0.61927217130831536 2.1844406141759203 2.3403073018803457 72 49 43 0.25031037166719622 80 749 54 809 8 815 42 724 34 830 5 818
5333 -0.097723739668513068 1.9942049295477688 2.7238112421300684 216 186 146 1.7509664065579489 100 948 68 838 49 940
2394 0.76455040359288184 1.0285869664858938 2.0434311039089006 0 0 0 0.39020153228043819 27 964 63 974 34 997
3627 -0.61214933304598151 2.1023083380303187 2.417290572803386 39 24 19 0.22764098040850661 80 220 21 201
2396 -0.64863762233965938 1.5445444907943613 1.3531704207957025 255 233 72 0.14529592679826467 27 980 63 991 72 857
2605 0.49665052535776993 1.0865287878548944 1.3872669188839812 187 197 223 0.41741656464678761 59 40 85 43 33 359
3279 -0.59966106568994093 2.1386123893357665 1.4173785964040702 153 113 27 0.50991704626093304 8 248 58 255 47 198 67 202
3273 0.77861891570572639 2.4173785246541728 1.7166623357838711 35 24 21 0.10507860974315048 8 122 58 147 21 108
5838 -0.99425850642630731 2.2527273826124405 2.3013666523907985 151 97 67 0.39273283142203425 20 930 60 1039 15 1115
2399 -0.55402095447482758 1.5597548013255567 1.332334418927938 255 236 73 0.32719230233986768 27 986 63 1001 55 933 85 969 33 1032 80 1035 8 1081 54 1078 88 901 72 866
3116 -0.49191560493249542 2.1154184423108893 2.4205833312192389 134 90 68 0.18812406936438156 80 733 54 794 88 481 72 299 43 288 92 321
2400 -0.434268852083812 1.7368161854962674 1.5661975254071854 255 237 72 1.6384919399187068 27 991 63 1003 55 918
2401 0.058683825280370798 1.7564703082229116 1.7315842767040779 205 176 59 1.7336163633391024 27 1002 63 1007 88 867 72 896
2704 0.48280703677280129 2.5207195277014462 1.6637801047030449 117 77 59 0.15396935302145839 85 701 6 536 33 488
2404 -0.51857702555452156 1.5844477484814747 1.2727688636506949 255 234 72 0.22367171917763101 27 996 63 1011 55 945 72 868
3223 -0.30629841776367578 1.9548200306562826 1.2464611422518199 251 212 64 0.39571638856126756 42 450 58 1074
2405 0.30749916546132705 1.4069692928223116 1.3419151086556658 63 72 86 0.060446040921806179 27 1009 63 1016
2708 -0.99115761141423409 2.306976969073975 2.2146491006338453 104 73 61 0.17442019625795302 85 513 6 596 33 577 42 512 88 502 72 274 43 242 92 286
2406 1.0236682221927365 1.3930076062152363 1.6019874789611201 237 219 181 2.0551338118013476 27 834 63 1019 55 760
3217 -0.28132343934584092 2.0176465369632464 2.5346060660520764 146 97 72 0.17773927961420116 6 208 42 220 88 167 5 299 92 114
2712 0.30969829619982492 1.6606643935760732 1.8273373010856868 150 113 28 0.18464246532947023 85 823 6 719 33 682 80 662 54 704 8 687 88 743 72 775
2410 0.43891763253552146 1.016788147177579 1.5037818421612217 213 223 249 0.26661321650168285 27 1058 63 1081 55 1002
2412 1.005885884705374 1.2408516116226109 1.663282096180476 0 0 0 0.41414919129260047 27 1077 63 1095 55 1003
2413 -0.2607944996092007 1.8122681893857786 1.5811024433438727 218 167 45 0.43387933514585664 27 1081 63 1100 55 1029 88 879
2716 -0.26044874390454897 2.0945492209252699 1.3075682435834144 255 214 67 0.17576073713084497 85 722 6 797 33 752 80 501 58 530 21 541
2414 0.079755020979706437 1.7264721467925221 1.4473616591045779 204 176 59 0.22055114317841343 27 1089 63 1102 55 1031
3225 0.66794411196006587 1.1358082659493136 1.3103119975689808 171 138 35 0.099288834910314885 85 595 42 528 34 335
2415 -0.15241943203448433 2.075938228620807 1.3851388513001042 162 173 201 0.28447608994961165 27 1096 63 1118 55 968 85 974 33 1036 80 919
2417 0.50839797720543356 1.0519708917274846 1.496531355273363 98 81 23 0.23514488739721098 27 1119 63 1151 55 1064
2419 0.51303794052147245 1.3852433873460941 1.5236277589509368 60 68 89 0.44271346805875433 27 1128 63 1161 55 1014
3810 -0.19924981741553491 1.772244280573259 1.7760591749293333 212 156 41 0.054888105283348948 34 1036 78 1151 25 1162
2420 -0.35248618128197395 2.057387881166679 1.3969222653218429 48 44 47 0.98186274055314327 27 1159 63 1188 22 1230 13 1140 93 1168 69 948
3303 -0.40048754201505016 2.1120390880087716 1.2865450293759806 198 163 56 0.21086632889755505 33 951 80 741 58 767
2421 -0.20242598171201723 1.8168104146116573 2.0406283629550068 39 32 30 0.74773482256691448 27 1169 63 1199 55 1111
2788 0.5638011729780924 1.7422716705357524 2.8811620603027217 121 94 84 0.29144943285780844 85 367 33 403 54 418 58 56
2422 -0.73507681441805717 2.9429550722499145 1.2106924101197014 99 103 94 0.90185858475329506 11 883 12 796 63 594 16 582 99 604 48 674 64 791 6 644
3297 -1.0953936688672232 2.3983615859564593 2.1420430579258776 221 208 172 0.18863682704089949 8 626 58 613 21 643 67 618
2425 0.60911789625372381 0.99941439073960614 2.0699978245596204 170 105 20 0.14726225875016363 41 86 95 69 22 141 13 165
2792 0.31132928386225761 1.8305227332064102 2.7689120989081424 106 76 66 0.18882540541050249 55 375 33 440 42 421 8 146 88 424 34 512 5 532 92 445 78 360 25 368 90 449
2426 0.30325456816211432 2.2817056329533565 1.6800195646350415 11 12 17 1.4869811404828042 27 262 22 199 93 213
2427 0.70540333511863196 1.7804840659543679 3.1801247369912828 78 54 40 0.48331694048455842 41 218 93 274
3818 -0.92057608503863231 2.209481944971901 1.8965860740442986 16 16 20 0.70094794747778266 88 1048 78 1320 25 1348
2428 0.70954027143262188 2.1826230166918363 2.2140929859147804 228 211 167 0.17458577910568995 41 309 22 264
3311 -0.77029214136287827 2.6740684621326962 1.6251790905980199 95 98 91 0.15701878855387902 8 612 58 846 21 867 47 624
2430 -0.21640949367421841 1.8931813538481816 1.4065338268903962 255 226 60 0.086566898265464667 41 446 22 310 93 320
3305 -0.73859307785332551 2.1566358332701072 1.4179694760009396 131 98 23 0.18655119078362903 8 816 58 794 47 765 67 521
5870 -0.057652086532457757 1.6674898035613464 2.0112287436801513 31 29 27 0.12622994947876404 60 645 15 501 17 461 74 426 35 373
2431 0.87469354896187523 1.1671398471783132 1.3817421874319309 108 88 22 0.23987797854745627 41 581 95 570 22 488
2432 0.28831294562864052 2.5229785193906871 1.7175099406043586 7 10 12 0.11169401796825888 64 715 22 489 13 413 85 479
2577 0.35972646919576856 1.8524406882643245 2.7517484635631848 52 32 23 0.32130531550479435 11 1057 93 819 18 797 23 726 23 977
3094 -0.70762240055136383 1.6894423856518368 1.1436930733476491 255 228 70 0.139318906768259 80 520 54 543 8 530 58 514 34 497 21 509
2434 -0.14128056571409561 2.717767689804834 1.41874100060877 31 26 30 0.26773745036332069 95 788 22 614 93 419 18 488 69 300 23 235
5136 -0.63955543253861569 1.5922941744829211 1.2290528046291842 203 1 0 0.48755522850377792 73 1019 66 1109 24 891 14 816 30 943 20 857 60 1094 15 1166 60 1051 17 1033
2435 0.66513646223016409 0.99223338809856865 2.0900152414587119 255 236 63 0.38149496911235986 95 419 22 629 93 562
2436 0.88130370457553209 1.1954933645884045 1.7559243119521355 255 229 64 0.35707428167877664 41 564 22 675 95 546
2581 0.94270829439078896 2.3333012734460143 1.9089414979728894 106 72 56 0.64569878592369012 13 849 93 956 69 711
2437 0.83094731881962725 1.7037402148694856 2.950607728175473 232 218 181 0.048050547232802443 41 604 22 711 93 680
2439 -0.64746961800673331 1.5464379117376026 1.3557264640935289 255 246 67 0.12748106867245795 41 863 22 747 95 840 13 674 69 363
2440 -0.28576119213396634 1.7081842440888237 1.275178292204397 255 231 61 0.073897878937192074 41 901 95 870 22 771 13 954
2441 0.93901063836013432 2.3742522746345216 1.8045871098153374 110 74 58 0.39365601917904069 41 1112 22 973 93 955 23 1117
3102 -0.93377782116817754 2.7968454374629466 1.463038089783951 121 124 115 0.12832221192668966 6 641 54 622
2442 -0.86211201905992207 1.732262516848277 1.0538265188812803 0 0 0 2.3485038368512194 41 864 48 1507 18 1157
3611 -0.3769479175673533 1.8302601802022311 1.7510541839219742 255 236 60 0.25615759517074094 34 1182 5 1125 44 1153
2444 0.4086314631547131 0.74444948595546145 2.01782341733229 0 0 0 0.42444611340178529 41 883 22 1050 95 1126 93 1043 23 1067
2589 0.83279705405272086 1.1398414490056428 1.9761213074898822 109 74 61 0.71680515965940172 41 1342 95 1318 93 1208
5663 -0.053062115899228553 1.6681547339472589 2.0057712991691128 38 35 34 0.29168202077095418 4 447 71 542 20 573
2446 0.68086881384104325 0.97285682937894757 2.1404055968668834 110 75 61 0.43733295926596599 41 1167 22 1090 13 1086 93 1071 69 916
3100 -0.75282988524214089 2.9561350986378669 1.1898341569816469 150 150 135 0.19173988513787735 80 819 54 618 47 632
2448 -0.3419416226194158 2.5725621437921959 1.4481166587936412 22 28 40 1.4906567889078743 63 1124 22 1157 93 1135
2657 -0.46743992466995876 2.9108560048882945 1.1786045151949884 127 87 67 0.49116799422285629 55 990 85 905 6 1113 27 955 33 1065 80 1069 54 1013 8 1018 42 1004 58 1021 88 801 34 1026 5 854 21 1012 67 798
2449 -0.35831287249359411 2.708481802692337 1.4327720191189897 6 8 11 0.53514076266059596 41 1305 22 1159 93 1173 18 1298 69 867 23 1191
3174 -0.88162286752574337 2.6241336042562033 1.6758794527752934 83 87 81 0.26365224877910448 6 374 8 346 80 308
2451 -0.11493791070963276 1.9725426075354626 1.4627430721221439 247 204 57 0.71996889868539693 95 1283 22 1207 13 1117 93 1171 18 1314
2452 -0.31745932684531181 1.5818248184194976 1.3859867967746711 60 55 62 1.6939237806282055 41 1335 95 1311 22 1225
2661 -0.30336429284142302 2.8210906205281048 1.2386544900486407 109 77 62 0.39986929700572293 55 985 85 1009 6 1104 33 1057 80 1061 54 1005 42 991 58 1095 88 796 34 907 5 577 92 518
2455 -0.33146296272875658 1.8221400065374767 1.4247370873089673 251 214 56 0.61643446165233862 41 1340 95 1316 22 1247 13 1162
3172 -0.82552108604479968 2.3076919351153822 1.3969907927921941 64 74 97 0.45548108187178654 6 340 8 306 58 590 21 823 47 246 67 751
2456 0.4343096044877402 0.86046879494105077 1.9129360127514243 155 97 19 1.981813365813009 22 1249 13 1165 93 1209 69 986
3182 0.56856461461798358 1.8382417011652243 2.7897010341019661 232 216 177 0.3436665142549154 54 901 8 708 47 727
2460 0.6731150061778739 0.99213616815701877 2.0807061392222219 255 235 75 0.43852803891978348 12 29 63 15 95 418 55 12
2462 0.63331790347610561 1.0128955035084128 1.3673749572376839 144 125 34 0.31325705821578309 59 36 55 93 88 77 34 11 78 1
2463 -0.56104239705368464 1.5178063845905161 1.4115220963687669 255 235 71 0.18660382290620436 63 95 55 213 5 155
3180 -1.1258588189895806 2.4621487869378029 2.0163970387012089 127 124 108 0.12146299634288811 6 359 8 635 58 375
2609 0.26570336390651517 1.8536157688550357 2.7692623774973093 109 80 68 0.22735866844556168 55 45 85 111 33 105 80 114 54 118 58 132 5 533
2465 0.8460604012132894 2.401013592286712 1.74850445688875 47 35 35 0.28305086071985525 63 340 55 255 6 170 33 116 80 112 54 93 8 108 21 94
2768 -0.5302044774324951 1.6148725780049091 1.2421706796459981 160 125 38 0.021051648773087753 6 217 33 211 80 172
3126 0.69103730120979867 1.6217737264483199 3.0135362683374445 158 108 83 0.16945606547612579 80 862 54 892 42 808
5168 0.28208628722539941 2.1663892035263008 2.3113236689056849 199 171 126 0.15218081066997494 73 209 66 261 62 327
2467 -0.94870574297670851 2.7246505333893953 1.572352757244452 69 72 70 0.13594167544298255 27 226 55 307 42 307
3794 -0.98796050814470016 2.1970397925589782 1.8408191245740266 117 115 103 0.33569342092361892 34 833 78 929 25 910
2468 0.71318904876363798 0.90920741686039874 2.2304845428244779 165 105 29 0.017656766880901342 95 401 55 323
2613 1.0935929807442049 2.3358361412551414 1.8702600871292918 35 26 25 0.10095613846308697 55 229 85 152 6 131 33 96 80 88
3287 -0.81264382649248257 2.6537812305239132 1.6436431778790224 104 105 95 0.10522666358335402 8 340 58 355 21 324
2469 -0.34627183578809284 1.8097350795594376 1.8118639641984942 125 65 4 0.27412522693334135 63 490 55 461 13 310 22 300
2772 -0.86648782134531444 2.0757634604488504 1.5268008708963483 109 83 18 0.45999147590355927 6 595 33 275 80 256
2473 -0.33897066372744933 2.8014436752522851 1.3169526533090796 56 43 43 0.15912738723294051 64 775 55 522 85 541 6 621 33 579 80 562 54 573 8 574 58 593 21 626
2776 -0.40774742228999838 2.8544194179237046 1.2495108051685999 108 76 60 0.27918032448327018 6 369 33 297 80 276 8 296 58 324 88 245 72 36 21 312 43 22
3134 -0.049948410922709359 1.7376474251808349 2.3166815826754483 15 16 17 0.22839484004853716 80 684 54 930
2474 -0.33954175279354443 2.8425958965588358 1.2443021979102731 44 36 37 0.24432266999666086 27 590 55 523 88 242 72 44
3643 -0.7740909684019659 2.1033104645802827 1.4843620618220434 156 127 34 0.21978694236663984 58 789 21 579 67 519
2476 0.27076038280677517 1.6295066919347456 1.890637522517862 148 112 32 0.21556117170970091 64 511 55 585 85 641 6 715 33 681 80 664 54 705 42 622 88 742
2621 0.24532823545392593 1.8282207208621593 2.7810199272599774 50 33 28 0.13691012432285807 55 374 85 404 6 450 33 449 80 417 54 452 8 444 42 423 58 450 88 428 21 76 47 119
3295 -0.48332914073189415 2.843842065606156 1.2833035004833713 43 33 33 0.1398494415669104 8 591 58 605 47 586 67 598
5695 -0.92575142226085805 2.2668019524849368 1.979220505049976 80 64 61 0.58835560233702944 4 103 71 159 94 126
2478 0.82131178920584269 2.3800431286617925 1.892083865508879 217 196 158 0.24519974030677119 63 752 55 654 85 659 6 485 33 463 80 416 88 572
3289 -1.0480329036121874 2.5829640623298933 1.8246704925608876 86 91 86 0.044457121013149206 8 365 58 379
2479 -0.64463282977817404 2.9497477868378836 1.1371621769449718 125 85 66 0.59136733014730247 63 774 55 701 85 909 54 1034 8 1033 42 895 88 661
3132 -0.18742971664994909 1.3960049839143531 1.8690788828338405 214 206 200 0.77964724632346261 80 887 54 922 8 709
2481 0.83773936180798902 1.0547303638423202 1.9780851356426157 254 226 67 0.42358354241698831 63 796 55 717 85 558 88 670 33 346
3078 -1.0860654198123416 2.483789553513279 2.0055854547805008 167 159 136 0.18428478821047906 80 312 54 311 8 364 58 364
2482 0.47422576451386234 0.16004299567486535 0.54190866005889482 254 236 75 2.7502416090152444 63 787 55 737
3587 -0.72370011462346262 1.7134828332093608 1.1024975968653081 255 232 72 0.51812610168969808 34 941 5 875 78 1008 25 985 44 822
2483 0.50076268423767678 1.0466151357913696 1.519261039157318 57 59 54 0.24009058280063625 63 808 55 742 88 841 34 861 5 848
2484 -0.52608206417644543 2.9383811320164162 1.1525478532097557 131 89 67 0.90159662209733038 95 930 55 865 41 1193 13 707 85 906 6 1012 33 981 64 1269 80 971 54 1021 8 1022 42 889 58 1025 88 809 72 730 34 914 21 1015 43 648 47 960 67 930
2565 0.65986447650262325 1.7915571758623468 2.8207068994262969 102 93 72 0.012628301612406079 13 269 93 259 18 244
5178 -0.94278475287324326 2.1241059441666978 1.8360766381718434 158 163 177 1.6885320013213656 73 351 66 430 24 322 14 362 62 444 49 563 68 163 61 152
2485 1.0555122577771463 2.2998959200217253 1.9410978770134057 71 46 37 0.29874078546431787 63 1052 55 917 85 822
2487 -0.52628318074155556 2.0416179078758727 2.4638122459680072 107 72 59 0.37782239881256552 63 1084 55 1011 85 1053 6 1150 33 1113 80 1105 54 1143 42 1058 88 966 72 958 92 1004
3076 -0.87932371221063788 2.6734830465723731 1.6139290041006498 115 116 105 0.16529946930595632 80 313 54 302 33 324 58 373 21 345
2488 0.0079191164525245425 1.8036043488958911 1.6195982057558125 159 131 45 0.74180559525444756 63 1026 55 1025 72 982 88 873
2569 -0.24863172473853118 2.1521937791974817 1.3485365731642376 225 183 48 0.20327775511750681 22 322 93 340 69 64
3086 0.49805623752175565 1.7585395939104969 2.8479980827217903 108 77 65 0.082424279519655433 85 373 54 426 42 411
2492 -0.16150777154441207 2.7407907470660833 1.3993577607356578 39 33 38 0.096330216033164759 22 137 13 101 93 161 69 122
2573 0.62281553844211024 1.8268396940729419 2.7971400474679062 230 216 179 0.38119308471564983 22 686 93 655 18 590 23 802 40 566
2493 0.36513131315263353 1.4581410267658317 1.4145524933982749 67 70 82 0.14541771065601042 22 350 13 110 93 88
2494 0.25166078098659583 1.9288991878504507 1.6084730098741311 61 67 83 0.15197120210976583 22 145 13 117 93 153 23 216
2495 0.43877363288895738 1.0593784831204964 2.0422286658008768 184 102 14 0.15416398429997652 22 91 13 123 43 142 92 179
3084 0.62512467601825661 1.797171300088855 2.8195955357984137 119 108 87 0.058545244267706076 80 382 54 415 8 411 42 406 58 424
2496 0.51863784559642345 0.99287936734467375 2.079565564172952 148 83 13 0.36111730952631665 22 113 13 139 93 103 72 164 92 210 69 108
2641 0.66794695415158001 2.4609000042218292 1.7522280426856882 138 92 68 0.36233971636760137 55 671 85 681 88 593
3878 -0.58602412300124562 2.0921292030874001 2.4284433100543388 105 72 59 0.082804184589006902 25 639 78 656 44 529
2498 0.56291971779564065 1.7174152777322167 2.9223428330420314 148 100 75 0.19960388250159905 22 232 13 252 93 248 18 231 69 215 23 321 40 165 81 207 96 239 75 211
3667 -0.41257204211788523 2.880581352292293 1.1984437610835303 121 85 68 0.28764292000632369 58 1010 21 1008 67 782
5921 -0.31321995813775683 1.7588980179184499 1.8734096944653837 255 210 64 1.0535707469370892 20 963 60 1099 15 1175 27 1062 63 1091 55 1016 85 1050 33 1108 42 1095 34 1185 5 1127 72 965 92 1000 43 932 78 1271 25 1295 44 1127 100 1129 79 1148 39 990 28 934 90 991 17 1079 74 1029 35 896
5200 0.81214271469259003 2.3679946570663839 1.8942883240897721 233 211 167 0.17368545531108023 73 661 66 704 24 641 14 655
2499 0.5994293429641141 1.7622035276133357 2.8517922889553882 58 47 37 0.16671786106171368 22 243 13 256 93 251 69 218
2501 0.73980876927429606 2.4269665414710699 1.7717790299200598 138 91 68 0.54980693493692046 27 335 59 503 13 260
2504 -0.10711904167642609 2.170487096730791 1.4331884223892777 98 89 25 0.91067190205814208 22 587 13 333 93 777 23 1154 18 1198
2649 -0.037656398039182297 1.893814040650019 2.7048096131222912 112 78 65 0.57444612080902424 55 739 85 830 33 908 80 899 54 936 42 849 88 749 92 767 40 504
3886 -0.71155989261854624 1.8323950629043497 1.7652887881273365 254 236 63 0.12716597179461037 25 866 78 889 44 615 31 498
2505 -0.13050193779057623 2.7415807915414696 1.3306624905456179 74 56 51 0.18425576157589538 22 389 13 346 93 418 69 120
3166 0.69518359604731084 1.8031482485509056 2.8117979925736116 230 215 179 0.27826070368523403 54 410 8 86 42 393 5 764 34 708 44 805
5727 0.1595505599427102 1.9835223276198657 2.1472163859258346 231 171 42 0.4283623274722908 4 469 71 805 94 678
4908 0.65969479303404643 1.2908301079699254 1.4544283741882182 255 251 64 0.19169173085083191 39 237 28 251 53 253 73 265 66 20 24 280 14 333 62 134
2510 -0.84657714735643652 2.1935053006251692 2.355246806103545 112 77 63 0.349951643572397 55 613 13 524 85 716 6 809 80 951
3164 0.7515555543502962 1.6384632867261957 3.0207445585545045 64 39 27 0.10464043507515502 54 37 8 55 42 76 72 186
3885 -0.51122509736243849 1.5285545024342411 1.5359346465202515 255 246 65 0.38848585522946555 5 644 44 590 100 598 79 663 39 467 28 235 31 481 53 541 73 570 66 628 24 566 14 589 62 734 10 646 71 483 4 388 94 482 9 488 49 528
2512 0.39250389869335611 1.038201621054569 1.9910431517972056 254 216 59 0.18124562721401438 22 586 13 570 93 545 18 412 69 396 23 673 96 517 75 496
2721 -1.1267935665890285 2.6262554497447343 1.7865874517070033 168 162 142 0.23082133090467019 64 754 6 889 80 821 54 625 80 594
3894 0.048614592747585068 2.0056402364175958 2.5986237011926669 225 209 170 0.12541222622835108 25 903 44 775 100 787 39 643
2513 0.045037890488885325 2.6280537805718631 1.5801054749040933 78 88 89 0.26883221920327038 22 640 13 573 93 443 18 517 23 266
3238 1.3442440918110743 1.5682191071590743 2.1777524542864075 255 225 65 2.4488879107580845 85 781 42 761
4912 0.62336237789227456 0.93924630758451 2.13337640672141 254 253 73 0.33249365300111983 39 121 28 381 31 158
2514 0.50611514304324889 2.3191880749086633 1.7221489297069259 43 38 32 1.1883850935418721 22 513 95 990 13 619 93 636 88 145
3747 1.1889114380788546 2.016114892763937 2.4228667567464872 237 221 182 0.078737176362918868 43 813 92 867 81 684
2516 -0.64805030228840854 1.5469688096012193 1.3561115293293626 255 246 66 0.10974030315092709 22 746 13 673 93 502 43 636 92 690
2725 0.036783694590841548 1.5800355165627662 1.6156088194869991 200 173 56 0.037558657023192762 85 842 6 942
5210 0.76580527034793588 1.0622536059504257 1.3087437217135236 255 247 72 0.14087366787367603 79 885 66 913 71 463
4907 -0.38333889598584209 1.8510976938845194 1.6278179904022088 254 207 53 0.32703019006261275 39 245 28 250 90 477
2517 -0.5539699101656429 1.5574043292169544 1.3296564795637511 255 246 66 0.074913716157553309 22 750 13 678 93 506 69 366
2519 -0.51776328889898349 1.5864482474826056 1.2746165936754754 255 244 65 0.11234200082251294 22 754 13 681 93 509
3236 -0.18992441730807019 2.0268815319912457 2.5281187352086563 104 69 54 0.60276536473484199 54 770 42 696 88 604 34 819 5 811 92 593 44 757 39 602 28 404 31 416 90 544
3893 0.024958167619568133 1.9573956250094171 2.5220473897559668 232 214 171 1.841340393184292 25 892 78 908 44 750 100 759 79 822 39 614 28 760 31 773 53 839 81 449 14 664
2520 -0.49409508845666239 1.5363368769684984 1.3572029570449153 255 245 66 0.16453375014337654 22 755 13 683 93 510
2729 -1.2800729500456607 2.372829640321922 2.1941643554927657 150 101 77 1.255199384436968 85 892 6 1003 33 978 80 981 8 1127 42 916 58 1029 78 1118 44 887 100 912
3902 0.20366027077576873 1.9866111474908155 2.6128630327101514 243 221 175 0.10697158530347968 5 956 44 916 90 608
4927 0.093052733486856762 2.0472018241212755 2.4170934525780314 231 207 160 0.33540950385198198 39 412 28 517 31 769 53 836
2521 -0.45662827560174141 1.5639343222480322 1.3014832960097333 255 246 65 0.031304082459305875 22 758 13 685 93 512
3246 0.32349391368057118 1.9358134723906053 2.678694784988453 230 214 174 0.066146160091092032 54 921 42 826
2673 -0.79181644470272805 2.943754836685216 1.1616258236636026 0 0 0 2.1035478587897232 97 1282 87 1251 11 1597 56 1268 22 1045 63 1141 13 1044 85 1023 48 1568 64 1325 33 1179 42 1064 42 1111 18 1255
2529 0.7852298841261619 1.8140675378073936 2.8049290894494288 235 219 180 0.1534184517156176 22 881 13 822 93 905
3190 -0.85853476347174562 2.5925976765379604 1.7314352816498055 128 121 102 0.16057387955789423 6 630 80 791 8 852 58 612 21 653 47 823 67 802
2530 0.77980168500910807 1.7216687954065286 2.9283327726308199 238 221 181 0.49350887910793645 22 871 13 823 93 900 43 798 92 884 81 709 69 736 40 627 93 672 96 803 75 789
3699 -0.91707502125131413 1.6255702926587918 1.3310122576445897 255 233 72 0.6915077078944617 13 1035 43 906 92 973 90 852
5232 0.53363045779370921 1.7489142673540601 2.8683061242030852 91 63 53 0.86935833535009643 73 1051 100 1048 66 1092 9 1023
2531 0.84179339048960422 1.7001815175652568 2.9562481978214343 233 219 181 0.15124401192063122 22 891 13 846 69 758 81 718 40 674
2532 1.0535455260719613 2.4146782834230249 1.7954901412413451 0 0 0 1.0677704374207997 41 1219 63 953 13 880
2677 1.0321650336470434 2.3582321503074422 1.8444240986932241 40 29 25 0.10603639425835379 85 155 6 140 33 103 54 72
2533 1.1281810001819494 2.0216454498922829 2.3870279102289609 238 221 181 0.21875207695207491 95 1052 13 915 41 1067
2535 1.3833507302588648 2.2164887279721266 1.966306185170301 147 99 74 0.51562748898525712 63 940 13 937 72 835 92 813 39 905 28 861 31 850 73 1008 66 989 24 881 14 863 62 986 10 973 9 1017 60 870 81 767 69 894 20 799 49 981 40 723 68 933
2536 1.4966008398610293 2.2813860946423854 2.0139958208203796 0 0 0 1.9162318379506518 95 1114 13 939 18 1304 41 1126 69 895 75 823
2681 0.46290602956334265 2.1930898995845918 1.6438544527663628 3 2 4 0.39365515724378258 85 463 6 187 21 491
2537 -0.82134243026319176 1.5679547771341718 1.3623066434458349 255 244 71 0.050620350142034573 22 1024 13 941
3198 -0.94863505481584642 2.0618080039752518 1.5646502462396146 105 63 9 0.44060628435376153 80 770 8 1013 47 777
3707 -1.1052995579551004 2.3664278266183612 2.1693518115278985 205 194 162 0.34625201978239623 85 736 6 847 33 803 80 795 54 845 8 870 42 751 58 843 34 842 5 549 21 845 43 237 88 513 72 270 92 280 78 942 25 927 44 484 47 843 67 801 100 490 39 83 31 109 53 104 90 56 81 51
2539 0.27741826181563073 0.86050793810226278 1.7485190860957813 154 164 188 0.13690614841860735 22 1041 13 970 93 751
2540 0.41275619271214276 1.0833383954874085 1.8750195507513423 255 242 72 0.37360130762488941 22 1069 13 989 93 1050
2685 -0.71531570146355883 1.6811486292386855 1.161631325041081 162 126 34 0.31632619434703901 85 516 6 261 54 210
2543 0.70613455156504779 1.629229629573256 3.0221168648346692 158 105 79 0.40414254875241473 22 1105 13 1017 93 1094 69 887 40 724
3196 -0.57972805885869172 2.1553044145853444 2.3609607289477417 89 61 51 0.7012637693731526 54 994 8 1000 34 979 78 1093 25 1097 100 522 39 381 28 493 31 381 53 400 90 522 73 199 66 546 24 192 81 424
2545 0.8786490374284045 2.3319938108997582 1.9226653465096015 227 207 165 0.38494596766703593 22 1111 13 1021 93 1098
3142 -0.93571725342696532 2.2245174246424151 2.3806918819628198 0 0 0 0.80830034562124142 85 721 54 1016
2546 -0.22898177053116336 1.8867248496118507 1.428863844674763 255 228 59 0.13741174896716074 22 1139 13 1048 93 1126
2547 -0.18292798574232672 1.8116381738796474 1.595690330735545 22 19 14 0.062118271934648389 22 1141 13 1057
2548 0.36585437925976744 0.75027598978752907 1.8001540131461198 254 252 78 1.0613077313795181 22 1140 13 1065 93 1121 69 840 23 913
2629 0.37579353822328149 2.5871829044844215 1.5623857634395055 57 44 43 0.2003215543156395 55 510 85 489 6 557 80 162 54 162 8 182 42 164 58 214
5242 -0.25951331693925583 1.8561915436567351 2.0514436124365605 146 142 151 1.7665119613840179 73 1066 66 1180 20 1025
2549 0.4752602324753657 0.82588790329310946 2.0634887676454645 255 254 78 0.62445425918543529 22 1156 13 1081 93 1132 23 1069
2551 1.092876880282825 2.270154806853832 1.7502989913820823 92 64 52 1.1588228533552847 41 1314 93 1186
3140 -0.2821206054014222 2.7499229694427467 1.323872121543382 76 57 51 0.18717772890377277 80 762 54 1000 8 814 42 878
2552 1.1174681357619312 1.881323914924883 2.6846569312987314 244 224 180 0.13883242480634778 22 1180 13 1099 93 1150
2633 -0.92250684010364892 2.2763234870550146 2.2278519881495549 106 73 60 0.043940445826127238 55 198 85 509 6 591
2553 0.71595331727427014 1.0625684084564022 1.272325551638342 254 242 76 0.60436478981109354 22 1163 13 1129
3150 -0.71761081517192271 2.1121472039731533 2.3905241626035725 109 74 61 0.14072252917070469 80 1052 54 1096 42 1010 6 1074
2554 0.61669359084779063 0.9194965253713816 2.1593640836257779 255 245 68 0.22586662405348412 22 1232 13 1148 93 1198 69 969
3659 -0.98185047638370138 2.6071798788973304 1.7658555679663406 124 123 111 0.2040862817852577 58 866 21 879 67 815
2556 -0.74252796172770485 1.7436663792232998 1.115047350108336 255 216 52 1.0228032444416904 22 1254 13 1168 93 1217 69 997
2559 -0.65111777530178849 2.9451042533139145 1.2159709232060336 124 115 98 1.6153729740653278 22 1257 13 1172 93 1221 43 1018 92 1090 69 1001
3148 -0.28107823842792412 1.960552222641633 2.6574870906245898 0 0 0 0.81908438038166553 80 1032 54 1077 88 864 92 936
2560 -0.368120608716896 2.8495792138225684 1.2366666340470331 113 79 61 0.29067585435609805 45 1267 59 1216 12 960 13 64 64 1039 27 592 63 771 27 764 55 697 85 760 6 861 72 301 21 850 67 586
2561 1.3616975929318247 2.1613448458997522 2.1520995173593294 231 217 180 0.36942210474783616 98 808 16 1085 99 770 45 1110 48 1401 11 1481 12 1130 27 926 63 913 13 936 89 1237 95 1109 41 1125 22 1020
2563 -0.28019977881780328 1.7789626646193339 1.2363383392716503 179 179 195 0.17477560781534915 22 26 93 18 69 14
3506 -0.41202900749088134 1.7823802695632256 1.8409563428147313 255 230 65 0.45625429793929873 72 576 88 487 34 797
2564 0.66324106810324024 2.382923549309822 1.7074061405511616 147 93 65 2.6551752414572092 22 267 93 256 72 663
4023 -0.64302513425240349 2.6543676299440548 1.6311974548541195 57 58 51 0.18902652640809306 30 690 76 437 52 566 46 460 77 491 2 510
2566 0.9359478622475188 2.0682929719936887 2.3430149919178467 236 217 176 0.013685670120672205 22 277 93 280
4017 0.23768865876454312 1.3200078428997137 1.8687803901294855 135 100 32 0.19679816155648808 99 644 76 298 52 323
2570 0.60924992093913266 0.9915317383417942 2.0934474383140285 254 218 55 0.21376217098340886 13 589 22 617 93 401
2571 -0.12085969547731197 2.3500760976919746 1.6181366672294595 4 4 4 0.52122299218483858 41 543 95 534 93 402
3514 -0.41442585585432723 1.6066113849316335 1.2345081963366498 255 232 72 0.19649878598641113 42 865 34 912 5 869 78 990 25 973
2572 -0.75677798043765254 2.9742791383991345 1.1300031847900884 0 0 0 0.24287333596679703 11 893 93 542
2574 0.62277713261368806 1.811716763762609 2.8334746121313445 125 117 102 0.27230132650359795 22 516 93 656 18 591 23 615
2575 0.97504017113533259 2.34050218145389 1.9665532200268168 106 72 57 0.617312108796916 41 657 95 645 93 722
6019 0.31065862771868608 2.2713764450075771 1.6712239353112499 58 68 93 0.14031162780140097 83 551 50 419 65 292
2576 0.83679486142059201 1.0563579415975242 1.9930278673270518 255 228 64 0.046334771904681493 41 930 93 805 95 897
2579 0.44811785891596134 1.7668768695650572 2.8198835017184791 149 95 67 0.49321696068382526 11 1049 93 828 51 911 18 1074 69 642 3 460 7 135 23 981 40 535 81 651 96 891 75 880 86 662
3458 0.049594319844840667 2.1122140004241916 1.4771779513099692 16 25 38 1.9348299374161793 13 1176 88 1058 72 1070
2580 0.664412647559528 1.8527898979437143 2.7454266461531383 237 220 179 0.053976000686631498 13 792 93 866
3975 0.28248353780719443 1.2322058746287392 1.8459243327684001 160 133 51 0.17303724111539448 32 978 30 759 46 636 77 798
2582 -0.72980377688255571 1.7873017512457687 1.0304894259521238 254 229 73 0.03363447065793064 22 1029 93 1025 69 582
3969 -0.67881253029728617 2.6890745355302221 1.6055178538240109 87 92 86 0.27575311548021325 32 920 30 695 46 465 77 662 2 690 70 417 57 428
3466 -0.77126023660800025 2.9296911751877945 1.228753561382294 135 138 129 0.67425967812625331 22 781 13 699 72 860 16 1467 56 1075 29 910 97 1037 84 991 48 1462 11 1205 59 1494 12 1148 64 1324 95 905 41 934
2588 -0.63936196323925631 1.5027423511309865 1.5771325138964591 0 0 0 1.290997682210089 22 1223 93 1193 69 967
3983 -0.65373358920823943 3.0344086079156454 1.1152782352715218 88 88 82 0.86812251953270192 16 1235 30 850 51 912 11 1242
2590 0.62752400714377088 0.97059438212090254 2.1709545164712427 155 107 28 1.3313941243972585 22 1260 93 1222 69 1005
3977 -0.9677829531276293 1.9896920984123891 1.5932385782788701 254 243 84 0.17662304061076634 32 1018 30 790 52 624 46 661
5518 -1.0901302760243532 2.1665058319894683 1.7836273711029993 0 0 0 0.76570035513734935 10 1021 71 941
2591 0.6173546759980475 1.7420104578804303 2.8845505681720174 49 31 25 0.38439461466661135 87 122 11 206 93 254 22 245 13 257 85 47 33 59 80 69 54 78 34 220 5 275 92 253 78 309 25 329 18 236 51 227 23 612 81 208 40 168 96 477 75 461 86 430
2592 0.99955378621384616 2.0707328270643939 2.3340075242075482 232 216 177 0.65258849960593179 12 1041 89 1151 95 1032 41 1050 22 967 13 884 93 965 89 924 41 822 69 754 40 590
2598 0.40131872112562256 1.8501442583253698 1.9134105227638034 3 3 5 0.47657002866942777 87 112 83 60 50 58 65 250
3264 -0.53393826961027313 2.1232385528903976 2.436445253426895 88 58 48 2.1655374450210498 8 1189 42 1100 34 1190 5 1134 78 1277 25 1303 47 1135 60 1116 15 1184 17 1093 74 1038
3921 -0.44254135581008397 1.808393410793169 1.7889541847764276 183 186 204 0.11580353140077081 25 1249 78 1231 44 1082
2602 -0.34910906729067742 1.6134751392556526 1.4445563663503682 234 208 138 1.6059213022103311 11 1507 87 1067 83 648 50 552 65 581
2603 0.40875161847580305 2.155503130664211 1.9687905766744282 227 203 159 1.9443840185016785 97 1300 83 847
3418 0.44176921326968904 1.6761482573687361 1.8588666084410594 15 8 3 0.20294985112254099 42 100 88 578 72 354 34 430 5 608
2604 -0.40758931925551301 2.4675756253689602 1.3330135408176296 20 23 32 0.22428526183136585 29 306 36 311 83 312 91 253 84 666 7 109 3 99 26 254 50 227 65 271
3935 0.3926762387445919 1.0058051933228094 1.5471456128307108 21 26 33 0.9576857343551729 78 1124 25 1130 44 990 43 950 92 1015 100 865 79 895 90 946 28 819
4302 -0.90588677758475478 2.3004625151650115 1.8332052433038459 59 69 92 0.69414516802411796 46 847 77 919 2 921
2606 1.4622784182682218 2.1994503580698894 2.0263950471628691 47 32 28 0.092832929587502708 55 169 85 58 6 55
3272 1.0454789775011135 2.3332401698592737 1.8465661576939085 107 76 64 0.18363272259451002 6 463 58 85 21 73
3929 -0.045490804694866056 1.6641607175883304 2.0552556986032409 187 189 205 0.40873067880662289 25 1336 78 1309 44 1164
2607 0.3133477676135682 1.809789911074045 2.7909822904095813 23 13 10 0.17905479837288482 55 39 85 93 6 98 33 100 80 105
6051 -0.37211254545066097 2.5686564237967873 1.3902990314869719 61 69 94 0.06910559632836405 83 118 65 126
2608 0.31520837668756518 1.8095569716391533 2.7898717454191577 23 13 10 0.24747327988270812 55 40 85 94 33 101 80 106 54 111 8 144 42 151 88 422 34 251 5 535 92 454 78 623 25 609 47 106
4306 0.63988972932771748 1.1234403322716 1.3074135911083351 138 122 48 1.4716857371764167 46 854 77 936 2 942 70 596 57 630 37 568
2614 -0.095928184256195606 1.9601702705730273 2.6459637398205094 49 31 27 0.4443360435560203 55 71 85 170 6 176 33 149 80 459 54 487 8 508 42 192 88 146 72 81 34 285 5 298 43 109 92 129 78 406 25 409 60 540 15 616 47 521 17 556 74 506 35 450
3280 -0.56132936609597517 2.3722273264685669 2.1993307387631913 27 19 10 0.11723763491718001 54 232 58 272
4001 -0.5837475767062148 2.6540580779306815 1.3803720265933175 14 18 24 1.6597777274204766 30 1036 52 843 76 844 46 858 77 943 2 951
6069 1.1224576440162963 2.2489580954147645 2.0306778648601962 230 214 177 0.45440417152797841 89 1325 95 1102 41 1218 22 1120 13 908 93 1106 18 1224 69 936 23 1125 81 640 28 750 31 768 53 621 73 673 24 656 14 668
2618 -0.77780835795742498 1.7892402206879523 1.0532722825379206 90 72 14 0.46243171975339487 55 297 85 295 33 566 80 234 54 225
2619 -1.0871634670608052 2.5165887776267053 1.9484676785897885 150 145 129 0.27125769904871333 64 741 85 318 6 368 33 598 80 587 54 619 8 633 42 315 58 625 34 321 21 666 47 644 67 410
3498 -0.0026425676406742274 1.6895710490019455 1.7921127978478979 126 102 26 1.2415424193617777 42 837 55 609 34 683
2622 0.30426425308435606 1.5556647771303422 2.0143756332903053 238 221 183 0.66256422111427071 55 753 85 410 6 426
3288 -1.1814151206621506 2.4080652463679533 2.1201491127786345 104 105 95 0.163917811733193 8 367 58 370 21 323
4313 -0.90417364858643789 2.3242009439261091 1.6084199418347767 90 101 130 0.50097407947348405 30 467 2 166 57 135
2624 -0.30269329693589092 2.0278982637018808 2.5222214835888108 23 11 8 0.52668797727193151 55 425 85 462 6 515 33 494 80 484 54 515 8 218 42 222 88 170 72 58 34 300 5 296 47 220 67 512
2627 -0.30800136464213668 2.0567799637265045 2.5054621494290004 133 90 68 0.14646240380541073 55 428 85 467 6 520 88 466 72 314 43 299 92 335
3570 -0.58379290748111845 2.1014429483887977 2.4334046106103093 106 73 58 0.04353068070700597 34 559 5 548
2628 -0.61932257397492674 2.1634758308932889 2.3688839757017317 103 71 58 0.25485024127994993 55 451 85 487 33 538 80 531 54 564 8 568 42 488 88 489 72 291 34 558 5 546 43 278 92 309 90 358 28 140
4087 0.44860041105239817 1.225201985058137 1.4292173069105412 125 106 42 0.66740299337445241 30 936 76 692 52 675 46 696 77 794 2 731
2630 -0.83292506059379656 2.2012614985249201 2.3395986543134937 105 73 60 0.19568708418075184 55 159 85 498 6 581 33 555 80 555 54 577 8 590 42 502 58 580 21 594 67 563
2638 0.65240444012241039 1.1493480785575725 1.3416449995748267 120 104 30 0.49199215488378861 55 582 85 597 6 658 33 623 80 603 54 635 42 531 58 641 8 896 34 571 21 696
4089 0.66291747445217319 1.3838393323693732 1.5135193880824105 107 67 8 2.4185492760061846 76 698 52 687 2 735 77 715 82 521
2639 0.74531716534472947 2.4112755077029835 1.8098362362497609 64 41 33 0.23751056139402965 55 666 85 668 33 701 80 679 72 669
2643 -0.7085330770091457 1.6643492795181454 1.1749191272606001 254 222 70 0.28135687157944911 64 637 85 730 6 798 33 764 80 740 54 796 8 780 42 722 58 511 88 519 72 275 5 423 21 501 43 0 92 1 47 460
3522 -0.64886544914300659 1.5462884538349033 1.3544374258680649 255 245 69 0.29101220603139272 42 994 34 1049 5 910
2645 1.0777859961139344 1.2746607920031747 1.6062232460823704 255 232 71 0.34329786100851412 63 837 85 785
6101 -1.1257173526862743 2.5844195820088753 1.8118273258418762 188 178 151 0.20599861999258315 47 850 17 824 74 584
2650 -0.1583889515556261 1.9490067394907418 2.6594403323338902 111 76 63 0.62944075816727396 55 744 85 838 6 758 33 915 54 947 42 860 88 755 72 751 43 861
3371 0.41542347134508967 2.5443609997432222 1.6282867358245525 94 67 54 1.0265044836432242 80 906 88 763 72 776 43 687 92 929
2655 0.0084814799255363976 2.7159992577889103 1.3779270090209872 42 36 39 0.49549824202444887 55 856 85 882 6 995 33 953 80 1048 54 975 8 988 42 859 58 976 88 883 21 982 92 719
3884 0.45454847336258219 1.0461115400531731 1.4533458922352327 15 16 18 0.45721506280379665 43 693 92 744 44 574 100 329 39 462 28 456 53 246 31 485 90 490
2656 -1.0978269946401027 2.4432784764909354 2.052095446016502 229 214 174 0.36538568552436068 64 1147 85 889 6 1002 33 973 80 1073 54 1037 8 1124 42 911 58 1107 34 987 78 1102 25 1105 47 1047
2660 -0.79940081120506823 1.6454502214897955 1.2216676811087144 255 235 73 0.45362571732790935 64 1230 85 994 6 1079 33 1049 8 1099 42 1009 88 921 55 956 72 846 34 957 5 900
3991 -0.9613140521428144 1.8265991503540426 1.4793706816640961 0 0 0 1.8097026380550705 32 522 30 947 76 521 52 696 46 653 77 867 2 867 70 536 57 578
2662 -0.484463832969245 2.8348874780859235 1.3321253887970228 104 113 111 0.7702602727909893 64 1322 85 1014 6 1172 33 1061 80 961 58 1154 21 1150 67 1077 1 774 37 531
2666 -1.002716861527277 2.2170263281007525 2.3433370900728314 0 0 0 0.92514753667625416 55 1017 85 1059 6 1089 13 1042 54 1104 81 748
2668 0.48375046651718034 2.4513235777114115 1.7416317627695499 199 186 155 0.25489419177611461 64 1361 85 1094
3999 -0.80429484739752433 1.6431022257918311 1.1788664422489787 238 207 65 0.33982308919042498 32 1282 30 1034 59 1616
2671 -0.1895791463992694 2.3942055326983103 1.4338947846740795 22 28 39 1.3864120842090077 85 1127 72 1045 88 1033
6115 1.034317875358794 1.7011454505501291 2.9284239459508448 0 0 0 2.223177058180239 20 907 17 1055
2672 -1.2558978657000259 2.2662152099285633 2.2819069290422767 0 0 0 1.6950895713981979 85 1145 33 1217 80 1206 54 1230 8 1234 42 1153 58 1237 88 1059 72 1064 34 1226 42 1157 43 1021 55 1121
2675 0.21584530820079953 1.8241906641802499 2.7944191454853922 156 137 131 0.24174074845795479 85 109 6 116 80 420 54 453 42 428 88 432 55 370 72 342
3554 -1.0103105985621008 2.2940884535803017 1.9411753388166455 192 182 154 1.8174177004036367 34 836 88 248 5 277 25 418
2678 1.0321650336470434 2.3582321503074422 1.8444240986932241 40 29 25 0.10603639425835379 85 156 6 141 33 104 54 73
4065 -0.51252591789902635 2.3375492299697274 1.370872445688498 90 73 16 0.07442106276032473 76 380 52 386
6133 0.43837965163747394 0.85082485403819752 2.0740861773340016 167 111 17 0.034834858467486185 17 10 74 8 35 12
2682 0.47625715482484926 2.2130275117462777 1.6626917056665806 3 2 4 0.160810648111546 85 464 6 188
2683 -0.70149113054444734 1.6241538125686081 1.251067423239685 180 140 36 0.13035044910306079 64 215 6 243 33 234 80 201 8 522 21 490
3562 -0.43635191043109156 1.5435594428769721 1.3288071005523541 254 229 70 0.067995891046922552 34 475 42 451 5 422
2686 -0.80623371099425434 2.1984270035041136 2.3261814937290204 38 24 20 0.32212270788688585 85 251 6 280 33 247 80 553 54 576 8 586 42 284 58 579 34 323 5 303 78 436 25 436 47 608 67 308 15 635 60 820 17 615 74 555 35 499 1 156
4073 0.34785079268269398 1.2634029998409986 1.4275214320679126 6 9 12 0.80975672718064839 76 482 52 484 46 626 30 754 77 710 2 807 70 434 57 453 37 413
2687 -0.85022925547138439 2.2235718134464384 2.3288318189350212 43 28 24 0.26765954783762058 55 165 6 291 80 557 54 580 8 594 42 292 58 583
2689 -0.91184245468527381 2.2579896699665709 2.2566468576159138 43 28 23 0.11613070071269073 85 265 6 305 33 266 80 257 54 276 8 599 42 297 34 324 5 301 78 437 25 437 47 625
2690 -0.78869143982034706 2.1224385223742948 1.4797259286011974 131 101 24 0.41714950176008386 64 360 6 319 80 249 8 572 58 576 21 225 47 549
3347 0.28864914657447843 1.7564365196764802 2.8264447622674505 72 47 38 0.32877372153621687 42 155 58 108 88 96 72 115
5904 -0.91476466412757063 2.3305713946349762 1.9894612467734987 136 123 130 0.0060341860976047485 60 943 15 1107
2691 -1.1268176625670137 2.3847404650376243 2.1495699706062155 102 102 93 0.21038389039991851 32 286 6 338 33 308 80 307 8 361 58 614 21 644 47 345 67 621
2693 -0.44996229330879683 2.8910365182151851 1.1991441788505401 62 47 42 0.1917484775786906 85 331 6 380 33 311 80 285 54 271 8 307 58 337 21 657 67 600
2695 1.351615918322074 2.2343618967485575 2.0536340249041558 224 205 167 0.1085862838488735 85 392 6 428 33 386 80 357 54 351
2697 1.0679139638500326 2.3459103544357909 1.8409504830213876 105 74 62 0.17300331829856344 85 646 6 464 33 680 80 394 54 696 8 404
3870 -1.2776315051063192 2.4034688583610442 2.1354981749882285 128 86 67 0.31301199015958187 25 648 44 189 78 945
2698 0.95458655779291079 2.3447170837101958 1.9536568485210168 223 203 163 0.17621996383481833 85 437 6 469 33 448 80 404
3355 -0.27047612362228163 2.0611802820156422 2.4786748634939202 64 46 39 0.31879000567362481 80 712 88 463 43 90 92 336
2701 0.57356667818446894 2.2342220314512002 1.7712197596380495 220 204 170 1.2894348229537129 85 669 6 488 72 653
5407 -0.53764230505793109 1.5224544577191419 1.6315349626012237 204 207 231 0.7946367306989186 66 65 10 59 71 52 4 23
2702 0.31787653925327652 2.0561289080143852 1.6215706557793084 15 14 13 0.11830272876168964 64 1129 6 497
2703 -0.30689509590277542 2.0279269431781337 2.5261844649585741 25 12 7 0.12841387788105663 55 424 6 514 58 537 67 511
3868 -0.34768928487751583 1.8041262394095017 1.9104197154241189 241 202 54 0.18872208611077274 25 258 78 255 44 120 100 109 28 75
2705 -0.5869785533237023 2.0905867106676785 2.4312439026605603 107 74 61 0.18220931427824044 85 476 6 559 33 526 80 515 54 554 8 565 42 484 72 26 88 484 43 60 92 82
3942 -0.70622818391724262 1.88101151923238 1.0734219490653389 105 93 26 0.21018949274599677 32 119 30 86 52 60
2706 4.5980659887700748 11.438968451747117 13.383638492609327 157 127 37 1.1957525461281966 27 235 6 577
3427 -0.11733840499499971 1.4607420290407691 1.878695082332988 92 85 80 0.20253062731201232 88 457 72 598 92 322
2707 -0.24384160514442854 2.3344349038520571 1.426530388054678 15 14 10 1.9898065008629102 85 268 6 579 33 239
5914 -0.83178240940666881 1.977961814561167 1.7187938289945468 77 75 84 1.1442391209108473 60 1103 15 1179 35 934
2709 -0.53971443327833901 2.7179561822703175 1.2993361917113488 9 11 15 0.16320152379155764 85 546 6 632 21 640
2713 0.884222755536901 2.3909265344552932 1.7456457025673446 106 74 62 0.22088504399848463 85 661 6 752 33 696 80 676 54 707 8 415 58 449
3950 0.59757907339633198 1.1768962258928821 1.4175389824651938 100 83 19 0.26317826195324556 32 802 30 391 46 340 77 343 2 382
2714 -0.68076494806678567 1.610160342327265 1.2535542342877972 254 228 75 0.35143049249705521 85 723 6 786 33 756 80 724 54 538 80 504 8 518 42 717 58 733 88 246 34 770 5 626 21 481 78 744 25 541 44 316 47 446 100 572 79 323 31 218 53 229 73 10 66 10
2718 -1.228605410009459 2.529637434274536 1.941247855887813 224 212 178 0.1267374143682598 64 745 6 880 80 823 54 628 33 609 8 885 58 900 21 681 47 863
2719 -1.1931413942577414 2.5641328704427706 1.8911085707688944 207 197 165 0.23241200416456209 64 1005 6 885 33 610 54 627 21 894
3948 -1.0082190713898309 2.67069567777241 1.6302449336100424 81 81 72 0.15560908342649954 32 736 30 331 46 284 77 284 2 317
5936 0.91587824221157599 2.0508065583993189 2.3458857573354641 233 217 180 0.30607112168800943 83 571 26 453 65 177 50 302
3538 0.46497843610133888 1.0511187899463816 1.611022329884374 126 101 25 0.65685429781140547 42 1148 34 1223 5 1176
2726 0.10707412169107822 1.6428016368697111 1.5142952754366994 205 177 58 0.44213128400410495 85 847 6 947 33 903 80 881 58 683
4049 -1.01780772690435 2.6956598470166413 1.5899604572164254 130 130 117 0.30998380373671591 76 222 52 228 46 481 30 561 77 524 2 552 57 227
2727 0.93517511424829181 2.359353935048202 1.9046782378895226 106 73 62 0.071888880641432742 55 925 6 948 33 893
3892 0.59572480637620651 0.91723202440222418 2.170359777246555 255 254 70 0.18048044184932979 5 657 44 705 90 744
2730 -1.139898637165768 2.5253817863911343 1.9350872559741663 108 110 100 0.51104520871272496 85 1010 6 1010 33 1067 80 1079 54 1115 8 1045 42 1028 58 1111 34 1089 5 1038 21 1013 78 1190 25 1208 44 1011 47 984 67 938 100 894 28 843 60 955 15 1023 74 771 17 826 35 699
3387 -0.12326852460748695 1.9827321686670394 1.5528899923145523 80 63 19 0.33531276589475456 55 1036 88 973 72 979 92 919
5439 0.095017642340982644 1.906027757752242 2.623899846673122 225 204 161 1.5131524760233703 14 962 10 1150 68 977 61 883
2734 0.68745211691016939 2.4529836000882903 1.6566184445745271 101 71 59 0.59616995904036474 85 957 6 1046 80 1019 88 859 72 917 13 1091
2735 -0.28586178461883582 1.9722591265549032 2.5893664415680293 159 109 86 0.36774531985406622 55 886 85 849 6 1047 33 1022 80 910 54 956 8 976 42 977 88 868 72 888 43 945 92 935 81 809
3900 1.0406627821337608 1.2140289587422057 1.6789110798034277 110 0 0 1.2552904522144086 5 982 34 847 44 857 39 762
2737 -0.65041142688960685 1.547680653820898 1.3578515953629866 255 235 75 0.43294511226629251 6 1059 33 1039 80 1039 54 1081 85 973 8 1086 42 995 34 1050 5 911
2738 -0.71055720902363451 1.5694814761116003 1.3288773777973568 255 234 73 0.4509817659752568 85 979 6 1065 33 1041 80 1044 54 1085 8 1089 42 999 88 914 72 853 34 1052 5 912 78 1036 25 1014 44 839 100 582 79 642
3331 -0.70634267175703158 2.2348647070807757 1.2157761304490644 143 121 35 0.23342839762057638 8 1162 58 1145 21 1174 47 1081
2739 -0.90268238413139756 2.2111822296603969 2.3264160967068301 152 102 76 0.91869787624933974 85 981 6 1085 33 1054 80 1059 54 1100 8 1112 42 1019 58 990 88 978 72 1024 34 1154 43 977 92 990 44 1100 67 763
5946 -0.18241425761888255 2.4794634662980197 1.5769151711042602 87 75 21 0.12312332283034405 83 815 26 660 50 630
2741 0.40889573031372539 2.0508039516963752 1.6768204082213678 220 202 162 1.8477636729540163 64 1373 85 1042 6 1141
2743 0.8527308613514466 1.0408633737873478 2.0032727950608806 204 136 26 0.99522183135514763 64 1327 6 1176 80 1128 54 1198 33 1181
2745 0.32521822859353 1.1610637966988417 1.7464398305622242 148 129 44 1.1093515350485899 64 1348 6 1212 80 1132
2746 -0.58557388235912899 1.7241020188041738 1.1541216385081823 255 228 71 0.47925542731226661 85 1140 6 1238 33 1206
3339 -0.90185235492817872 1.6783967777285234 1.1971368663745885 255 229 71 0.096408645947066746 80 759 8 792 58 762 54 817 42 733 6 810 21 765
2750 0.41415812674553126 1.0102637535081049 1.5132743013526755 197 209 237 0.23816872754571158 6 8 33 15 80 14 54 340
2754 0.48800991155026086 1.7284836301090165 2.8908257582303816 156 110 88 0.23707463984673513 85 53 33 71 54 88
3411 -0.47104536335988501 1.683903766183279 1.1214223215125048 253 230 70 0.57776518792596521 88 238 72 286 5 379
5968 0.36673293986319372 1.9784975352735268 1.9060654352161459 115 93 24 0.08143338370677343 26 544 82 485 50 502 65 537
5153 0.73720257202422057 1.2856363565632534 1.4015112939568195 255 198 38 0.21000055916912164 73 42 79 9 66 14
2755 1.1945841397230987 2.2663418491651313 1.9715717555910113 34 21 20 0.73268403230060897 45 341 55 200 33 72 80 66 43 210 13 286 40 167
2757 1.124025370569631 2.2842830289033031 1.9505277699619936 46 31 28 0.071934554583710578 6 114 33 88 80 72 54 51
2759 0.90297726141975299 2.3650018705325015 1.9265289181465797 216 197 157 0.076663031620571642 6 148 33 109
3109 0.22956844018760231 1.9307284046035011 2.6883984716462379 225 210 173 0.30857853923331524 33 694 80 434 54 736 42 664 88 574 72 628 34 792 5 795 78 909 25 895 44 930 28 627 90 751 39 677 81 637
3924 0.10592137777437179 1.9327727573805937 2.6711621794989138 222 205 167 0.92992056532073064 25 1299 78 1274 44 1138 100 1134 79 1158 39 1005 28 944 53 1011 90 1000 73 1072 71 985
2761 0.13607661806385288 1.8967204620752141 2.7227903973296437 42 33 27 0.32973034174320581 85 141 33 118 80 128 54 136 8 170 42 174 58 157 88 118 34 264 5 288 92 164 78 382 25 383 47 158
3934 -0.70908397493185393 1.5745422560677151 1.3287237858962253 255 235 73 0.87746949053619738 33 939 80 929 54 979 5 913 33 1042 80 1045 54 1086 6 1066 8 1090 42 1000 34 1053 44 840 78 1037 25 1015
5471 -0.67094988363183283 1.8541170959278686 1.810331097046969 253 212 55 0.27760007924038538 10 375 71 362 4 259 20 265 94 325
2766 0.43921518369850054 2.5339522035058968 1.6312100586083218 98 67 54 0.24332008303894792 27 346 33 190 80 155 72 121 43 100
4140 -0.93090821597934481 2.219980161582078 1.6583363412884058 51 50 46 0.11145299768092995 30 199 46 400 77 619 2 646
2767 -0.18017547267846365 2.0667183752505665 1.3756024362617754 167 179 210 0.061318651006357437 55 268 85 248 33 210
3117 -0.49388218818697804 2.1482415912346782 2.398621285647383 124 82 63 0.14291310848899988 80 737 54 798 42 714 34 827 5 817
3932 0.67951155860779 1.7120493199932922 2.9403163381184259 225 212 177 0.56082553995457662 64 44 22 521 13 652 93 484 85 362 33 379 80 371 42 588 34 742 43 606 92 668 44 968 43 762 92 865 69 551 100 1050 79 974 39 913 28 867 31 852 53 932 90 918 23 619 18 594 60 787 81 594 40 455 96 598 75 580
2770 -0.49755193251359786 2.4255521874940653 1.5047119766457615 255 233 75 2.7062529328852394 59 465 33 263
3491 -0.52729785563806142 1.6173496764624293 1.2206031748166277 255 227 70 0.084900168364544767 42 461 34 476 5 404
4144 0.34292704308057004 2.4247598214038981 1.7518957964771731 4 4 6 0.6770289600964291 45 887 46 417 2 432
2771 -0.91065113575579393 2.2589735850719288 2.2584981220905807 45 30 26 0.079885542702515092 6 306 33 267 80 258 8 600 58 296 47 626
5978 0.35186455663103977 2.5132590758901561 1.5870455569787754 1 1 2 0.82833532055758208 26 665 82 569 50 637 65 670
2773 -0.30863413717166732 2.8018396568117057 1.3071935231539835 20 16 18 0.12125294972994693 85 316 33 277 54 237
4139 0.39865142050993296 2.1930644481450607 1.7030306944700133 46 50 65 0.51777472974257233 30 150 46 390
2775 -1.0527823321628433 2.3886612057029835 2.143135614348632 213 200 164 0.13499173680102103 6 333 33 296 8 350 58 340
3125 0.2978921158416995 0.94233248556049631 1.7794874478282439 29 33 40 0.99461704792159988 80 849 54 881 8 1059 58 1038 21 1039
2777 -0.38953662542635653 2.8678659296609168 1.2253391655990535 50 41 41 0.18447539580664934 6 370 33 298 54 256 8 293 58 323 21 649 47 252 67 352
4014 -0.36186764152396317 2.8513466700745878 1.2374233864841271 113 78 58 0.31630335181499858 30 562 76 237 46 479 77 517 2 532
4159 -0.76613310496382936 2.4571549225988303 1.965247714730934 69 67 59 0.26673944836136404 30 667 46 577 77 641 2 667
2782 -1.045078800423265 2.5826837860897145 1.8292002087634645 81 86 84 0.10074756464764768 6 377 33 326 80 320
2783 -0.694511897463154 2.9921877428921539 1.1002187415072686 77 57 50 0.26061695663785556 6 645 33 340 54 304 8 621 58 897 47 818
2785 0.76685103097428087 1.6108460015730883 3.0547968640492082 185 151 136 0.2799021301890231 6 407 33 363 80 632 54 676 58 410
3958 -0.5161269743718071 2.34021475672313 1.3597172254533989 90 74 17 0.13526232328899912 32 642 30 460 46 559 77 616 2 428
2789 0.0073580068104710586 1.175693817994256 1.6973246827561337 241 206 67 0.19768888231518872 6 411 33 411 80 60 54 64
2791 0.26951044563861087 1.77124336261076 2.799822518934163 152 105 81 0.24476496464581726 6 443 33 439 54 448 8 145 58 114
3956 0.061950231438947831 1.7431142427032453 1.433542418364401 93 52 5 0.20825942896212837 32 493 30 414 77 375 46 368 2 608
2793 0.8828923507303541 2.3581070899693013 1.9169113958415538 218 199 160 0.14846796692347489 85 446 33 458 80 411
2794 -0.13809252728619734 1.4734917643070322 1.8479662683249782 242 206 76 0.4351792335523324 85 445 33 465 42 679
3451 -0.35800346162003072 1.8094721616545433 1.6643105355587626 14 15 16 1.2407038370380843 88 1013 72 961 5 1088 43 921 92 989 44 1073 100 1074 79 1009 39 869 28 829 31 720 53 800 90 869 66 949
2796 0.43185267073326178 2.5367327987702115 1.5681779853621531 88 64 55 0.18906891108871943 6 546 33 492 80 463 54 468 8 172 58 512 21 162 67 197
5503 0.54800925613138307 2.5973449345243527 2.2844493994925572 240 219 173 0.25042864607024429 10 977 71 831
2798 -0.5277204158702048 1.7013980537441955 1.1152458353262311 160 130 39 0.1099652183736151 6 561 33 535 80 497
2799 -0.31138492983606775 2.1273710957136713 1.2630479659347744 1 1 4 0.90756610998401999 6 574 33 540 72 42 21 544 43 26
3964 -0.68494491297551108 2.6652570140519609 1.6428242563820432 59 61 54 0.28247544452364876 32 362 30 543 46 464 77 499 2 523 70 177
2801 9.264036192134963 25.838900344760745 23.077747681546935 157 131 41 3.3400008259229503 55 184 33 556
2802 -0.93189875718963533 1.6562763271114294 1.2524582052815156 255 234 72 0.1737816519669885 6 583 33 564 80 547 54 571 8 561 34 541
3395 0.44618518376110289 2.5206232565893796 1.5952111836046892 32 25 24 0.22655361365107887 27 351 63 362 55 276 88 164 80 461 54 467 8 480 42 153 58 510 72 123 67 497
2803 -0.77708827661530366 1.7927080849869572 1.0541469307508311 93 76 18 0.30472726983388948 6 820 85 296 33 567 80 235 54 226
6010 -0.27250019323915936 1.7974750178241672 1.191342224144462 49 38 34 0.20708224116424034 83 474 50 348 65 378
2805 -1.0572299886291958 2.4463541423771988 2.0466848931119639 121 119 107 0.098037053252524972 6 620 33 591 80 584 54 614 42 313 21 856
2807 -1.0560468932615599 2.4801089207372891 1.9768550951760095 170 163 141 0.24940391472657794 6 625 33 594 80 586 54 617 8 631 58 618 21 654 47 842
3908 0.02723568662485034 1.8934801832298052 2.7754880527942754 158 136 107 1.8187425702487967 25 1090 44 949 100 953 39 817 28 766 31 779
2809 -1.1973592474436148 2.4762065231676367 2.0254996707541104 225 212 177 0.12680959489782823 6 635 33 601 80 590 54 623 8 642 34 329
2810 -1.2633914384197154 2.4964756997046025 1.9922503005554637 225 213 179 0.19919627299734613 6 878 33 608 64 740 80 825 54 629 8 886 58 899 47 864 67 837 1 608
3403 -0.17556157088861948 1.9735025465669946 1.544010332746715 112 70 16 0.083118188101326221 88 205 72 62 43 50
2814 0.25129358996281731 0.92508083412207609 1.6986877893873862 110 122 154 0.4037541863510028 6 397 33 624 80 616 21 2
2815 0.62826964422207965 1.2094040369208592 1.3591463252244151 117 103 31 0.19290978530916356 6 659 33 625 80 615 54 638
3916 0.057851171747971414 1.8269032266351071 2.4782407665405395 227 209 168 1.6465935282581139 34 1055 44 1036
2816 0.39746284659542697 1.5278388910938556 1.3701337158521321 237 218 177 0.50298513081828111 6 427 33 674
2819 0.82425774796759665 2.4147458548122978 1.7217276168587978 102 71 60 0.32952524047993004 6 492 85 667 33 699 54 711 8 420 21 103
3250 -0.26102392844607386 2.0999896971926306 2.4528466126094131 217 202 164 0.64647008932495753 8 982 42 871 34 973 5 963 78 1085 25 1192 44 1031 100 1043 79 958 39 907 53 835 90 905 66 798 24 650 14 657
2820 0.76587933860120738 2.436989978523489 1.6929693516415503 101 70 58 0.21486412321491391 6 498 33 703 80 427 54 716 8 427
3767 0.60103988630053429 0.97814424574333614 2.1110941121405156 252 206 58 0.15507387179708162 27 367 43 421 92 476 55 9 88 19 72 185
2822 -0.35455285727633656 2.0436007375289145 2.5010046114705675 32 18 13 0.45690818974992237 6 770 33 732 80 716 54 524 8 554 58 760
2826 4.8884494951094108 15.628747138030301 13.950634584220861 255 229 71 0.23604609882463337 55 199 33 774
2827 -0.77006133503244545 1.7206334371661807 1.1195457272104765 255 228 71 0.09534230479279357 6 807 33 775 80 753 54 806 8 784
2830 -0.69895565310414898 2.2506186284167407 1.2095592335370224 142 125 43 0.22792475930115141 85 897 33 796 54 822
3769 0.59007788833129715 1.7912169421847763 2.8358325417409036 231 216 181 0.29567023944146964 85 370 80 80 54 420 8 98 42 408 58 65 34 489 5 523 92 662 48 182 11 220 22 511 13 482 93 480 78 610 25 587 44 809 47 85 51 233 18 582 69 355 100 843 79 624 39 714 28 676 31 681 53 517 90 690 73 557 66 595 23 611 81 577 40 446
2831 -0.83456067715050641 2.6793349122402019 1.625145809999208 62 65 60 0.31541155444989066 6 871 33 815 80 796 54 840 8 618
2835 0.32373227862887421 0.83341621579134806 1.8426530773752794 164 137 39 0.33948505614969049 6 901 33 849 80 837 54 875 8 903
3202 -1.2637075676224174 2.393497281797365 2.1377920253772658 123 85 66 0.20210449689736945 80 1078 8 1128 58 1110
2836 0.37532534798297762 0.87901266383207199 1.811669664548851 152 135 43 0.027889001962185023 6 902 33 850
3719 -0.30125068115769865 1.8002310695856081 1.7986824294523287 114 61 5 1.5600983676944056 22 1040 13 963 43 931 27 987 63 992 72 967 34 1138 42 1055 5 1093 92 999 78 1226 25 1245 44 1081 60 892 15 732
2838 0.60209304202368552 1.1160686378360973 1.3843504788552912 112 100 30 0.11599465802864835 6 915 33 860 80 840 54 866 8 648
3713 0.82939892026061535 1.6416541720460047 3.0549719544786824 112 76 58 0.91081696534250689 42 567 88 526 34 730 8 40 5 962 43 833 89 1043 41 953 72 814 92 900 78 873 25 871 44 972 100 1054 79 1075 39 970 28 915 31 891 53 982 90 922 73 1078 66 1152 62 1059 10 1111 71 958 94 807 10 1087 81 720
5781 -0.92782430362867185 2.2530090947136596 1.9842757366397328 78 79 91 0.12395956613599594 20 461 60 233 15 312
2842 0.48267685014067307 1.1224954389200801 1.3541014914373264 32 36 43 0.51302350952067199 6 1028 33 867 80 995 8 905 21 701 67 677
2843 0.33185765115177868 1.4906718032944835 1.9050922985136942 237 219 177 0.56902768339300347 85 811 33 881
3210 -0.69178738789718341 1.6183270947384194 1.3793305492731032 255 235 73 1.7819928274146803 80 1196 8 1220 34 1219 42 1146 5 1168
2844 0.24151583514726824 1.7181299107284913 1.6116456763302425 153 118 30 0.48288093002364013 6 943 33 895 80 876 54 907
3727 -0.4068348047970029 1.770459646923229 1.8732093837515698 153 102 52 0.82246389001386933 43 48 92 57 78 602 25 576
2846 0.09117056843690699 1.8629942935529551 2.7691079685065825 113 79 66 0.26342800340656536 85 819 33 901 54 929 42 843 72 761 88 853 92 951
3721 0.12822857054403236 2.6768031033965562 1.4896468722476344 37 31 36 0.057896668125147432 88 780 43 673
2847 0.078042837682820249 1.6184760940405545 1.5708410150356227 204 175 57 0.60527648132903322 6 944 33 902 80 879 54 910 58 682
2848 0.028950126074672476 1.8882463982799829 2.7504976888574522 114 80 68 0.34125356280104707 85 824 33 906 80 894 54 933 42 845 72 897
2854 -0.54281648828104367 1.6470771061620513 1.179440107913398 255 229 72 0.21303853401506029 6 973 33 935 80 924 54 964 8 761
3520 -0.39299637369083928 1.7938154042423518 1.5531821081989741 255 242 72 0.25559622443105967 55 924 34 1039
3665 -0.80623773200349669 2.1835411175862429 2.3325860023119982 73 60 56 0.2693299128392167 58 986 21 980 67 907 1 661
2858 -0.60368928748018169 1.6706047191059357 1.1571152454407969 255 228 71 0.090885319289833177 6 977 33 943 80 928 54 974
2859 0.073445140402408543 2.6909404960215291 1.4060837922847484 44 37 40 0.39617737106992551 6 994 33 945 80 933 54 966 8 981 42 854 92 721
4565 0.69873510434925401 1.7329260452373032 2.9239941420825653 233 218 181 1.114767326137577 56 1143 29 816 91 845 97 1104 84 1059 87 1123 48 1521 11 1334 83 318 51 1114 7 816 18 1269 22 1217 13 1151 93 1185 69 978 3 476 36 830
2860 -0.66657608800224533 2.1880552491078804 2.3672966648038889 106 74 60 0.3707839395348112 85 868 33 948 80 946
3679 -0.41507035500306794 1.6915536424177675 1.6317803747747515 254 237 62 0.1070407318456315 22 292 43 250 92 289
4558 -0.32844581623498131 2.6027077303287642 1.4807833752963853 52 61 83 1.3985799226075073 59 1570 18 1297 23 1109
2862 -0.99069374786238729 2.0328589114409286 1.6555473377004251 16 16 15 0.72143887377813898 6 832 33 966 54 1018 67 985
3528 1.0529119528090207 1.2650805511620884 1.5307875917050262 0 0 0 0.87682413797773595 42 1030 34 1093 5 1111 78 1249 25 1215 25 1271 44 1146 100 1111 79 1137 39 982 28 935 31 908 53 991 90 1014 73 1059 66 1155 24 946 14 922 62 1040 10 1060 9 1032 81 827 49 986 68 913 61 821
3673 0.63355363153747979 1.102915457532474 1.3569508567921329 156 133 39 0.47095777847849757 64 1064 6 911 33 858 80 831 54 864 8 892 58 911 21 921 32 973 45 1293 29 756 30 744 46 617 77 702 2 721
2863 -1.0682367417849405 2.3928616158825697 2.1237645019865887 223 209 174 0.2223763923020147 6 999 33 968 80 969 54 1035 8 1038 58 1020 21 846 67 800 1 469
2870 -0.46104061381724637 1.5615395644544501 1.3037591666782999 255 237 73 0.18867977467078065 6 1052 33 1027 80 1030 54 1070
3536 -0.13015875162356694 1.5454390548630563 1.8777650362027096 251 205 61 0.19685435955421787 42 1136 34 1217
3745 1.5930049776113848 4.2743479317762727 3.278687898691051 242 223 184 0.16045612793629882 43 804 92 851
2875 -0.81686249909816011 2.642456869242694 1.67532573347231 109 110 98 0.63987141148462112 6 1108 33 1064 80 1072 54 1106 8 1120 58 1106 21 1151 47 971 67 1054
3242 0.76953934611951558 1.6144279475184193 3.067380487209415 155 104 78 0.65333994609871548 54 890 42 806 88 828 34 940 43 894 41 1189
2876 -0.8834219033019326 2.6572655555759792 1.6402381801858534 118 118 107 1.0383916264851436 6 1110 64 1260 33 1066 56 1174 80 1074 54 1110 8 1122 21 1152 47 975 67 1007
2878 0.30032362126090223 0.92547635980098553 1.6999818717406563 136 150 183 0.30717844995050658 6 1118 33 1075 80 1082 54 1121 8 1134
3544 0.13430139069769909 2.5916430725869097 1.4989068771904763 93 103 103 0.20643016798058814 34 438 5 48
3753 0.41869467989955822 1.6769743843713496 2.9249003701586385 0 0 0 1.2873007531229073 93 822 92 959 69 639 23 976 18 1072 40 548
5294 0.088230417885985485 1.2098718800549773 1.8303670905912368 254 204 51 0.34014228132179314 100 80 53 52 24 79 73 76 66 92 62 153
2879 0.087381287941622893 1.5763526112850699 1.9227509737262352 131 89 20 0.89652209019187612 6 1133 33 1094 80 1014 54 1059
4569 -0.42050329788348012 1.6473156256588219 1.2044338896548124 138 87 12 0.30063927603092749 93 298 69 4 23 57
2880 1.2121837974036889 2.4666934955864521 1.9829602483629631 0 0 0 0.76379762088993086 12 1161 41 852
2883 -0.71570267307061419 2.3955745564438429 1.2168789233871822 84 97 125 0.97503921504250224 6 1207 33 1128 80 1119
3314 -0.79552870425383204 2.7272697180413692 1.5477568449121304 115 116 106 0.10979511209649005 6 876 58 856 21 880
2884 -0.90433265106165561 2.8189963814771359 1.4453901244621217 124 126 114 0.39469937862695337 6 1174 33 1133 80 1122 54 1159
3831 0.88867686885251618 1.0415606328934275 1.9984319002549495 255 234 75 0.10673110844408004 34 865 25 687
2890 -0.8484466336252694 2.120295721994371 1.4984172357463621 211 170 45 0.090557610605472225 6 1203 33 1168 80 1157 54 1190
2891 -0.8484466336252694 2.120295721994371 1.4984172357463621 211 170 45 0.090557610605472225 6 1202 33 1169 80 1158 54 1191
3322 -0.94519326604930254 2.0642876728871795 1.5621456515593188 86 58 10 0.35796252003111889 8 1014 58 988 21 979
2892 -0.80359665191726315 1.9521598132351512 1.350691329356696 128 101 25 1.6280698800486055 6 1225 54 1208 80 1189
3839 0.67556776222695936 1.8705595626696878 2.7698907684317211 232 215 176 0.029891790501598726 42 812 25 1050
2894 -0.085160001956270062 1.4692515606252536 1.931728461151476 108 118 146 0.78601483410467043 85 1148 33 1214
3833 -0.043001462230490561 1.9350246038537668 2.6686765073121146 63 43 37 0.26750005628936097 5 543 78 927 25 911 47 519
2895 -0.53319626633081663 1.5417666190191543 1.4282126178931143 254 233 73 1.8860420561006719 6 1242 33 1215 80 1212 8 1231
2899 -0.022921708283154006 2.693771456883475 1.4876394162131723 33 25 22 0.60091478883231575 97 515 84 468 87 744 11 1236 12 789 89 1076 95 951 41 971 27 758 63 766 22 814 55 853 13 729 93 803 85 879 6 1088 98 1290 32 1156 99 1202 45 1499 29 901 36 909 11 1237 97 516 84 469 87 745 12 790 89 1075 95 950 41 970 27 759 63 767 22 813 55 854 63 960 13 728 93 802 85 880 33 952 88 626 88 627 72 753 21 1084 30 912 77 771 2 840 51 629 7 250 18 779 18 780 51 628 23 964 23 965
3266 -0.56902943237166048 2.8535136124014722 1.2675104384848028 127 130 121 0.75168827272324301 59 634 12 533 27 355 63 592 54 589 42 490 98 1299 16 1391 99 1210 56 1071 98 1158 91 965 97 1032 84 734 87 733 11 1212 55 696 21 667 51 591
2901 0.34067101411793815 0.94591635310766498 1.6156869251570281 189 198 225 0.27320833915074133 33 13 80 18 54 342
2903 0.2581397665608039 1.3680218218748665 1.4081414651074149 112 116 132 0.37173776089352645 6 53 80 56 54 382 8 15 88 445 72 111 34 66 43 85 5 41 92 90
3620 -0.29837873904478368 1.7497368257919499 2.0642118590324712 15 18 24 2.196027223114811 34 1230 54 1219 5 1183 90 1036
5845 0.84389950588230311 1.8246455810912174 2.92515912891009 220 198 156 0.92703576708747537 60 1108 35 938
3115 -0.47188123404074317 2.0887173537738688 2.4480545562928517 43 30 31 0.29141937921039279 80 726 54 791 8 795
2910 0.071028202716629255 1.8834179841488499 2.7278563552913742 49 31 25 0.044083107964506797 33 127 80 133 54 139
3785 0.4677950681383452 1.0456946041347968 1.9082627044811049 174 141 36 0.99680988173266905 34 429 78 519 25 703
5326 0.091470248757430414 1.8159524156006577 1.9338470383207496 173 106 19 0.26088430873954033 24 607 14 631 62 913
2911 0.070774329752636186 1.8831572925563829 2.7273360595461567 49 31 25 0.041492137528949938 33 128 80 134 54 140 8 173
3628 -0.69897396841647697 2.0778115073444288 1.1780678922936536 61 72 98 0.39530460263371586 6 321 58 259 21 202
2912 -0.11810607993629306 1.7509823154732735 1.7577814603748678 127 99 27 0.10533659815788056 33 161 80 145 54 147
2915 0.37382897461389603 2.5852646952823752 1.5614371031902889 58 44 44 0.14769513337665952 6 558 80 163 54 163 58 215 67 213
3218 0.36859953744699009 1.6630887326408483 1.8357956986636141 127 93 21 0.27680013370795115 33 432 42 409 88 439 72 351 34 108 5 114
2916 -0.57574897069636999 2.0678780528893541 2.4491424869149867 42 27 21 0.20501797254297438 33 213 80 208 54 213 42 255 58 239
3735 -0.4686524489167519 1.6829838891900413 1.6917363431047852 74 72 88 0.094466990185163108 43 248 92 291
2918 -0.8093685697716767 2.0803678083902515 1.5359458798962418 188 150 40 0.057255325320344358 6 312 80 247 58 269
3729 0.034477047423403462 1.9624970000481392 2.6403377666747487 232 215 176 0.18086241803426814 88 130 92 132 90 439
2922 -0.34904482520381669 2.8082138717955472 1.2588829068927989 103 73 59 0.13052845052529063 6 352 80 261 8 282 58 304 21 292
2923 -0.83997390262654492 2.1575789364829197 1.4315361130803113 174 143 40 0.41373277118224083 64 370 80 266 8 289 21 240 1 92
3226 0.63317587013376342 1.106542898109925 1.3636673639475621 168 138 36 0.15715841710957645 85 593 42 530 34 340 5 311 78 447 25 447
2924 -0.79950121997368584 2.1970508752711884 1.3914372787105549 156 130 36 0.3139898914865028 6 606 80 267 58 284
3743 -0.79751983827639161 1.7677013567166511 1.5513471953850122 37 34 30 0.31759321988383837 43 482 92 696
2926 -0.98684051915116799 2.2630790965721737 2.246843003377172 150 101 76 0.26763801716664443 33 273 80 275 54 288 8 609 42 304 88 235 34 326 5 306 92 42 78 662 25 645
3737 -0.87519786403510347 2.3086988808450082 2.1842858744141531 215 202 167 0.44433968183035966 34 1088 92 531 78 1192 25 1211
2927 -0.6722883684810026 2.477155063129032 1.2071466458254976 7 9 12 0.21857878055901248 6 628 80 277
5859 -0.95045880078842682 2.2481559447347532 2.2828051542199104 151 98 70 0.77831693442703287 10 489 66 527 71 445 4 359 20 730 60 964 25 1116 78 1109 44 680 100 696 79 775 15 1027
2928 -1.0164946202550451 2.4510887708444149 2.0397128409887504 131 125 107 0.18995410235025365 33 305 80 302 54 300 8 352 42 310 58 341 47 337
2931 -0.69566444343524758 2.7873533078501334 1.0228285749225539 73 53 47 1.2432671528004058 33 331 80 318 58 367
3298 -1.089427589031468 2.4147663287401619 2.0928665943196774 114 112 98 0.2239875793560327 8 630 58 616 21 647 67 620
2932 -0.89942246605170006 2.7909544470286898 1.4785882825147818 91 98 96 0.36649802263605086 6 389 54 313 8 362
3815 -0.90901065659044589 1.5997427540188085 1.3216812609015622 255 233 73 0.097643502804713386 34 1187 78 1270 25 1293
2934 0.41703329063048933 1.0068515127260231 1.5598416321069304 137 106 24 0.23705815217759965 33 14 80 339 54 341
3809 -0.26784192108634108 1.8945737514266974 1.4990677604224076 11 8 6 0.069531684893568618 34 1125 78 1145 25 1154
5877 -0.081103412593899055 2.0721019129100537 2.4212524040755596 8 7 8 0.25536317952327653 60 797 15 879 17 778 74 723
2938 0.95142312507347426 2.0105992163856272 2.4214644051172609 230 215 178 0.032130918441961663 33 399 80 372 54 387
2939 0.95142312507347426 2.0105992163856272 2.4214644051172609 230 215 178 0.032130918441961663 33 400 80 373 54 388
3306 -0.77176466199742744 2.2320582470821813 1.3060818021898088 98 50 5 0.23244701453592587 8 821 58 801 21 817
2942 0.25925309464513452 1.649417008794861 1.8652289134524502 131 90 19 0.24568604266816677 33 441 80 403 42 625
3817 0.7185411546214715 0.93063344463093911 2.2360807987521891 179 128 40 0.15835897857024253 34 1200 78 1281 25 1307
2945 0.21275386759738812 1.8213268785533478 2.791508308752896 117 88 77 0.27492030477646318 55 371 85 110 80 421 8 155 58 131
2946 0.19521014901623587 1.8786916766233241 2.7216159500941242 111 79 68 0.28244526497038458 33 692 80 428 54 456 8 457
5648 -0.77764691957243137 2.1155440814335953 1.981787991876341 158 149 159 0.33992675523671961 4 82 20 115 94 98
2947 0.028097644843723554 1.7262646929177612 1.7782100550671649 148 120 41 0.086991387137772949 33 475 80 442 8 431
2949 0.34689128878109959 2.5362446069996909 1.6398683588203398 32 24 20 0.16397352677161561 33 197 80 469 58 210 88 464 72 110 43 305
2951 -0.44269489418612673 1.6190696058772358 1.2126739743801875 165 133 38 0.39395546782698565 6 531 80 474 21 61
2953 -0.30739001740902261 2.0517581121715049 2.4994009523340543 134 90 68 0.31837499538156849 33 500 80 487 54 518 8 547 42 458 58 540 34 549 5 540 78 645 25 627 44 532 90 409
3614 0.28494834389528362 1.3930821520053114 1.368114377490534 236 204 67 0.3661954439910779 34 1199 5 1138 78 1279
2954 -0.59295411249461571 1.5628501533748957 1.3296559190360477 254 227 70 0.059700178509862152 33 515 80 489 54 516
3099 -1.076100148722158 2.4293628326830259 2.0735590379488462 222 209 173 0.19438517625798268 6 616 54 615 8 627 58 617
5151 -0.61298031730999902 1.6028751722121335 1.2388653247679144 218 9 1 0.08882947655041934 73 6 66 5
2958 -0.68862540413526341 1.7499746848300732 1.0846723980623509 17 11 12 0.27074453253274405 33 551 80 526 54 549 42 485 34 209
2959 -0.83932474973445825 1.6147025295882098 1.3171427185123288 74 74 95 0.51697284328938653 33 548 85 272 80 528 54 557 42 491
3612 -0.88804506002786399 2.0622220986514446 1.6758689254552317 255 224 61 2.2304028407119394 34 1188 5 1128 78 1311 25 1338
2961 -0.92984573651719982 1.6511739871293225 1.2767660440100341 132 95 19 0.13156323356519298 6 282 80 546 54 569
3686 -0.41034726792813009 1.7625010387489244 1.8248832861026452 255 225 61 0.27207304220285433 72 575 43 502 92 720
2962 -0.25171311198870666 2.7915750405561015 1.2388907301459278 74 53 49 0.20871359936811421 85 539 80 556 58 585
3171 -0.8119394905976911 2.2448323742028382 2.3294846174852424 107 74 60 0.14244198743799474 54 259 8 303 42 288
2963 -0.92965003390250645 1.9399963430321496 1.5379306729440225 255 219 56 0.073599473292898746 6 309 80 560 54 583
2965 -0.99312017126858965 2.2990085096275865 2.2062856982117385 105 73 60 0.13158520545589986 33 576 80 568 42 511
2969 -0.65528768559989226 2.8511493530385161 1.3337577373624736 121 125 117 0.12217389613203739 6 888 33 600 80 585 8 848
3694 0.61904733256579392 2.7445863344386874 1.6940288305460742 0 0 0 3.4763516515830535 63 1136 43 863
2970 0.4207468480690732 0.92774831689162685 1.6739858040523834 151 135 40 0.25536393016382314 6 652 80 602 8 651
3179 -1.1241425057895797 2.4658012354092049 2.0186110817468244 127 124 108 0.23747615876809952 6 358 8 634 58 374 47 645 17 366 74 345 35 259
2973 0.30146030833300841 0.83447544166528942 1.8707717000975259 129 109 31 0.32707838842364512 6 394 80 610 54 643 8 658
2974 0.53546439401124701 1.0798172161912689 1.4264634136721965 114 99 30 0.50397756313307651 6 657 80 611 8 650 58 396
2975 0.84145229401165023 1.6991568191146154 2.9691787239376555 239 225 190 0.21685698461229097 33 631 80 635 54 671 8 677 34 923
3692 0.64855352910348896 0.95840715079376493 2.1094220420387852 249 222 142 0.77367619141428268 72 676 43 727 92 791
5680 -0.85257657859480229 1.5188632759455623 1.2238287010443505 0 0 0 2.6513256046646205 20 1018 71 927
2979 0.16874391056088558 1.6508737153613662 1.4958723860426182 232 213 171 1.4826964760880217 33 693 80 674 54 714 8 689 58 677
3282 -0.34049605744199113 2.8453012007523086 1.2352079800489539 39 28 23 0.17768510465549256 33 290 58 313 67 338
2986 -0.84741727193782546 1.5730310341538423 1.3516402084163017 254 234 69 0.081415700497206228 33 546 80 746 58 522
3131 0.020171298763034595 1.4782194812896488 2.0017430114395141 30 38 48 2.243263768877978 80 874 54 912 8 934 42 954
5183 0.65787064568903075 2.4401246810295354 1.7466674954622781 150 96 67 0.19606454030239057 73 383 66 459 24 351 14 399
2990 -0.93731403535082636 1.9666814744408279 1.6105293915634369 254 229 63 0.52396937794770893 33 572 80 765 54 823
2991 -0.36550408282386071 2.8529767869363485 1.2310112649147056 114 79 63 0.43520321804198348 33 800 80 771 8 822 42 715 58 818 34 655 47 572
2993 -0.95040924195256171 2.1072057859667188 1.6607701098672756 92 74 19 0.40751010071792865 33 794 80 773 54 829
3590 -0.52445103953840222 1.5100385647964722 1.410657322615557 255 245 71 0.22616849831678584 34 944 5 905 44 843
2994 -0.78275646909776631 2.2872412032919476 1.3392618241348373 124 128 150 0.30724803251762745 6 848 33 801 80 774 54 824
3075 -0.99054315296335649 2.4606474124222526 2.0330485400336991 203 187 149 0.61183308180574569 80 298 54 299 8 347 21 306 67 613 47 837
2995 -0.78159446462545901 2.2864843270578565 1.3400977458255621 124 128 150 0.33266976517040708 6 849 80 775 54 825 8 823
5690 -0.86381363729731675 2.1241647057072703 1.9382050483911215 85 66 62 0.1830402304330209 4 77 94 96 71 133 20 363
2997 -0.74032117792933683 2.7078781820174274 1.5760509329305632 109 110 100 0.11346017867879302 6 866 54 832
2999 -0.76306277795260646 2.7585742095510191 1.4972159474196201 116 118 108 0.12549307873930005 33 820 80 800 54 836 8 855
3588 -0.45536883354919344 1.558260368053686 1.2966435780284076 255 238 73 0.012351170477904815 34 924 5 879
3001 0.93271627067800844 1.0790358046843644 1.8798169422078508 0 0 0 0.026636353931463429 64 1058 80 827
3598 -0.62440099971645247 2.2398776848254069 2.2980144844344692 214 197 159 0.54685516590628902 34 1086 5 1048 78 1186 25 1204 44 1025 100 1037 79 1043 66 994 62 787
3002 0.36072028606297618 0.86766065244755064 1.7905648763082822 153 136 43 0.28104344660080743 6 903 33 851 80 839 54 873 8 901
3083 0.36884994805046195 1.6740299255430673 1.5186487496245737 227 213 176 1.4688381042836154 80 388 54 412 8 391 58 412
3006 0.14871506612795185 1.8290615409770759 2.7835805997108536 127 97 87 0.4252002772706025 33 894 80 888 54 926 88 724 72 764 42 959 92 952 40 711
3596 -0.77168335233545915 1.5804758031534973 1.3000125355443435 255 244 69 0.23749933444525975 34 1060 5 1017 78 1041 25 1020 44 834
3010 -0.65194850754963296 1.52036029594977 1.2398143721316897 255 229 73 1.0213711452621601 6 970 33 1040 55 824 80 923 54 965 21 939 47 709
3013 -0.7678687065625095 1.6004668264348139 1.2922833111655183 255 232 73 0.18627597783437289 33 949 80 938 54 985
3015 -0.76155028378445089 1.6839844169264542 1.1568333063185805 255 232 73 0.28267615803827895 33 958 80 944 54 991 8 978
3365 0.51769002191015689 2.2361389454462506 1.6596326444305012 209 194 159 0.61317387690565717 80 441 85 850 88 595
3668 0.30951081025583632 0.89447536516506221 1.8538291832049676 148 128 46 0.53229161723948637 58 1117 21 1035 67 954
3017 -1.0250739624378546 2.3156356830859259 2.092750056203601 220 207 172 0.42401797244099398 33 797 80 966 54 1107
3678 0.75059229006880623 1.7469716009091458 2.8806181556516259 236 220 184 0.048800415611714366 13 276 43 218 92 261
3022 0.16048722204249183 1.7886789734828852 1.724041762177964 55 53 66 0.69819173756932296 6 1138 33 1015 80 1017 54 919
4396 -0.39386474653040615 2.3331553244198111 1.3681838010244738 2 2 1 0.32440911537785155 98 1081 51 871
3023 -0.49020166256304576 1.5390942971733583 1.3656652583888036 255 236 74 0.11611616964591642 33 1025 80 1028 54 1075
3373 1.0809341612557373 2.3694512261737803 1.8569364503628292 102 71 58 0.19814583232270122 55 929 88 843 72 933
3676 -0.34042402717499148 2.8061320266213508 1.3228847874418919 57 44 43 0.2010978673434505 88 503 43 31 92 24
3024 -0.49020166256304576 1.5390942971733583 1.3656652583888036 255 236 74 0.11611616964591642 33 1026 80 1029 54 1076
3382 -0.77496801380907909 1.5907513230649899 1.3027390701791393 255 236 71 0.23930298331871647 6 1073 85 985 88 916 72 850
3026 -0.64935914545142304 1.5510729821425 1.3619878987106822 255 238 74 0.44431431806636112 33 1038 80 1038 54 1080 8 1085 88 908
4400 -0.45528557014245352 2.8014577835977192 1.3870098013772116 79 89 92 0.7324247005501352 83 713 51 1107 7 820
3027 -0.65238417068159826 1.6537399096057845 1.581123225998925 23 22 25 1.0806821680800001 33 747 80 1042 54 1206 42 1102 72 719 88 793
3031 -0.95605591713195204 2.2377706000809305 2.3067480227717967 154 102 76 0.39631285148514811 6 1090 80 1062 54 1103 8 1116 58 1094 88 902
3381 -0.70860997874188869 1.5646790454059178 1.3249732834819374 255 236 71 0.072343142451452874 55 939 88 915
3748 1.0819412745049406 1.895221341667926 2.568822456429706 243 224 182 0.070005774409483412 43 816 92 876
3032 -0.66786949479124536 2.9635728857450219 1.0867787085575549 134 92 69 0.90951053145873562 6 1015 33 1071 80 1077 54 1109 8 1121 42 1014 58 1114 72 865 34 1032 21 1023 47 1044 54 1157 60 909 15 1093 17 917
3390 -1.1423865938916511 2.283157303875432 2.2169862378496292 150 101 76 1.0716388279123608 42 1071 88 986 72 943
3033 0.30267411858662269 0.7444534601416134 1.9588586965775454 0 0 0 0.38900258074639865 33 1073 85 914 80 1081
4415 -0.15931779300148838 2.0054986070191179 1.4091854837679314 252 212 54 0.060375290156092658 51 104 83 52 7 75
3038 -0.83486723066181057 1.7128274710488953 1.1550619663369786 255 236 68 0.21184914443254371 33 1121 80 1109 54 1147 8 1157
3389 -0.33992503000156493 2.7980830695057897 1.3281186335150537 52 41 42 0.20114343449741642 80 1114 88 983 72 962
3756 -0.25305723819662235 1.7931154802014284 1.6220099769860028 250 203 55 1.1733454508021663 43 923 92 991 39 943 53 889 28 824 90 866
3041 -0.32250342769152895 2.8778934966604521 1.1882421796130604 0 0 0 0.25645258110130609 6 1169 80 1117 58 1152 88 913
3702 0.98220934773523538 1.73962275431645 2.884285689739897 248 226 181 0.21880959631560126 22 1179 92 1037
3042 0.90894156632347822 1.1092247677378217 1.8070132842608329 196 125 21 1.1654986682882498 6 1177 80 1125 54 1197 33 1182
3187 -0.75067535236876748 1.8841238473948134 1.7143599082451839 253 221 62 0.10775194983406655 54 810 8 799 42 727
5744 0.63776087166184992 0.81861712432282052 2.0495379034530226 0 0 0 1.5643065396015177 20 1029 15 1229
3043 0.71610102770873141 1.2887413705513844 1.2978124962356725 0 0 0 0.86676945632810642 6 1182 80 1129 54 1166
3045 0.04475006051660467 1.4402116799757867 1.9114560234896769 187 171 140 0.55619070895946709 33 1188 80 1139 54 1170
3049 -0.92584267383296259 1.9708407960614278 1.4936297459547712 124 0 0 0.45391250684114381 6 1155 33 1166 80 1156 54 1189
3710 0.7005659247841558 1.6863958558822467 2.9990213886027681 93 63 50 0.88647066174080402 33 872 42 582 34 942 5 965 43 769 22 849 13 807 93 876 92 882 44 1048 69 717 100 1052 79 1129 39 915 28 912 31 889 53 980 90 920 73 1052 66 1150 10 1085 71 956 94 805 81 706 40 620
3050 -0.93353973468866969 2.2978404497241658 1.6618786326238602 59 65 78 0.66094109235087239 33 1127 80 1163 54 1156
3195 -0.27238791782376709 2.0469912770751182 2.4887412431851041 51 28 18 0.70500155592139857 54 963 8 979 42 976 34 1075 5 1049 78 1088 25 1087 44 735 47 939 100 539 79 603 39 415 28 388 31 404 90 537
3054 -0.96967417166409897 2.2745206637453754 1.9934231130847648 10 10 12 0.79569858849560826 33 1170 80 1180 54 1192 8 1210 58 1208
3055 0.037693958263783897 1.6661228517347362 2.2839650750795553 209 192 154 2.1832980473693131 33 1148 80 1186 54 1214
3708 -0.55544662932425359 2.1347238265164834 2.391267436139203 142 95 71 0.31138330149975652 85 705 33 750 80 742 54 801 8 806 42 718 5 545 43 284 88 486 72 294 92 314 44 519 28 146 31 168 90 370 81 277
3058 0.54295490597253704 1.5166940272862055 2.5660470414881096 180 169 144 1.4689898196876747 33 1207 80 1201 54 1226
3139 -0.79741276009636275 1.6515043110914713 1.2080293276392282 255 232 72 0.27596346159083779 80 942 54 995 8 980
3059 0.09677312003338287 2.0030713381068059 1.5159633006691109 16 21 31 2.2095686384000799 80 1204 54 1218 42 1144
5754 -0.87484450743781994 1.9048738655208901 1.552381731315178 107 86 74 0.48481443601697499 62 417 9 818 49 816
3061 0.35333466777135225 1.4138960436065764 1.7640501397732709 230 214 176 2.0899059557005688 6 1241 80 1209 54 1225
3063 0.38406366669510356 0.9018563712836184 1.7242987126396108 152 136 47 0.23746434596044255 33 615 80 604 8 652 42 553 88 699 72 651
3652 0.97732437919930226 2.2385623614058066 2.2134342302442769 230 214 175 3.1098597178400924 55 776 21 738
3065 0.78361684493984884 1.7257602046789444 2.911245557997415 232 217 181 0.25580082788922631 33 35 80 50 54 46 42 384
3662 0.40486501855651813 1.1899649686142135 1.4320083265484667 22 30 39 0.13818840739757729 58 652 21 924 67 845
3066 0.0075192079057361631 1.201481821926605 1.7634857185505337 121 87 20 0.15329331300447357 80 63 54 75
3147 -1.372930622980193 2.3835288809764328 2.1847182706518722 0 0 0 1.5026874157800172 33 983 54 1040 8 1048 58 1033
3067 0.51215186850138217 1.8353464554317713 2.7926416870527855 114 105 86 0.050191617690805157 80 90 54 91 8 113 42 122 34 230
3070 -0.11226161957102239 1.7580164662804791 1.7649536049109882 133 105 35 0.15704286331578501 33 160 80 144 54 146 42 188
3071 -0.17924899890906029 1.7746636881151483 2.2213883085837627 20 25 37 0.13668649309751149 6 174 54 164
3660 -0.61710715787521264 2.8826735130572771 1.2784846751847025 129 132 124 0.13693186696645818 58 619 21 887 47 611
3072 -0.57660655877480305 2.0669328995415119 2.4486612676431676 40 25 19 0.26025937419754369 33 214 54 214 42 256 80 209 58 240 21 189
3073 -0.48515894574081631 2.1787204208729167 1.2051966592141043 121 112 44 0.21977659571895833 80 229 54 216 58 243 6 822
4016 0.23094766283947368 1.3284927889879921 1.8518634241789267 135 100 32 0.1338886789805408 36 532 76 297 52 322
3077 -1.0859838016001053 2.4846133832235244 2.0065811797131397 167 159 136 0.21846134894453889 80 311 54 310 8 363 21 325
4020 -0.91984223194470305 2.0896170166287913 1.5588374087007049 83 66 13 0.27170185861968399 30 447 32 1027 76 366
3081 0.23252230158622153 1.3782184327207314 1.3731133912197746 243 209 68 0.15359636312721706 80 368 85 424 54 386
4024 0.060205941534152714 1.2634752355081886 1.7884573043319802 138 104 25 0.2854580950059879 32 812 76 491 52 492
3082 0.75475224290231191 1.7811925901796071 2.8368903110478909 231 217 182 0.33888755240610163 33 381 54 395 8 71 42 386 5 758 44 806
3085 0.62575761729116086 1.7988549236081088 2.8228766293069381 119 108 87 0.16252362962285916 80 383 54 416 8 412 42 407 58 425 34 486 5 518 78 608 25 584 44 540 100 562 79 296 39 179 90 255
4028 -0.74056127316660425 2.646892904710747 1.6576127896444439 62 65 58 0.3050778408618578 30 693 76 684 77 658 2 683 70 307 37 278
3087 0.53458475400591188 1.8147866005448925 2.8185933989956626 228 213 177 0.16061643039028797 80 392 54 427 8 416 42 614 58 74 34 752 5 788 78 882 25 874
3088 0.44978694338181974 1.7790547276572535 2.8303937439894598 149 102 79 0.51176929128806992 33 418 54 432 42 628 88 550 34 775 5 802 78 617 25 596 44 542 28 433 31 465 53 213 90 456 90 686 73 237
3089 0.47370245225692226 1.8356331223554481 2.7882009714886795 213 198 164 0.32705978068152192 80 402 54 435 42 627 58 87 34 758 5 789 78 885 25 880 44 804
3968 -1.1323836929579474 2.5190216395396452 1.9389039126635812 98 98 85 0.39091796514172888 32 910 30 684 52 422 77 657 46 457 2 692
3097 -0.92729934640551459 1.6584921641172914 1.284177262746641 127 91 19 0.29410005219675361 6 281 54 568 8 562
3976 -0.97576589715024198 1.8895579657390562 1.5840783099090119 0 0 0 0.8763903760109496 32 1007 30 783 77 814
3098 -0.59274709390704683 2.8296536607308127 1.3578333365953854 111 114 109 0.23390063104693096 33 595 54 588 58 850 8 602 47 607 67 804
4501 -0.41492640669538206 2.8653245813897619 1.3263247527043742 49 33 28 2.6308666033760084 51 1273 7 1069 50 594 65 628
3101 -1.1372263012823096 2.4495282779079681 2.0475099288264986 224 212 176 0.066146170730231074 6 626 54 621 8 636 58 624
3980 0.16286767213650344 2.7355697219045005 1.449092058713416 90 89 84 0.17246968801894622 16 1385 30 821
5006 -0.59261666752766662 1.5025708659059431 1.1083241414572762 0 0 0 2.3838491753979025 79 1083 31 809 53 865
3103 -1.2321487024898594 2.445029531874233 2.0792895571062999 225 212 177 0.091760895102877021 80 591 54 624 8 645 58 629
4803 0.16261982251188253 1.4733480577524605 1.3912107832883112 0 0 0 0.84433488255891598 79 1186 39 1011 28 925
3105 0.87368097086951935 1.7287380317450485 2.9111314516072402 238 221 183 0.039736277361368789 80 638 54 669
3920 -0.62963569410689924 1.7250245350697526 1.0644221104896381 255 230 72 0.14125275279740432 78 1209 44 1053 25 1229
3113 -0.36690908464852662 2.0722488781613051 2.4731898773055696 134 90 67 0.035621409581007353 80 718 54 779 42 703
3928 -0.80260190099216788 2.2167514307906906 2.3099149849222149 107 74 61 0.82113055001551849 25 1320 78 1294 44 1159 100 1153 79 1179 39 1002 90 995
3114 -0.61713562013225431 1.6988983253861678 1.1133954920191786 254 229 71 0.057291400510654872 80 729 54 784 8 767
3120 -1.0512879531317585 2.3180854042261054 2.1779098896122235 104 72 59 0.30272219160203667 80 784 54 838 8 860 42 518 88 507 85 521 72 273 34 564
4515 -0.69678833727942247 2.6469061064101647 1.2253671827892663 0 0 0 1.3834592591045196 51 1330 7 1124 3 990 50 683 65 726
3121 -1.0357465350911346 2.5128510509292372 1.9275087535947113 129 127 115 0.14269949149723851 33 813 54 851 8 873
4000 -0.50158582365009041 2.4176876660491771 1.3195071428702643 28 32 45 1.2920210012059765 32 1278 30 1035 76 847 52 848 46 856 77 933
3130 -0.082337573656330085 1.3924332607845411 1.8905888206888408 30 38 48 0.11905042515348534 80 875 54 911 8 933
4533 -0.370159130112589 1.6423717264835072 1.216061051269083 254 231 60 0.10255703546857187 93 303 18 398 69 235 23 73
3137 -0.47899616537659129 1.5546254492728158 1.3548922341776584 255 233 73 0.047752596374184386 80 909 54 949
4080 -0.86390441965608555 1.9335487349983884 1.4746524579126317 32 29 29 0.10334806647755694 76 526 52 521 46 381
4084 0.60996692765253735 1.2309322543524854 1.4076144366417958 118 108 34 0.249974879334669 76 481 52 588 46 624 30 752
3145 -0.85278545369550762 2.6006605072952103 1.7333848066137054 126 121 105 0.10458401996695665 33 971 54 1030 8 1034
3146 -0.85278545369550762 2.6006605072952103 1.7333848066137054 126 121 105 0.10458401996695665 33 972 54 1031 8 1035
3151 -0.98774719476939621 2.2896646834675058 2.1018299089390338 221 207 171 1.6061228190590311 80 777 54 1105 8 1118 42 1024 34 1153 5 1107 25 1304 67 580 58 817
3156 0.2402962197949369 0.93811008884165614 1.9429138401928487 152 130 38 0.57856192735703305 33 1077 80 1172 54 1168
3877 -1.2345603299799468 2.3660480703903599 2.1376566970747239 81 66 62 0.20864582589299854 78 944 44 477 25 647
3157 -0.76442436984985418 1.904678970135657 1.7622316958729227 237 198 57 1.4076359238652414 80 1153 54 1181 42 1107 34 1207 5 1153 78 1310 25 1337 44 1154
4036 0.30891453531147806 1.1577294366844899 1.5741012459554771 114 83 15 0.93115644407293774 76 16 52 23 46 15
3168 -0.75370817543689095 2.0882732399313948 1.2423914202581705 106 0 0 0.089357410214544547 54 247 8 270
3169 -0.28334938267282628 2.7935165916302176 1.2488925269781264 27 19 16 0.17866566644055623 54 234 8 272 47 238
3173 -0.59453792398176231 2.8457193867796819 1.3125261368046783 122 123 115 0.093827813973843988 6 382 8 324 47 299
3988 -0.92493365560428875 1.6173919350092514 1.3188063579311475 255 236 81 0.36450945767663379 32 1117 30 869 77 719 2 738
3175 0.63667503996953867 1.8283729672753524 2.7953100047063 233 218 182 0.13990662424984732 54 417 8 414 42 595 34 723 5 766 90 688
3178 -1.0746128521293523 2.4330387145642756 2.0761121017548767 222 209 172 0.24645131815388144 6 617 8 628 25 432
3181 -1.182404513253474 2.4884593387501859 1.9885610251381227 123 122 109 0.23485761270948405 54 321 8 640 47 649
3996 0.84366824833104137 1.13237921857486 1.2764047386885553 0 0 0 1.5270612405841837 32 1207 30 992 52 819 46 827 77 887 2 912 37 535 1 779 38 452
3183 0.013613017847422391 1.7029849184237034 1.8498737288306932 137 111 31 0.35377242881709609 54 731 80 435 8 725
3184 -0.018163209034093714 1.826350533194038 2.7214309706127935 0 0 0 1.4646885284213145 6 746 8 758
4579 0.45122165908765544 1.8848298204967653 2.7282759838717663 227 211 173 1.3125169242380905 93 832 69 643 23 746 40 531 81 643
3185 -0.21189031074855252 1.9718973106719093 2.6420625421397399 110 77 66 0.48574280281151311 55 563 8 779 42 864 72 892
3189 -0.79804603915315575 2.3617140918600157 1.3701973970687711 93 110 144 0.57049506967313224 54 279 8 832 58 999
4068 -0.401712360155006 2.4663498572557003 1.3288759036103521 25 29 41 0.15968800951292386 76 396 52 398 82 388
3197 -0.62978063243840754 2.2478106087064904 2.3074536455481485 213 197 160 0.51778874313031864 54 1001 8 1007 42 886 92 556
4076 0.29573685830979679 1.5903443358052978 1.3898432158094991 7 8 12 0.49210826479613151 76 498 52 500 82 457
3199 -0.8122288275689169 2.3137288426373064 2.2166936190746087 211 197 161 0.40075740651851066 54 1011 8 1019 42 897 34 984 78 1189 5 1051 25 1209 44 1020 47 965 100 1033 90 888
3200 -0.026707108926772458 2.7816393011165967 1.3235965050997982 0 0 0 1.0892934888889247 54 1090 8 1101 42 1054 6 1156 58 983 34 648 92 988
3857 -0.67191839443574464 2.2429159361233886 2.3181593665125009 77 66 60 0.33835515780316705 54 815 8 820 34 832 5 542 25 919 5 974 78 1095 44 685 100 700
3203 -0.066451542688758372 1.9724535847471416 2.6150266949732126 228 213 177 0.77411915729431557 54 1139 8 1152 42 963 34 1070 5 1050 92 940 78 1241 25 1262 44 1041 47 1076 100 942 79 964 39 911 28 863 90 913 14 789 60 944 20 844 15 1103 81 758 17 914 74 945 35 795 40 750 68 837
3204 0.63510597086564191 1.2780799518872032 1.3686723528126865 123 110 32 1.1621072291185142 54 1201 8 1211 58 1213 47 1115
3861 -0.50513564134294531 1.481909167491525 1.3473584900177848 255 241 72 0.087121047876741797 78 1014 25 993
3205 -0.28229009765569346 2.6712672967614313 1.2341144771195462 62 47 46 0.26848084473992234 54 1210 8 1214
3208 -0.91423657811317471 2.6201295596223395 1.7141161758341368 128 123 108 0.50325102440406888 64 1009 33 816 8 866 33 596 80 309 54 612 58 620 21 665 47 831 67 811
3865 -0.40421942931981164 1.3132314230330571 2.3192476462092659 112 71 52 0.29215539451563904 78 1292 25 1301
3211 0.94912768625568245 1.2589545150417043 1.6011368672282456 212 123 22 0.18238785011540143 55 98 42 5 88 27 34 9 78 6
3212 0.46892699118611164 1.0584371946924087 1.4355841649691345 188 200 228 0.29662120534694969 85 41 42 33 78 460 25 459
3869 0.2547907515787548 1.9615037391767309 2.1793869792361642 240 211 158 0.75057851349216687 78 586 44 182 25 565
4895 -0.94764176059242733 2.2367679933981974 2.2743466496637845 147 99 74 0.19838627287424088 39 351 28 107 31 134 53 135
3214 0.72135133848530841 1.7078080593762668 2.9419892211536038 130 121 101 0.1034433397598267 85 39 42 84
3220 0.34474936162270708 2.5598684946992827 1.6113251660490628 76 56 50 0.14026438751154313 54 482 42 430 88 470
3941 0.26127268929726349 1.3050372061956479 1.8453455589758709 158 131 48 0.085271956935166718 32 431 30 31 76 39 46 38 77 38 2 29
3221 -0.10449131282542259 1.4869927090003805 1.7778752900691437 114 74 16 0.48070249089563744 85 167 42 432 44 400 100 401
4378 -0.61587753834184766 2.997620683943425 1.0730094765456872 0 0 0 0.098384252491188387 58 1112 67 1008
3228 0.32260106515989306 0.84463398970722481 1.2488543650556971 101 82 15 2.0749249843393827 59 6 42 545
3949 0.4935108319568518 1.1179459081779108 1.3508764053095867 36 40 47 0.13920677687120472 32 417 30 389 46 7 77 3 2 4
3230 1.0104449667482556 2.3696459199028581 1.8186485824840715 103 72 60 0.40664136723499961 55 821 85 649 42 562 43 718
3232 0.65047615452474949 1.7055806091119987 2.9759906009052943 70 50 43 0.50404125571369396 85 598 42 590 34 757 5 805 92 670
3237 -0.69559451962661756 1.8536666343721739 1.7366584700631174 254 216 63 0.53388172033039427 8 791 42 725 72 282
4052 -0.4602114477707373 2.9081403208604271 1.1813231899034184 133 90 66 0.17791104729306334 76 248 52 266
3240 0.42340458439266182 0.92840630118083645 1.6782749369528349 150 134 41 0.046803839570504407 54 870 42 788
3897 0.53706915321958926 1.7172212645170344 2.9224871105865593 150 100 73 0.2269127274959041 25 889 78 903 44 813 100 966 79 973 39 831 28 785 44 967 90 830
3244 0.25322924188747054 1.6872172862597128 1.8051476828519093 158 119 34 0.36586490680296829 85 831 42 818 88 858 72 902 34 903 5 620
3901 1.0495679415379169 1.2267439982498924 1.6822840043232064 110 0 0 1.446629835486249 5 983 34 848 44 858 39 763 90 732
3251 -0.62118120719183845 2.1911949427097364 2.3454430329844769 69 47 42 0.52436910763745126 54 997 42 884 34 980 5 975 92 560 25 1099 44 698 90 353
3252 -0.68998800284669859 2.2552878998056864 2.2659316967056355 211 196 159 0.49079409165565563 54 1006 42 890 34 981 5 968 78 1187 25 1206 44 1023 100 915 79 950 39 904 90 893 24 626 14 643
3253 -0.75009769614743405 2.2874656092802801 2.2433209399110354 210 195 159 0.35693388648329394 54 1008 42 894 34 982 5 969 78 1188 25 1207 44 1022 100 1035 39 899 90 890
4410 0.34681348588959682 0.7617660698925699 1.8486053787477643 113 48 1 0.25960876964858776 51 490 7 1 18 13 69 246 3 327 23 655
3262 0.30556345169047239 0.92546409748369773 1.6961377925833281 183 193 221 0.20088933374775858 85 1028 42 1036 88 946 5 1078
4641 -0.080871010417017899 1.3859894603037901 1.8955890211025628 10 11 12 0.12138682126507305 44 878 100 888 79 913
3267 0.38949180271519918 0.90418623529980746 1.7304366249759424 153 136 45 0.25416740321013687 6 651 33 616 80 605 54 639 8 653 42 554 55 535 85 581
4432 -0.34466020599987668 1.6533220233558126 1.1870853782936392 254 235 64 0.1109470349717548 51 21 7 444 3 13
3268 -0.034173464276761066 1.7441314473284393 1.7539885344015491 171 138 38 0.25836002103416483 80 685 54 743 42 675 59 788 85 674 55 456 34 681
3925 0.20031836889646065 1.5117424989143535 1.4583514154266382 57 45 44 1.0670109337307838 78 1298 44 1145 25 1327
3269 0.86981350982286376 1.1004388037012751 1.9168304704198318 0 0 0 0.8040047163156776 12 1332 27 1150 63 1178 55 1093 42 1117 85 1117 34 1196 5 1139 78 1253 25 1277
5676 -0.17035240961449258 1.8937038665252814 2.2302700855831028 123 113 122 0.77157452215709366 4 786 71 945 20 971
4959 -0.097542768537047644 2.0065031584014545 2.5730781755761458 117 77 56 1.022022865067568 25 392 78 393 44 534 100 545 79 266 39 425 28 545 80 904 54 944 8 963 92 754 47 935 31 575 53 680 90 557 73 519 24 415 14 427 62 333 49 250 68 580 61 195 61 739
3278 -0.69771918217757023 1.7670555359804501 1.0809137668627642 253 215 69 0.024987860946411689 33 251 58 217
3283 -0.93275257509534648 2.455258467936142 2.0126283838840235 64 68 65 0.23338711583363869 8 341 58 331 67 359
3284 -0.93313690372592706 2.4544976100113964 2.0121727606026396 64 68 65 0.22116607526545984 8 342 58 332 21 630 67 360
4005 -1.3385569026773694 2.3732096362159423 2.1488971709734699 145 102 80 2.0384098070865142 16 1331 29 994 36 988 91 1034 59 1453 55 930 85 1008 80 1123 54 1116 8 1170 58 1113 88 925 72 841 6 1170 34 991 5 1108 43 639 92 907 78 1247 25 1213 44 886 16 1092 32 1050 99 1013 56 984 29 622 36 641 91 633 21 1106 77 773 2 676 67 1009 81 734 40 483
3285 -0.96957285458410547 2.4398184306401407 2.0577994615278237 194 181 148 0.071181452218414917 8 344 58 335 47 327
4442 0.034793007820365388 2.3566376121095272 1.6322778659092549 58 36 4 0.045703839576302821 51 586 7 542
3294 -0.014003175704670584 2.6883008807627582 1.4872863368743756 39 35 39 0.40251152498329879 80 743 58 564 43 509 92 545
3296 -1.0119866014963013 2.4099063063154689 2.10291759321992 225 211 175 0.093596159935120854 8 620 58 607 21 631 47 637
3953 0.30844932241938594 1.4748462033831435 1.3773157586122871 68 72 70 0.27942754197789771 32 439 30 402 76 32 52 37 46 356 77 355 70 20 2 24 57 28 37 28
3299 0.4609352869327496 1.0709053738649652 1.4268394998711031 120 135 168 0.38104077344297033 8 654 58 643 47 358
4464 0.34756964254527994 2.04106939062441 1.9354692203333801 119 95 23 0.17484264063009683 51 899 7 792 3 799 65 540 50 503
3300 0.63137255626770183 1.2119273334887395 1.3647350038050605 116 103 30 0.4646329361417938 8 655 58 647 21 705 67 681
3301 -0.51884831997431557 1.5144034542638249 1.4001847377603742 254 233 77 0.33765498371570429 54 951 58 714 21 427
3304 -0.6657362545834552 2.1124848058657522 1.4606980059998083 190 153 43 0.11979378337477235 8 805 58 781 21 799 47 532
3961 -0.93107700960355155 2.450488171843785 2.0247831484045165 62 62 55 0.24435242150786127 32 665 30 504 77 208 46 205 2 490
3308 -0.71461980230012911 2.6557977728209488 1.6483490587762668 80 83 78 0.1424604352080949 8 840 58 834 21 853 32 719 67 604
3310 -1.0970820154445147 2.3449504905102425 2.2025741586829399 35 30 27 0.38005349808488453 6 843 58 841 21 842 43 239 67 797
3312 -0.83084306078193815 2.6948255769501861 1.5999926885958196 108 110 101 0.082586629688986432 8 619 58 854 21 878
3905 0.11087931554820893 1.9894875001019745 2.6387729000372246 234 215 176 0.34714332986406227 25 900 44 924 78 913 100 803 79 853 39 661 28 594
3315 -0.65735223570583334 2.8486327235995943 1.3307165836148327 121 124 116 0.07443826944581218 8 847 58 864 47 810
3316 -1.1597952491424484 2.5538359964891479 1.8664984245479537 191 182 155 0.13616681003053341 8 883 58 887 21 890 47 854
3909 1.0094955172254849 1.2576145758273809 1.6667364677994476 16 16 0 0.92996485988615563 5 985 25 934 34 993 44 992 78 950 39 761 31 745 90 900
3317 -1.1591983898516656 2.5540647361385909 1.8674145956582613 191 182 155 0.1105569829544573 8 884 58 888 21 891
4474 -0.66587981292726917 1.8061833451128355 1.1653887756680119 151 87 13 0.38304571418023919 51 1040 7 900 3 836
3913 0.14658517147434319 1.9747922982483752 2.3621694766480612 229 203 155 1.1173239556454468 5 714 44 1027 28 751 31 767
3917 -0.10748664697815888 1.9451305904698519 2.6508506139536299 109 75 60 0.28834302716441151 25 1199 78 1179 44 1043 47 1025
3326 0.48173039425299324 1.1242386526634176 1.3548008874532309 26 28 32 0.82622482463507418 8 904 58 1039 21 700
3328 -1.0372729902045461 2.4215428753890662 2.0919842682132286 226 210 172 0.07974681229634957 8 1123 58 1105 47 1046
3329 -1.1928397852730523 2.4327647629639002 2.0791717430310603 227 212 174 0.48325743476872673 42 913 58 1109 88 804 72 714 44 658
3760 0.48190457405367865 1.0754935444027736 1.4113761240994682 188 200 229 0.28249944121762666 22 1210 43 986 92 1056
3333 -0.84707234343724525 2.1203587213140538 1.4968281046524852 217 173 46 0.28579480100604804 8 1195 58 1183 21 1173
3764 0.13920093679522141 1.5432763417177495 2.3781032471029997 221 202 164 0.45491066155175219 43 1032 92 1101
3334 -1.0124910263951072 2.3274973462179105 2.3270129334031808 156 112 91 2.2517411957487923 54 1193 58 1186 5 1135 81 800
3336 0.46684613946788683 1.290952140678894 1.7667273923172551 0 0 0 1.4011612431265963 8 1173 58 1195 21 1186
3337 0.46684613946788683 1.290952140678894 1.7667273923172551 0 0 0 1.4011612431265963 8 1174 58 1196 21 1187
3768 0.080325656457675906 1.9034992886789792 2.73014981481426 63 44 41 0.88127694976213422 80 892 54 931 42 844 88 735 72 759 34 967 5 972 92 612 54 748 72 623 78 1174 25 1191 44 1047 100 1100 79 1125
3338 -1.1630497847105159 2.5952158929964906 1.6848968101492701 0 0 0 0.13075863777680899 64 1314 85 1112
3341 0.043263093902164346 2.6835148132534088 1.5137502681544819 80 89 91 1.6309730361345292 54 971 42 858 58 1177 33 1191 80 1150 43 980 92 996
3772 0.46498372456743176 1.7038805478457353 2.9093063020208954 165 119 97 0.88996014700776271 85 930 33 998 80 1088 54 1132 8 1143 88 837 43 960 92 1031 87 1114 11 1325 93 1141 51 1104 7 805 18 1209 69 928 3 692 23 1161 81 841 40 775 96 923 86 728
3344 0.9521219095656569 1.2636303834464742 1.6032688912854429 212 128 32 0.060143016538522387 42 4 88 26 34 8
4227 -1.299940549779854 2.4493163745305004 2.0626248695641838 112 107 89 0.15979575351834044 30 280 77 245 2 285
3345 0.91482934550733175 1.2751166613507765 1.5893008525884416 190 94 26 0.22324697439598243 55 105 88 37 72 260
3712 0.76328009948125686 1.6604300213836005 3.0245838802012743 103 70 53 0.96772420774676626 54 677 42 574 58 670 34 935 5 964 43 800 89 1041 95 920 41 949 22 863 13 824 93 891 72 809 92 896 78 1069 44 1049 42 807 51 922 69 738 3 475 100 1104 79 1131 39 969 28 913 31 890 53 981 90 921 66 1151 10 1086 71 957 94 806 81 717 40 647
3349 -0.92191739014852314 2.269295576160709 2.2936823414410266 146 97 72 0.16925749738028406 55 180 88 230 72 10
3716 0.64367723592996962 1.6630677410314245 3.0101009120492201 157 105 78 0.6516361208682262 22 1103 13 1016 93 1091 43 893 54 894 42 809 34 1044 92 963 18 1083 11 1046
3353 -0.13881298927424368 1.9867429885463879 2.5975407071158654 148 98 74 0.10443709862753672 85 450 88 448 72 323 43 311 92 353
3720 0.27624363547480768 1.9078971673777214 1.408951371421745 23 24 25 2.3608838782676518 41 220 95 184 43 87
3354 -0.2276589919960248 2.0020780293862268 2.5916928681036229 51 34 33 0.125579526925607 42 211 55 95 88 454 72 65 34 298 43 93
4245 -0.72331410295830989 2.3064121192451505 1.2983903982993128 111 99 30 0.26456011485571657 46 395 77 413 2 150
3357 -0.81515291372827414 1.8810718294155888 1.7340057055895153 252 230 69 0.1780472459450905 42 729 88 505 72 278
4750 0.74821356682432061 1.7228776053017938 2.8702497696714562 235 219 181 0.27788411305248045 100 848 79 880 31 690
3359 0.5404496295489839 1.0123764216449265 2.0714236155869505 254 209 60 0.32812267673367002 27 608 88 538 72 670 95 708
3360 0.36625493891896072 1.7727892456726866 2.7745377863186702 147 99 74 0.3099789320670906 33 677 88 553 34 785 5 804 92 644 43 394 81 529 40 410
5059 0.9778555902865731 1.2580585213945443 1.498596148005632 255 253 72 1.3303409219412214 79 897 100 1000 53 885 66 930 10 914 71 472
3361 0.26353836989318796 1.9567739712953967 2.6306358492188426 231 215 176 0.28975133438108863 42 660 88 575 5 779 34 781 44 781
3664 1.1450258479957736 2.3250857890107599 1.8310316386469072 0 0 0 0.36097422066594564 6 935 21 940 67 716
3370 0.6835518737680486 2.4352735218751409 1.7808872528654998 90 58 46 0.10286607078316183 12 1264 88 747 72 796
3375 0.053374558223783307 1.7006532491123698 1.7577946548641958 0 0 0 3.087817329165405 12 1211 42 830
6098 0.29926738709287892 0.93476654084020139 1.8652105368696295 123 102 26 0.52601791502363937 15 657 17 662 74 611 35 531
3376 -0.35771201945404452 1.9245889575150188 2.5837374240101436 0 0 0 1.1106171039797661 6 1048 88 871 43 942 92 1012
4259 -1.1283362746826087 2.5836026768742477 1.81193925088091 191 181 154 0.070685525570684568 30 544 77 512 2 540
3377 -0.49161429146636604 1.5336439300414697 1.3546579405353982 255 237 72 0.097999227184996859 85 963 88 892 72 871
3744 0.93770512536348805 1.1261717907677793 1.740815923060528 241 222 180 0.15828458331115236 43 732 92 788
4277 -0.61159562849808446 2.750848364999348 1.4975343171844704 98 101 93 0.21330592278245422 30 702 77 666 2 700
6105 0.26535220849048896 1.6270983828374994 1.4038643114429024 21 21 24 0.65939613761511939 47 900 17 854 74 798 35 724
4782 -0.37933875122432281 1.6443394784030709 1.1293126942881524 0 0 0 0.67244520285421117 25 1225 79 1086 78 1202 66 1023 53 934
3391 -0.048355109947923615 1.9492507050193213 2.5972624741356922 227 212 175 0.62411950271170824 33 1151 88 1003 72 984
3392 0.17669475453258399 1.708860370723958 1.7845050337455761 156 125 42 0.37946417280490102 55 1068 88 1005 72 1048 34 1116
3393 0.17514546755840324 1.6947015281381128 1.773024818623673 156 125 42 0.29918100248032403 55 1069 88 1006 72 1049
3824 0.34829249738705725 0.84654890850696229 2.0073628836262585 255 252 66 0.080715813971272685 78 104 25 101 44 205
3397 0.44843622561053625 1.0690800004040371 1.4568306285621464 19 25 34 1.0685114463598744 6 918 33 864 80 846 54 878 8 907 42 790 58 646 88 711 55 751 85 798 34 862 21 699 43 694 92 745 44 575 47 667 100 330 39 463 28 457 90 491 17 385 74 365 35 3
3828 -0.03236472586448412 1.3455935416665634 1.8593584550921758 202 147 34 0.20464939585757158 34 718 78 760 25 550
3401 -0.34184094377446977 1.6508050320612571 1.1864922352831115 255 238 63 0.2340399137828432 88 227 72 35 43 15 92 13
3832 0.34870268987177072 0.93213666416914143 1.7205100858369917 128 99 22 0.056696276755513253 78 702 25 690
3402 -0.17556157088861948 1.9735025465669946 1.544010332746715 112 70 16 0.083118188101326221 88 204 72 61 43 49
3405 0.09305255374425557 1.6634875509078213 1.4774240297540984 103 86 21 0.4208713359386001 33 130 88 461 72 95 43 68
3836 -0.64591615738676811 1.5448822526021213 1.3545396299194681 255 243 69 0.16387661950371729 78 1033 25 1009 44 569 100 585 79 646
3407 0.24415855987704632 1.8250004676980842 2.7799176538723467 44 33 34 0.2458420015225635 42 424 72 109 34 521 5 538 78 630 25 614 47 120
3409 -1.1084218117215194 2.3767965387849004 2.1788267517776987 207 196 164 0.056474329349801705 88 512 72 269 43 236
3776 0.61039094252151138 1.8468262374951225 2.7671129601583417 132 125 109 0.15640700219902168 5 246 78 267 25 288
3424 -0.63249890190083624 1.5802746454371961 1.4949843247014165 253 235 70 0.71895865269198656 88 897 72 554
3425 -0.58803013596130194 1.6065651368107481 1.5722460390270532 92 86 96 0.95400020115365114 88 791 72 561 43 235 92 276 42 710
3732 0.61736760267984125 1.7564463333835549 2.8627623484754614 237 222 185 0.15688313371581333 33 61 92 251 90 258
3433 0.65397617335582658 2.3927241434927549 1.9130340473317908 220 204 168 0.14881105606076445 27 741 72 662
3736 0.4788735418083151 1.0524029036393898 1.5242638630933534 91 99 121 0.038243541026388751 43 548 92 350
3437 -0.13535116631729477 1.8087576148513353 1.6409923451122583 197 165 50 0.14775000079303202 88 773 72 746 43 669 92 727
3740 0.58164665462659126 1.0504453965213114 2.0166381904121575 255 220 60 0.19641569500622816 43 589 72 673 92 641
3439 0.10259164520914954 1.9723682309915378 2.6447412154190753 236 217 176 0.133027091771485 88 740 72 760 34 961
3440 0.51780818928619488 2.2688791666642936 1.6247805063012251 102 67 52 1.4245334715431803 88 754 72 787 43 538 92 581
4323 -1.2122867972192723 2.4367045971272105 2.0325967703185817 228 214 180 0.11044379982675434 77 478 2 504
3441 1.3374381615344553 2.2475647116543711 2.0159619949421757 147 101 76 0.51790233842744027 13 934 80 645 72 834 43 767 88 687 69 815
3808 0.6583873482963164 1.1444561070564316 1.2943642157407771 145 128 37 0.57684279550481554 34 1094 78 1119 25 1128
3445 -0.25674506937800062 1.9183083307200735 1.5073652561137691 12 13 16 0.31265295024963657 88 881 72 886 43 667 92 718
3812 -0.30024867862363475 1.8215028440798884 1.7299786935468739 255 220 64 0.66260488696974873 34 1132 78 1224 25 1166
3450 -0.63256280490974903 2.0700244200523255 2.4119492265475713 107 73 59 0.18228868563195774 88 975 72 956 92 921
4341 -0.30367024411019489 2.8066480424664917 1.2436492596150432 110 77 58 0.23384099183507367 30 555 77 500 2 511 46 269 77 257
3453 0.063423799444036866 1.6861188669825908 1.4994193882865732 102 78 20 1.2155435480967296 85 1043 88 1008 72 986 43 672 92 729
3456 0.59533326039928236 2.4997228180944311 1.5545020252729038 0 0 0 0.43564148437116301 33 1105 72 999
3601 0.40960274845242983 1.3162983978619125 1.402044534846185 103 71 58 0.96586942794733344 34 1165 5 1062
3459 0.65041935920060523 0.89201362175627974 2.1503607897091679 243 195 57 2.8267042799905187 80 1171 72 1076
4112 -0.66066869328555522 1.947942968914913 1.5963571905411569 145 104 21 0.24008927418254364 30 112 46 73 77 77 70 70 57 268
3461 0.55144193924408103 1.0085173416279396 2.0763288686224439 222 161 36 1.9171699040974632 89 798 95 709 41 715 22 609 13 582 72 671 12 580 27 609 63 610 55 330 89 504 41 414 27 373 63 389 88 315 88 537 22 131 13 150 72 382 43 175 43 717 92 214 92 777 93 786 69 404 81 430 40 336
3464 -0.25101136904622612 2.8852047260315508 1.2197639443153201 0 0 0 1.1050042412996171 54 1097 42 988 72 887 41 1200 55 988 34 1017
3609 -0.93511869227803679 2.3450139797222538 2.1623848180145369 218 204 165 0.32465908871081017 34 1151 42 1022 5 1106 78 1243 25 1264
3468 -0.23137926873998446 2.786720770011665 1.260239241380408 53 40 36 1.0360010809675979 6 1100 80 1112 54 1146 8 1104 33 965 58 1148 72 970 85 1070 88 982 21 1094 55 862 43 842 67 908
3613 0.71877913272564864 1.0568789103841763 1.2810871953433844 239 205 64 0.83487298087037409 34 1193 5 1136 78 1248 25 1270 44 1141 100 1137 79 1159 39 1029 28 952 31 897 53 988 90 1010 73 1015 81 848
4639 0.84627744233412405 1.1526387931557052 1.368072596406652 255 252 73 1.1933012330494217 44 978 100 858 53 872 39 851 24 850 66 916 62 941
3470 -0.7258415307934496 1.7090404694080297 1.1081550960269646 254 235 73 0.99495298542235666 97 786 84 759 87 794 11 984 48 1286 59 1445 12 1201 64 1238 89 969 95 843 41 866 27 1006 63 1038 22 745 13 943 58 1080 88 807 72 851 54 987 8 975 43 834 92 903
3472 0.60972642193082027 0.95253966818892366 2.1130994309907938 151 90 24 0.60877946172763153 42 31 34 103 5 642
3681 -0.13537650899744166 1.7926129411278537 1.6819495990455913 128 102 35 0.13528914495799663 13 323 43 280 92 66
3474 0.045451894246179445 1.2056795205051019 1.8323890863452239 116 112 115 0.083978920363743811 42 130 34 166 5 181
3475 0.73541159344536255 1.7217442707719772 2.9266357844930533 235 217 177 0.30155139277819532 42 82 34 202 5 270 92 509
3476 -0.17421587116550669 1.777148687249958 1.7368453543201599 144 113 40 0.54289040452459336 88 475 34 203 92 307 43 281 78 160
3685 0.61227792115629021 0.96129292727437299 2.1249518464000903 143 93 32 0.12987264531446621 72 413 43 438 92 225
3477 0.66436681168772538 2.1466000791682105 2.9069351422135918 226 210 172 2.5396245832791431 42 127 34 204
4122 -0.030040962317200263 2.6452634743080767 1.6725542438457393 2 3 5 2.0740255104684389 36 896 46 215 77 198
3480 0.18275411325064714 1.9492992615722682 2.680568360557293 215 200 161 0.15493773545909728 88 119 34 256
3482 -0.64030105087326439 1.8215017874984216 1.7810740007682631 254 238 65 0.18989457353935327 42 253 34 279 5 224 25 300
3484 1.0419500861426909 1.284043623551711 1.6135866292788974 193 140 42 0.14044080768946335 42 323 34 332 5 313 25 451 78 449
3486 0.58474347394938009 1.1385950541096417 1.4439678524980823 151 122 30 0.15951477154479451 42 26 34 359 78 12 25 10
3488 0.28373538270882864 0.89750185114796954 1.7438691632987691 72 71 73 0.28511596608168238 42 52 34 431 5 444 78 70 25 58 44 409
3633 -0.35757465948699058 2.8170439867227626 1.3045180852251208 25 19 18 0.3595557717056368 58 308 21 295 67 337
3493 0.92470610204283543 1.2142748239020782 1.7270614208039872 255 230 67 0.21181412448218204 42 523 34 576 78 679
3796 1.0020407691845441 1.2443301670294751 1.6654022773655124 1 1 0 1.1761774023876557 5 984 78 949 25 933 44 991 34 992 39 760 31 744 90 899 81 806
3497 1.3996906189940403 2.8453276530418212 3.6239006608171751 233 219 182 0.35637975602311889 42 580 5 749
3800 0.62382325138152417 0.75651380237128218 1.94039103790694 255 237 74 2.1886853146798853 42 770 78 971
3500 0.67147934408922316 1.8624777009666149 2.7389368337635331 232 217 179 0.083193379394502928 42 592 34 695 5 737
3645 -0.34097639227545412 2.8003152605805175 1.3142626484756066 56 45 46 0.14656975761303334 58 594 21 627 67 578
3504 0.39658883638183695 1.9387141936790888 2.6969382222932565 229 212 175 0.0074920552209230273 34 760 5 774
3585 -0.16574288374266044 2.0337827997515721 1.3631680467821161 162 174 203 0.25704092645492266 34 906 5 858 44 563
3507 -0.64276988714894212 1.8035001311320278 1.8597528409907749 74 52 12 2.1141991971250511 8 223 34 821 5 761
3508 -0.63778981994292172 2.1137260932632147 2.4002534196229464 106 73 59 0.27057071940873767 80 748 34 834 5 825
3589 -0.5163316608745786 1.584903811976982 1.2723151805342381 255 241 74 0.24211859616731432 34 930 5 881 78 1006 25 983 44 827
3509 0.51346310410258655 1.0606862576433298 1.4361328640767275 107 87 20 0.67171652593078457 63 816 34 858 5 838
4154 -0.10322588266702754 1.9783072485811566 1.4417221876601767 245 205 65 0.53630789006100754 30 776 46 537 77 589
3512 0.35016294531980113 1.779139406112161 1.7729529640179746 217 201 164 0.6451014855523024 42 410 34 893 5 603
3593 -0.43668390960330661 1.6584822141992581 1.14808819953089 255 230 71 0.29731171025103104 34 1022 5 997 78 1133 25 1141 44 975 100 986 79 982 39 916 28 870 31 811 53 867
3597 -0.50585515466834441 2.1932176884443573 2.3515450090689951 221 204 165 0.10310272103531713 34 1083 5 1045 78 1182 25 1201
3518 0.20304082141939298 1.980322295104286 2.6119974955233918 238 218 175 0.38531693299519193 88 734 34 954 5 955 44 915 39 656 100 793
4897 0.46219620514811488 0.83507228866143246 2.0592968816299528 255 248 69 0.10903302479186361 39 97 31 130
3523 -0.19240794658002339 2.0933545670065574 2.4858528999205602 215 198 162 0.49452747973922534 42 867 34 1073 5 1042 78 1083 25 1082 44 1033 100 1044 79 960 39 908 53 925 90 971
4176 -0.64439197609581822 1.5380979090719744 1.196571822134862 252 2 1 0.5986757315696738 52 746 46 701 94 617 9 914 82 595 26 571 50 542 65 571
3525 -0.38116792904926716 2.1521436698866294 2.4068746014630871 220 203 165 0.13582237725380603 42 987 34 1078 5 1043 78 1177 25 1197 44 1101 79 1051
5932 -0.32630957559402524 2.2710974459241355 1.4536467671521598 16 9 5 0.43528674546174523 83 67 26 407 82 372 50 397 65 423 3 411
4703 0.059604329124727067 1.5728782814120157 1.9464143280018538 93 90 100 0.10941923129537605 100 441 79 461 39 59 53 325
3534 -0.11813715612307733 1.7167754245209457 2.1400810094782581 25 24 27 0.81193276534958547 42 1051 34 1184 5 1130
3539 -0.92224706528509903 2.2068379486020406 1.9036904689148433 26 29 37 0.76700173295515095 42 1147 34 1225 5 1174 78 1319 25 1347 44 1174
3540 -0.71536042353024409 1.6105068047687221 1.2777137221852699 254 228 70 0.24812296234232925 80 510 54 539 34 510 85 725 6 790 80 732 8 774 5 450
3749 1.0819412745049406 1.895221341667926 2.568822456429706 243 224 182 0.070005774409483412 43 817 92 877
5931 -0.45141631305692759 2.3148326632493443 1.3971624492420103 3 3 3 0.38634567725694979 3 407 26 405 82 370 52 385 50 395 65 421
3541 -0.79900573111243667 1.6474146627230446 1.2204019533568211 255 236 72 0.66642445565630315 27 990 63 1010 55 955 85 993 6 1078 33 1048 8 1098 42 1008 88 920 34 956 33 955 80 1050 5 899
4186 0.32883885317746292 0.77421990477821134 1.8577811032806901 128 105 28 1.1591108754983037 30 1012 46 825 77 907 2 924 70 590 57 624 37 565 1 818
3550 -0.31393171467298719 1.8252848257874041 1.8206683540365607 41 28 36 0.69437131547029141 34 506 5 189 44 401
3552 -0.9384134317928845 1.8996518683829964 1.4954562930965725 125 1 1 0.69512149813517243 34 822 5 199 78 1066 25 1052
3555 0.56478157787824101 1.7065161258988568 2.9405795081603783 77 52 44 0.13520520580096032 34 241 5 286 78 346 25 353
4208 -0.72511661479974554 2.1758908583045158 1.2268338000212395 115 92 25 0.081945664338474986 46 83 77 92 2 124
3556 0.016113137366216543 1.9371931499499957 2.6678402381640978 231 216 178 0.25757820449967578 34 275 5 292 44 538 100 259 79 275 39 429
3701 -0.30090134277864528 1.8692513296921136 1.8379845189010895 50 36 36 0.21842298336978891 72 966 43 930 92 998
3557 1.1328055338863132 1.2661632607978905 1.6234423111134635 255 237 73 0.052595197437730681 88 0 5 310
3560 0.51894734278211363 1.1037532383707425 1.3698056807751866 69 69 73 0.11620344831025979 34 355 5 321 78 7 25 5
3564 -0.31798144708174969 1.8259993449193164 1.6587971336351843 247 200 60 0.17110738281584895 34 495 88 488 5 465 44 52
3709 -0.25699962364798623 1.7835326651939076 1.7471813533494351 245 195 59 0.38255152005773624 85 854 42 967 34 1041 27 812 63 998 55 799 88 775 5 920 43 507 22 569 13 537 92 551 92 724 78 1153 25 1165 44 1002 100 1013 79 1017 39 757 90 706 28 469
4735 0.28297701252233587 2.1954029696481325 2.2122474652812714 243 213 163 0.75635757006475846 100 687 79 758 39 543 53 622 73 441 66 736 24 646 14 407 71 436 4 345
3566 0.31625198937627319 0.70944060743313764 1.882869971297229 255 250 79 0.21455407581500319 34 442 5 479 44 464
3568 0.24670326233949758 1.8334001270476721 2.7843892460117723 48 35 34 0.24673232016208219 34 522 5 539 78 631 25 615 44 301 100 560 79 621 39 171
3649 0.64230726561566154 1.1466694363004857 1.3350257299232879 119 105 41 0.31236620668577675 8 895 32 797 58 640 21 695
3571 -0.82923844454997497 2.2049860817493507 2.3390648475771174 106 72 59 0.21092754649295048 34 561 5 552 78 661 25 643 47 613 15 637 60 545 17 618 74 559 35 242
3572 0.49468450827342486 1.1019622094192096 1.3578103632868535 47 50 58 0.51764777742461887 34 584 5 564 78 673 25 658 44 554 100 325 79 0 28 237 90 482
3653 -0.69375038338453465 1.7477429172655239 1.0791417963100438 106 84 18 0.084244159929055179 58 750 21 759
3573 0.49832505693091611 1.1120533353070303 1.3600276954652089 47 50 58 0.11241599974694776 34 585 5 565 78 674 25 659 44 555
4218 -0.62613289962031959 2.5670510090369172 1.3368757078575122 68 58 11 0.19466902118479759 46 178 77 181 2 208 70 122 57 152 37 114
3576 0.89335541051319778 1.7608079254571349 2.9123770274445642 232 218 181 0.001127814983776895 34 674 5 750
3657 -0.53926840287309441 2.8067409397168039 1.3835064684809815 86 95 93 0.19351579373719568 58 833 21 866 47 795 67 792 1 601
3578 0.069177643009646295 1.7967875584391844 2.3818199884022371 229 209 167 1.1768047919506432 8 745 5 770 78 1165 25 1180 47 494
3579 0.4498496215997429 1.8934733111070472 2.7091925186129759 229 213 176 0.20118649035318517 34 750 5 771 78 867
3580 0.33992931117359831 1.8354995982456297 2.7535801218604141 53 37 32 0.38186220628090706 8 727 5 799 78 619 25 599 44 539 100 828 79 290 39 695 28 648 31 653 53 505 90 675 81 641
3661 -1.1254281558617154 2.5846623609679407 1.813373724375849 196 187 163 0.13264122814178228 58 890 21 893 47 851 8 881
3582 0.27509943779061102 1.7742462585881089 2.7963924752715319 147 99 73 0.19555959390542554 34 796 5 815 78 915 25 904 44 810 100 839 79 874 39 703 28 657 31 658 53 750 90 681
3584 0.9419510386368064 1.2584856468179453 1.5624226650548345 255 226 64 0.72646648324367291 34 849 5 833 44 849 28 722 53 569 79 658 73 283 66 332
3594 0.17579778442857352 1.8810990795520022 1.6758142619735126 207 175 58 0.62338916757122131 34 1010 25 1146 78 1143
3595 -0.19819892362231015 1.8777540638509684 1.533154459352247 254 214 64 0.92853104201955017 34 1123 5 1006 78 1013 25 996
3599 -0.87304191894376726 2.3337027685220271 2.1885940861138669 217 202 165 0.38814558512931846 34 1087 5 1052 78 1191 25 1210 44 1019 100 1031 79 948 14 637 60 956 15 1109 17 931 74 870
4995 -0.47892422620177472 1.4980825791600536 1.4680365132866 255 207 51 0.1135713695276976 28 452 31 480 24 563
3600 0.47126627866605747 1.0609064548575169 1.4077491719663313 188 198 225 1.0056183462599637 34 1097 5 1061 78 1196 25 1217 44 1057 100 1057 79 984 39 923 28 876 31 861 53 939 90 988 73 852 66 915
5013 -0.43576317877477488 1.8667779282036012 1.6892146787832891 255 242 63 0.38264015356867542 28 885 44 1123 31 870
3616 0.039919795408507215 1.8898570271571651 1.5404588638202665 29 29 30 1.6086143750751092 34 1211 5 1158 78 1303 25 1331
3626 0.17524021971408332 1.3720093674809077 1.853009528218388 110 80 20 0.12868426742202921 58 18 21 24 67 31
3631 -0.72526429839016815 2.388451039281779 1.304275577279592 61 58 31 0.10934277742960145 58 588 21 268 47 241
5330 0.46739116616423654 2.3802594275812461 1.7697721838875917 27 25 21 1.7645536918114046 24 814 14 767 62 974 49 1033 68 956
5027 -0.88645682592774777 1.6916182989459025 1.4795451475386838 255 251 65 1.6908562691400419 39 3 53 23 28 7 10 55
3632 -0.72526429839016815 2.388451039281779 1.304275577279592 61 58 31 0.10934277742960145 58 589 21 269 47 242
5045 0.043388270120173579 1.6834068166997562 1.9564808813855528 240 172 41 1.0583960508293866 31 337 53 590 73 624 66 680 24 806 10 944 71 364 4 444 94 655
3642 -0.7018811081895413 1.7298527699668176 1.0992449771245714 254 233 91 0.29741902300534201 6 804 58 746 21 520
3647 -1.089427589031468 2.4147663287401619 2.0928665943196774 114 111 94 0.2239875793560327 8 629 58 615 21 646 67 619
4526 0.45872464007832386 1.7555286913663932 2.8581344893624783 42 22 14 0.082634005563148552 93 238 18 219 69 212
3648 -0.93541413387949601 2.7620909085078216 1.5334487123237233 83 90 87 0.20686260903103401 58 388 21 685 67 440
3654 -0.27944642356269978 2.7529110330143634 1.3255342899259319 78 59 54 0.18225112123079149 58 806 21 829 67 565
3658 -0.73416064324677965 2.7078581877954426 1.5753122071126759 101 103 95 0.17891272571796293 58 847 21 870 47 816
3663 1.2029359911647677 2.2553410661029583 1.99708969128969 50 31 23 0.29566320490294168 32 851 58 939 21 938 30 159
5077 0.85279459049688544 1.2381608293541961 1.5591403469866081 255 222 54 0.6363518258606774 100 343 53 41
3674 -1.2997867405652543 2.4258093157518026 2.081944374784622 222 211 177 0.59557774771011884 32 314 98 414 16 397 99 420 45 406 48 247 59 856 64 728 6 868 21 882 6 1009 85 750 33 984 80 982 8 1046 58 1031 88 660 30 272 2 274 47 986 67 826 17 1015 74 881 35 803 1 483
3682 -0.003612992148020468 2.6934438381095953 1.5301804690081902 80 91 93 0.61564367997526714 80 518 43 282 92 58
3684 0.625610886317856 0.97913815174446339 2.1066410846196146 172 110 36 0.23279376951493766 88 273 43 436 92 482 90 187
3690 -0.58566729768920134 1.5225148304075422 1.3799519535701448 255 244 68 0.052420284863951762 89 750 43 646 92 699
3691 0.070972524706856221 1.6633750513675132 1.486905152413843 86 65 13 0.82559262066321371 72 985 43 671 92 728
3695 -0.60706269863417961 2.9382858700592762 1.0549102017255048 0 0 0 0.25138056316258683 34 1124 47 1111
3696 1.1171394232008727 3.2363069191942642 3.8944351010676486 246 226 183 2.5262760267596631 95 1206 43 898
3703 -0.15194471107517346 1.9653278001605705 1.4535873696769583 251 207 59 0.69938534667687779 5 1159 72 1069 43 1022 92 1093
4590 0.99636459635474606 2.3010832736251916 1.9878514049482836 156 142 116 0.439058176154422 18 1222 69 935 95 1204 22 1117 13 1025 93 1103 23 1121
4880 0.84812865409475058 1.1132337888972954 1.905774224582778 89 56 43 0.23679060697204585 100 1126 39 1022 28 962 31 934
3715 -0.10481332633211535 2.7618352822172247 1.3251733573984177 55 39 35 0.97387135074991937 80 947 54 1091 8 1102 42 972 58 985 43 844 64 1367 41 1309 63 1174 13 1078 55 982 85 1066 6 1096 88 887 72 977 92 914
3717 0.78083171216417491 1.5805422044563546 3.1181838501410848 0 0 0 0.71437902887435178 42 804 43 895 89 1293 13 1020 18 1215 69 743 41 755
3726 -0.25267011721948085 2.116022156364731 1.3796596624657873 87 68 13 0.14086719596343392 43 251 92 34
4383 -0.8657650881848562 2.1296803561671394 1.4824093259799862 235 192 55 0.56968038150648892 46 87 77 408 2 425 67 532 98 310 16 817 99 289 45 327 64 713 6 602 33 580 80 269 64 364 33 282 54 274 58 283 21 590 32 611 30 165 47 555 17 179 74 155 1 416
3730 0.034429539152907279 1.9717312936763141 2.6474878847465781 232 215 176 0.0061102597027092465 88 129 92 133
3731 0.61699803268473519 1.756612822471979 2.8637056176065094 237 222 185 0.1039512486085122 33 60 93 253 92 250
4890 1.4015246287447105 2.1914976711451239 2.0771451758981696 226 211 175 0.85952414842120317 100 670 79 744 39 790 98 825 16 852 99 357 45 1133 32 536 48 1418 97 1011 84 983 87 1196 11 1488 59 1360 89 1332 95 1212 41 1224 93 1157 43 801 72 837 27 745 55 616 72 709 85 383 33 377 80 351 54 345 58 27 92 834 28 761 31 778 53 640 90 743 73 683 24 664 14 675 62 802 50 537 65 485 81 770 68 768
3733 0.75055296047941489 1.7461816047625252 2.8799708913804682 234 219 182 0.062135656143810107 43 219 92 262
3741 0.74663560665288309 1.6943366928007839 2.9768355983505117 226 213 177 0.19845682729987477 43 614 92 672
3742 -0.70771557601799684 1.5637511143676333 1.3271440431447874 255 248 65 0.075563793586084574 43 630 92 684
3763 0.38532477110483959 0.9224151212417967 1.9840751401663981 164 108 24 0.37727148558375401 43 1008 92 1081
4922 -0.42847403185105276 1.6761341587889846 1.6725832752464609 255 244 63 0.27753515529267453 39 481 28 462 31 250 53 566
3765 -0.13658187713556502 1.8052085707271655 1.6869980365428445 135 109 38 0.45274279089966979 88 189 5 144 92 65 72 320 43 279 44 62 90 294
3773 0.40754285129406226 1.0132345260960742 1.5303390000385395 13 13 15 0.085884486221384157 34 58 78 29 25 31
3774 0.11381978841662325 1.8121960051912964 1.6401044033490282 112 78 17 0.33650108277753965 34 118 78 99 25 93
3775 0.07254712575227304 1.6236191164265075 1.8519944960024191 102 96 105 0.18668518001854836 34 463 78 142 25 140
3781 -0.23364967921592061 2.0650849135770293 2.5021382507445216 113 73 51 0.11679329581223959 5 537 78 402 25 408
5164 -0.94118253978670618 2.3464374858392625 2.0111745830477301 19 17 15 0.21694571344368829 73 161 66 199 24 125 14 158
3790 0.89080374290724473 1.0029580680383934 2.023094703292811 0 0 0 0.12329160997452254 55 531 78 698
4447 -0.027281876374578282 2.6408747356981537 1.4816552631241244 4 5 6 1.2209412945275988 51 610 76 431 52 209 7 588
3795 0.83507134992248533 1.1168915051573043 1.3872357963130859 255 248 71 2.0485813211257891 34 846 78 946 90 883
5163 0.36540587963859666 1.7627529207478221 2.0391423676677722 149 136 140 0.30895066674508354 73 374 66 186 24 342 14 379 62 773
4954 0.30566501727805473 1.9243801090919854 2.6990162298722633 221 204 165 1.346507996916481 34 1181 28 945 90 1001 14 939 81 839 40 795 96 968
3797 1.0101115730617831 1.1549184779284392 1.8541488919648081 242 218 65 0.77224032806111198 34 856 78 958 25 674
3806 -1.037175287335689 2.273115002421199 1.7276150711500629 120 112 95 0.44913868203328727 34 831 78 1082 25 1078
4976 0.023792928857849546 1.9646632451984711 2.2169863101521221 23 18 14 0.86889842747941959 28 148 31 166 14 193
3811 -0.35669157388751671 1.8290715713528543 1.6595801679666493 13 14 14 1.0400139622940832 5 1087 34 1175 100 1075 44 1072 79 1010 39 870 28 830 31 721 53 801 90 870
3813 0.79182392274645541 0.98237159740225055 2.1221828845714472 193 131 29 0.30731434072051378 5 1122 34 1167 78 1256 25 1282 42 1080
3821 0.75731974621473264 1.3737139959176325 1.6505804225735239 166 136 35 2.0335712884674653 34 1208 78 1296 25 1322
3822 0.60974648476166882 0.99748138238114781 2.3094408093513321 0 0 0 1.7004022299821504 34 1202 78 1306 25 1334
4479 -0.54285787495697357 2.6011063633261009 1.3279802938218652 45 50 67 0.29214572653415083 51 881 7 949 50 586 65 616
3825 0.82042691844608817 2.7209526476210684 2.7906035265432432 229 211 169 0.35499703250222836 5 184 25 255
3827 0.26297535607030287 0.88591977325220284 1.7582242975246523 178 190 222 0.076729347274368545 78 512 25 503 44 418
3838 0.73050622407400156 1.8339074109555882 2.792596495150502 230 215 176 0.63189068543410654 34 919 25 1048 15 826
3840 -0.87963963881871721 2.236349477704072 2.3150567834301299 148 99 73 0.15989127781616233 5 827 25 1112 44 691 60 961 20 728 15 1025
3852 0.42865273435169032 0.83992772695084372 1.2070851200377386 0 0 0 1.6248401592023591 78 1295 25 1305
3855 -1.2188403738516642 2.3544261254815204 2.3646236916252681 0 0 0 1.7564916290350703 5 1179 78 1325 25 1351 44 1181 100 1183 39 1041 90 1028 60 1182
4739 0.87703571543436787 2.0136577291024143 2.4053456804050279 252 227 177 0.12007490119289239 100 725 79 780 39 616 28 605 31 621 53 691 73 738
3856 0.37135418694282507 0.9586561662291283 1.6135760684899041 194 205 235 0.23162538355218684 34 1102 42 933 5 1073 25 1131 88 943 72 998
3871 0.39745390903788386 2.125195775942144 2.3718640954310999 240 216 169 0.18454190630115372 25 225 78 214 44 224
4238 0.37339618795870766 1.107568551797649 1.8193439254190962 107 63 6 0.11591419917782336 30 394 77 347 2 384
3872 -0.22799919153640341 2.1119512918633756 2.4515400604287705 217 202 161 0.10483551180327437 78 394 44 250 25 389
3873 -0.05590095616587628 2.0651519110353922 2.4666353226758693 16 16 19 0.13085342757429388 25 370 44 255 100 224 79 254
4547 0.020656107251400213 1.8866547832946874 2.7444009656574502 114 78 64 0.14779455853003012 51 891 18 1058 75 876
3887 -1.0061486117628891 2.25872617209758 1.9033508525661207 131 129 118 0.95661312625283357 25 915 78 933 44 631
4771 0.69994972150598533 1.3209878115386258 1.5415939579148459 255 240 59 0.28075308911268132 100 1004 79 996 39 937 53 951
3888 -0.13353342030408905 1.6909498132396754 2.0482898235696507 208 211 233 0.40868408976306059 5 214 44 660 100 662 25 1042 78 1058 79 728 39 773 53 594
3898 0.43396022599577144 1.7309214217171525 2.9499730548858012 220 196 155 1.010885082233016 5 977 44 815 28 781 14 803
3903 0.2634753441157191 1.956131371119874 2.6378171957703334 239 219 176 0.28192859413647281 5 954 44 919 90 748
4270 -0.89728279116088061 2.2202644033540624 1.6055209351427817 65 47 6 0.20663800328788601 46 397 77 615 2 642 70 384 57 398 37 352 67 749 1 557
3904 -0.23366642322466288 1.999230924608963 2.6094573787506752 90 60 50 0.3836269012524629 25 1094 78 1091 44 921 90 911
3914 -0.81136685130766939 2.1794308072227495 2.3401971452350074 51 34 30 0.13481488269296066 25 1267 44 1028 90 894
3919 -0.72853638271759402 1.7730596467557793 1.0355393223186382 255 228 73 0.31782969191143717 25 1286 78 1263 44 1052
3923 0.0003201805917561161 1.9545701768243493 2.6437882575547329 229 212 175 0.62604553711067346 92 942 44 1104 39 912 79 1058 90 915 73 940 10 806 60 942
3936 0.43562871856999796 1.0155298966564512 1.5042212322711634 185 196 225 0.49415401334789083 42 930 34 1098 5 1063 43 989 92 1057 44 1063 78 1197 25 1219 100 1061 79 988 39 929 90 940
3937 0.36982626602140795 0.95443708734456589 1.6072820217102675 194 206 235 0.55331879626607894 64 1184 27 1051 63 1078 55 998 78 1198 34 1103 88 944 5 1074 44 1071 43 952 92 1059 90 950 39 936
3940 0.3287596419346332 1.2584100789747654 1.8430924145020862 49 47 53 0.2449958915917545 32 430 30 28 52 315 76 293 46 357 77 35
3946 -0.82283109845633362 2.54288752152687 1.864068983688369 56 55 48 0.14527378018842665 32 327 30 279 77 234
4835 -0.48510952909981908 1.6950784304603879 1.6705196961433075 254 220 57 0.26216625014237033 100 620 39 246 28 34 31 38 53 271 24 77
3952 0.0016861620083377105 1.1866684078220118 1.7304684376836168 109 64 5 0.27274784175274741 32 423 30 395 76 22 52 300 46 345 77 348 2 385
3955 0.080729765966972983 1.6710714049568307 1.4714199189737331 134 85 9 0.43259406188973221 32 824 30 408 77 370 46 365 2 59
4853 0.81512429009217191 2.0342104576027302 2.3779815249504033 251 228 178 0.10069695061654968 100 718 39 605 28 587 31 605
3962 -1.0538198585654306 2.4438131906422065 2.0511581912385974 108 106 91 0.30233197833407566 32 668 30 508 46 213
3967 0.51495352754666424 2.5967840525022643 1.5396012365446932 87 88 82 1.0765196727969519 99 1193 30 655 46 683
4334 -1.0699614787441536 2.0763930593757425 1.7527591612353228 0 0 0 1.213661658721648 46 553 77 610 2 830
4624 -0.085552703807568617 1.8606735794935376 1.5788549869389772 221 182 61 0.12669236419493349 44 586 100 362 79 395
3971 -0.93127344503412235 2.7139551062317064 1.56605176261375 71 75 68 0.11613572211340197 32 931 30 708 77 677 2 710
3972 -0.55773131151200295 2.8842942786457084 1.2611799474779724 76 80 75 0.15559741814601971 32 952 30 731 46 608 77 690 2 712
3973 -0.71086116569585267 2.9530962518943498 1.1552795987823883 170 165 145 0.20562925654776196 32 963 30 735 76 474
3979 0.37950644745057566 2.6432405437533446 1.499944790419941 88 88 82 1.0185374743807458 45 1390 30 813 77 765
3987 0.40453203946597999 1.5873869817095065 1.515240538500271 99 85 24 0.66260088013693985 32 1112 30 868 46 707 77 721
4634 0.69253981231300465 2.0886129771482382 2.3236432607213779 251 226 176 0.27445240687285066 78 751 100 702 79 573 39 578 31 582 53 455 73 501 66 554 24 438
3989 -0.95172918059568623 1.8605150722263772 1.5374933388945065 158 168 198 0.68436156496011269 32 1001 30 882 76 330 52 517 46 654 77 730 2 824 57 539 70 444
3993 -0.56090445556258117 1.5487622413537758 1.2142142581091946 219 181 53 1.4110744281948069 56 1308 30 970 87 1313 84 1212 97 1249
3998 0.29140373555219307 1.5243823777576395 1.3624717654576159 79 80 91 0.75166571958149997 32 1256 30 1015 46 837 77 923
4015 0.66389784346500869 1.2648794654903959 1.3276169402595701 133 120 50 0.27631765657371682 99 940 76 277 77 345
4019 0.22925369199048165 1.6827937360862903 1.3811596144329448 14 15 18 0.14701729822454726 99 961 76 309 52 328
4666 -0.90162037789123695 2.0754253396599638 1.6593489386453257 187 179 174 2.2608452348147763 100 1178 79 1211 39 1042 31 951 53 1048 73 1124 66 1224 24 996 14 964 62 1114 71 1013 4 870 9 1117 10 1160 49 1066 68 979
4021 0.41009375105544804 2.2479526814407977 1.6363115816386 2 2 3 0.58404419824164133 32 595 76 379 52 387
4027 -0.066283748797853273 2.3598672319472409 1.576437617374872 77 60 14 0.24422650599290485 83 699 76 665 50 585 26 617 65 614 3 861
4029 -0.92851949050679339 2.0450432161944363 1.5770150721656719 99 77 15 0.7920045450223776 30 892 76 726 52 711 46 665
4030 -0.94817904428469202 2.3705445403948127 2.1336255448206369 118 104 74 0.29890173342426746 30 961 76 742 52 729 46 751 77 834 2 886
4688 0.64677349071891388 1.7859434234451974 2.824637575272221 232 217 178 0.1376933272217348 100 563 79 295 53 516
4035 0.30891453531147806 1.1577294366844899 1.5741012459554771 114 83 15 0.93115644407293774 76 15 52 22 46 16
4385 0.66052700970933331 1.0222993482343379 1.3244168774238387 212 191 65 1.2503701522037416 16 1249 32 1093 99 1105 56 1085 98 1171 36 1021 97 1046 30 853 52 671 2 801 67 948 21 1032 47 868
4037 -0.92163951217119677 1.919376690905648 1.4859331912724132 137 107 36 0.10970793049010652 30 108 76 80 52 83 46 379 77 393
5420 0.23301599890731151 1.7641878761814005 2.0598629713910932 158 84 10 0.33244739434877379 66 450 73 373 10 398 71 375 79 484 4 273
4046 -0.4662786647977149 2.5497082582899444 1.3064446551169639 26 29 42 0.089481409680223334 76 409 52 165
4191 0.67565972761836346 2.2893970493036444 1.7260496753955219 214 200 166 1.8131825479238701 52 855 46 862 77 941 2 949
4048 -0.70364166736973943 2.6292728785362915 1.6784092913858932 59 61 54 0.33506239468393212 30 536 52 214 46 458
4051 -0.38586251474192418 2.8673121670131052 1.2280367440429789 53 36 29 0.17879182396315701 76 241 52 250 46 298 30 347
5419 -0.76847332308184135 1.877794094612484 1.762893405057846 182 101 13 0.17514663909975878 66 154 10 364 71 356
4698 0.26428565955151445 0.88086091211560613 1.7548996047162688 190 197 222 0.37934548576617788 100 376 79 363 39 492 28 473
4053 -0.55611409009451918 2.9377104063719695 1.2395836512040677 137 93 67 0.97151632233883745 91 538 52 274
4062 -0.22613619321685957 2.1381428624194792 1.3295269866408566 64 57 41 0.67555928557849854 76 107 52 370 82 206
4720 -0.89053271770164255 1.9939637006984539 1.5904603191263127 254 212 53 0.13457482803303888 100 368 79 682 53 267
4067 -0.63978812157228171 2.4553556050355869 1.345890345199297 78 72 15 0.33130327949406319 32 306 76 559 52 397
4069 -0.036532958819360944 2.3873947977356238 1.5962716304602806 64 44 5 0.05790009012505086 76 394 52 399
4070 -0.23950683668105877 2.5055801157213509 1.4445999925461408 9 7 8 0.0034612897788518192 76 407 52 409
4078 -0.71241827740169894 1.851785708862407 1.0495466751623821 28 26 25 0.072342605512107402 76 507 52 502 77 374
4223 -1.2905940336480923 2.3716011158907664 2.1304129504110549 58 37 29 0.52822821703624623 32 292 77 213 2 252 70 171 57 200 37 154 1 277
4079 -0.86390441965608555 1.9335487349983884 1.4746524579126317 32 29 29 0.10334806647755694 76 525 52 520 46 380
4082 -0.39295998696747125 2.7967610539883934 1.2835913129288592 72 83 83 1.8412148516899165 76 446 52 572 46 591
4730 1.4426917146341753 2.2149544861875015 2.0050400852572801 108 76 64 0.43980934883983486 100 658 79 732 39 540 28 526 31 774 53 628 24 661
4085 -0.78949929776744532 2.5582992645522866 1.8708717683914009 99 99 89 2.1126684308515267 76 678 52 662 77 840
4092 -0.13787066079403626 2.3938574374126298 1.5115557907864834 78 61 14 0.032697398661681212 76 738 52 723
4095 0.64168285902543254 2.6090150810669259 1.6206367235018784 0 0 0 2.2068731654254989 98 1352 52 733 32 1048
4096 -1.0494959169472213 2.7651856827466155 1.6677722041444987 0 0 0 0.83782556241314909 30 925 52 740 2 888
5040 -0.58072987670677134 1.8708346225358785 2.0170822048539954 20 17 15 1.7025472561954791 39 308 24 332
4097 0.84606939873898934 1.1750231774747739 1.3754044854178908 108 92 25 0.52720014076032939 76 783 52 745 46 765
4098 -0.91320797833683998 1.9631409819229737 1.5177456187157214 146 0 0 0.58955746224919636 76 721 52 764 46 809
6066 0.84193010632822396 0.91828162672747915 1.3246758716684774 255 251 78 1.3883605710442599 43 1016 81 738
4099 0.20388299668367257 2.2793448346830907 1.5619778081494611 40 48 68 0.068964673070710775 76 765 52 768
4100 0.32904220381075633 0.76319616093581144 1.8551857077735201 132 107 25 1.2360563946872587 30 1013 76 780 52 790 46 826 77 908 2 925 37 566
4101 -0.85438183082958385 1.7128999172418795 1.2436386644836994 70 48 33 1.0109378031325114 30 974 52 800 46 830 77 890 2 895
4102 1.2492497204671267 2.2088248204040251 1.9760822168453089 191 178 145 0.64488410302770205 76 803 52 810 46 814 30 999 77 901 2 877
4103 -0.96147178850207771 2.3304198738568367 1.9650718732715433 17 17 17 0.2251572468474837 76 820 52 829 46 834
4104 0.66070357803790014 1.5191728770401889 1.5661848420819215 0 0 0 2.03082733772372 30 1038 52 851 46 855 77 937 2 946
5048 0.99675024863322204 2.3016516057976673 1.9730143261744468 231 213 173 0.1828715523271299 31 544 53 618 73 668 24 653 14 663
4105 -1.1618167595112276 2.2280248369407203 1.9228576873816159 0 0 0 2.0244925764248047 76 851 52 853 46 863
4106 -0.44557269266207322 2.8904627738053446 1.1959751818376529 57 40 34 0.16571243052631052 56 597 29 484 36 491 91 537 76 245 52 261 98 596 16 580 99 603 45 523 59 653
6074 0.43146822236481192 0.88277032289991975 2.0791771480770698 236 172 46 0.064111057325464765 15 382 17 13 74 13 35 15
4107 0.52525573532224079 1.0694163787555611 1.3926376401736005 154 135 53 0.38283620603645352 30 386 46 3 77 332 2 375
4108 0.25803717113772467 0.9000269433227891 1.7317543560784603 39 43 53 0.073900331702654559 30 384 46 5 77 333 2 376
4109 0.25815690382510686 0.90020113009445046 1.731952151413739 39 43 53 0.13555697289963101 30 385 46 6 77 334 2 377 70 6 57 8 37 2 1 374 38 1 19 0
4110 0.67283914808577638 1.3488579088753765 1.5030585577539788 94 65 10 0.31707344724000502 30 21 46 29 77 18
4111 0.11355244118882575 1.7764985255324282 1.4344611298582604 67 62 40 0.12871881573163491 30 75 46 57 77 52
4992 0.66953843829635895 1.6609964241104582 2.9623957178372091 138 90 62 0.28245224135272412 28 214 31 472 53 219
4113 -0.78712654898480428 2.1965288664783547 1.3604616075687241 164 134 37 0.29620955596798471 30 178 46 90 77 116
6018 -0.43064256020181951 2.5352592026680734 1.3489440218326625 57 67 91 0.16698145600005659 26 430 82 396 50 415 65 441
4115 -0.5588775610059048 2.6150634257433873 1.2118795659869186 16 18 21 0.043933514786931638 30 262 46 180 77 186
5511 -0.4232913869587131 2.012689813389569 1.9664778067651218 237 178 45 0.32128160737052364 10 1027 71 891 4 717 94 731 9 1001 62 964
4116 -0.99277369463209786 2.3465673179302575 2.1769015637128128 39 23 14 0.21133925726925776 30 490 46 181 2 470
4996 -0.016522612159535467 1.6606283187837794 2.0183614095955811 254 228 57 0.30496764968534384 28 743 31 519 90 727 73 626 24 809
4117 -0.43400674339060308 2.5670614722974809 1.5175983296574245 59 67 91 1.4366107117159945 32 324 46 184
5505 0.40552383424941141 0.84886100796887631 2.0211510618626702 221 160 43 0.71506388454833436 10 993 71 843
4118 -1.0228376396565673 2.3703711700583807 2.1475828691084544 215 203 169 0.014733514531352819 30 235 46 187
4119 -1.0824231877054278 2.369500584921258 2.1468724196203803 39 29 25 0.52853056644634411 30 493 46 190 77 459 2 669 70 294 57 319 37 380 1 602 67 799
4120 -0.99386737588753482 2.4224814985317216 2.0688420896622928 105 103 87 0.10022271725401112 30 500 46 196 2 486
5000 1.1053263695521034 2.0677850667849791 2.3123880784813062 250 226 175 0.034206481092719815 28 597 31 616
4121 -0.7911256539732342 2.4853545398854577 1.9487987741198343 52 46 39 0.2092346269494014 30 252 46 208 77 206
4123 -0.99643062216222467 2.4729127019559742 1.9981107388453647 77 75 63 0.12522523323436063 30 515 46 219 77 471 2 495 57 202
5519 -0.30772660464854878 2.0503065840100958 1.9329964809840596 152 144 149 1.0401204621630475 10 1074 71 942 4 716
4124 -1.1157609378930369 2.4632604384415901 2.0390293275028792 115 111 92 0.25109139432842198 30 273 46 224 77 238 2 266
4125 -0.66108882235619126 2.5869112348483054 1.7081342773350063 53 47 37 0.21511341297811026 30 282 46 225 77 221 2 248
5513 -0.83367450967791656 2.2983320899806836 2.069805320944802 116 100 102 0.90307048004362034 73 907 71 905 20 910 60 1028
4126 -0.66108882235619126 2.5869112348483054 1.7081342773350063 53 47 37 0.21511341297811026 30 283 46 226 77 222 2 249
4127 -1.1685454793242187 2.4642760100429144 2.0009439093170487 235 220 184 0.34035092030044051 30 520 46 229 77 481 2 514 70 312 57 337
4128 -1.299577742672354 2.4665896623851697 2.0391671681179875 228 216 180 0.4334733724555086 30 291 46 242 77 255 2 528 37 398 57 347 70 321
4944 0.69057435103300169 1.2955226178643462 1.4004466057141438 255 253 63 0.72013705038479314 39 852 28 823 31 823 53 787 73 859 66 608 24 782 14 824 62 877 10 309 9 913 49 950 68 864 61 786
4129 -1.1594467706768758 2.592748154665125 1.8288781605546749 198 188 159 0.095264786860287984 30 320 46 274 77 280 2 546
4130 -0.3423840906359164 2.8138346534209902 1.2591472379853457 108 74 54 0.10016176228873323 30 333 46 277 77 266
4131 -0.5582307213269232 2.9359946814339914 1.1322036440762369 51 34 27 0.013455985480465393 30 370 46 322
5463 -0.015338564392116236 2.0384657472658572 2.4115483272311891 123 123 139 0.017369526062181465 66 264 71 237
4132 0.32132861234597404 0.76293073047072413 1.8612021656462208 130 98 19 0.40305834436981014 30 374 46 330 77 326 2 371 67 654 70 206 1 499 38 159
5831 0.63330479157065589 1.7517506066884569 2.8530454634381877 229 215 179 0.17428860267338872 20 690 60 927 15 994
4948 -0.29732169858703095 1.7186412758219636 1.1581137779800397 0 0 0 1.001142285931774 100 987 28 871 31 853 53 935 73 1022 66 1027 24 895
4133 0.43344614011900923 1.0634737678447295 1.4580253284556268 4 2 2 0.23328134106162443 30 387 46 334 77 336
5824 0.10091801579269627 1.362762627534839 1.9455667183935061 229 170 45 0.059740424591432216 20 867 60 861 15 947
5457 -0.93380939314407285 7.9217923282987401 -2.1022523589331437 76 62 62 0.94252814771322024 10 198 71 167 4 107
4134 0.43344614011900923 1.0634737678447295 1.4580253284556268 4 2 2 0.23328134106162443 30 388 46 335 77 337
4135 0.42578181020113981 1.1408337073138048 1.4278351886004186 99 117 154 0.25358237220090996 76 273 46 338 2 584 70 208 57 236 37 185 1 378 38 161 19 188
4136 0.23235511451514579 1.3508337547720792 1.4373860518666648 119 135 171 0.17693269053205612 30 396 46 349 77 565 2 591
4952 -0.068948578178992984 1.5698340532801989 1.9418338485839854 255 229 58 0.73555008288714441 39 993 28 936 31 911 53 1027 73 1087 24 975 14 929
4137 -0.22786448352396374 1.9590806120955797 1.413701188848806 71 78 96 0.26795755724021242 30 428 76 340 46 378 77 60 2 87
4138 -0.73960606786610195 2.0178179576119328 1.6413457553593267 63 52 49 0.49007970254164901 30 634 46 387 77 599 2 624
4956 -0.37606027490130456 1.8413341067523954 1.7566934815351445 255 236 61 0.42890561068257177 44 1152 28 958 90 1012
4141 -0.83991585862172335 2.3467412664156195 1.3859990587556912 36 41 56 0.16125427519053978 30 463 46 401 77 626 2 651
5832 -0.66016527927488744 1.8272387361780504 1.7852243647780002 255 241 61 0.47923675681649486 20 886 60 1004 15 1089 17 895 74 840 35 760
5465 -0.54604576939865845 1.539593787479357 1.5279908829469226 67 54 55 0.77188376027133665 10 321 71 305 4 199 20 524 94 270
4142 -0.79516687228636285 2.3666504565910778 1.3313794841622117 96 112 144 0.24369609141219284 30 652 46 403 77 424
4143 -0.79768434417898293 2.3680827195644669 1.3248826463830217 96 112 144 0.24131400661469007 30 653 46 404 77 425 2 653
4145 0.46156223549764819 2.5377588976202587 1.5555952516828282 29 19 16 0.15332578873601335 30 472 46 427 77 428
4146 -1.0303341958901349 2.2885397275711097 2.2054460610037236 45 26 17 0.27277244621919583 52 411 46 431 77 441 30 478 2 665 70 281 57 303 37 262
6050 -0.50091262848970053 2.5837269971966856 1.3499116936429165 19 16 21 0.12835706441801409 26 285 50 89 65 112
4147 -0.92844950671320825 2.3999742296747235 2.0932079187487753 92 90 76 0.26930622444137853 30 494 46 441 77 457 2 476 70 288 57 310 37 271
4148 -0.62456587443785994 2.6687438704947262 1.6176459331877731 78 83 77 0.068667056358484135 30 542 46 461 77 498 2 516
5847 -0.81125850945631539 2.199141757266073 2.3515219967732843 56 36 27 0.85318646055910952 20 986 60 1117 15 1186 17 1095 74 1039 35 945
4149 -1.0307878671902093 2.5848422517739671 1.8038332357314748 129 126 114 0.31138148424518519 30 692 46 463 77 504 2 531
5840 0.14170771082244901 1.6939482100068133 1.3622869481419424 0 0 0 0.6300597687762477 20 951 60 1050 15 1126
4150 -1.0165658548666747 2.694982751462796 1.5991147360128186 129 128 115 0.16565979627902502 30 560 52 227 46 480
4151 -0.42885246141837674 2.8696659088726983 1.2122273248961519 125 85 62 0.16110510986200724 30 720 46 485 77 522
4152 0.24937627701087525 0.99287149479351255 1.8349326034488913 149 130 50 0.57505165012220261 30 600 46 514 77 707 2 725
5032 -0.986033508337675 2.1528493504924158 1.7539191538241916 0 0 0 0.42355256407504532 31 51 53 58 24 96 14 123
4153 -0.36926742321880252 1.8292345596925887 1.2025144768417528 87 103 137 0.43037585673669554 30 620 46 529 77 581 2 402 37 38
6058 0.33050208013166754 2.0072252058727744 1.908651199975185 77 36 4 0.23363851194959614 7 518 3 425 65 436 26 417 50 409
4155 -0.75897758058559783 2.1607074657852081 1.2639051262820351 134 104 26 0.22324520498556633 30 640 46 548 70 371 57 390 37 221 1 412
4156 -0.92160470559818486 2.1940367002560626 1.6077838754092926 97 90 27 0.086570612806824931 30 457 46 556 77 614
5855 0.11551101774983868 1.7090527733270564 1.4516755377003687 199 154 38 0.73736301995715514 20 1033 25 1328 78 1299 60 1149 15 1212
5036 0.22055899768017007 1.7937162259944099 2.0731751348596905 235 166 40 0.29981681049077086 79 179 53 119 73 165 66 453 24 149 10 402 71 381 20 267
4157 -0.7740963012930937 2.4311201995104788 1.4349661279031398 96 86 22 0.73383242891547729 30 484 46 572 77 632 2 658
5848 0.26708661910761455 1.3617251905491139 1.3657967012683254 235 193 60 0.48741061991669221 20 996 25 1323 60 1119 78 1278 15 1188 17 1066 74 1014 35 876
5545 -0.93450744229984728 8.1402936004985378 -2.0512366805758599 77 61 62 0.91211877555900356 10 221 71 190 4 127
4158 -0.72700823226443467 2.5310626886525132 1.4920383217047848 56 45 33 2.0818043699968194 30 674 46 575 77 455 2 666
4160 -0.45825509447152896 2.6929951930828055 1.4125532071855551 49 61 85 0.67502956852448093 30 688 46 582
5104 0.84627925394485415 1.6407498372272828 3.124790956844083 185 144 110 0.78242227020000776 42 801 44 1050 79 1079 39 842 28 868 31 806 53 863 90 923 34 1035 43 901 92 971 66 1100 14 869 71 959 60 1024 20 916 17 991 35 777
4161 -0.75648827854384593 2.6087818035566253 1.6918253738224258 91 94 86 0.26061672146751008 30 823 46 587 77 654 2 781
4162 -0.32314409286105517 2.763025910150942 1.4046383237728715 73 82 84 0.17778559859006884 30 827 32 1068 77 777
4163 -0.27983724590478271 2.8053317213778124 1.2318668490994336 30 20 17 0.18123184993657859 30 700 46 592 77 659 2 500
5623 0.6239646747061377 0.92432320300451798 2.1316544289020567 254 254 82 0.12631222860632255 18 84 23 178 96 404 75 389
4164 -0.91102634194582066 2.7631973829157195 1.5112522613453492 122 124 114 0.075228464965364242 30 718 46 599 77 688
5108 0.89151156368826623 1.2001535191293828 1.458184997259077 255 168 32 0.13153089610321189 100 9 73 46
4165 -0.50985425288109809 2.8652869641276482 1.2757434653518021 34 24 19 0.15493651612877724 30 723 46 601 77 681 2 708
5617 -0.85869137571593424 1.6198814464789548 1.3357365913477013 250 213 58 0.93278435743788446 10 1142 4 857
4166 0.44165221951405215 1.0665722007894323 1.6844299227234991 134 111 44 0.41039433958881089 30 748 46 622 77 706 2 728 70 433 57 451 37 412 1 701
4167 0.097943367590458172 1.1850924555877165 1.6920728308709596 104 121 157 0.24237047654469576 30 755 46 628 77 712 2 733
4168 0.26172770048769867 1.3681955196225966 1.3383066890532094 238 204 71 0.16921456117339681 30 858 46 629 77 796 2 810
5112 0.9995477085911364 1.9262751902915975 2.5623355425785292 207 182 137 0.2186302586522102 53 209 73 231 24 251
4169 0.59895508172410317 1.3053196699536291 1.5193741338209032 94 66 10 0.2793553748360314 30 604 46 630 77 564 2 590
6138 0.41059369909638715 0.92290165198867757 2.1010210673267746 170 119 21 0.049719173342328511 17 17 74 20 35 22
4171 1.1652769092986885 2.2665080299808675 1.9695232995248351 92 64 53 0.30689295408568223 30 894 46 670 77 741 2 764 70 97
5631 0.15866509146453392 2.5929768528323054 1.637301386022906 73 83 84 0.3740388732481702 18 805 23 537
4172 -0.78349550607917595 2.2976504047285959 1.3704886181855505 105 95 28 0.50019401954535858 30 800 46 671 77 746 2 770 70 460 57 482 37 432 1 553 38 289
5116 -0.63945383717265492 4.8007446016697601 0.53320358503149923 253 205 60 1.5074166095157355 79 365 73 360
4173 -0.72660276866717055 2.4646166735401742 1.2254591686390011 55 65 87 0.11230786353149415 30 809 46 675 77 758
4174 0.64265209409531121 1.2668571569688449 1.3455189819998397 129 118 49 0.22555607956191445 52 677 46 698 2 806
4175 1.0850512739724367 1.1971899822475081 1.5822806353628391 0 0 0 1.76455610142213 32 1172 46 700
5056 0.81638091586842465 0.97993915571242962 2.1060565546918384 255 228 65 0.033090371021992811 79 928 53 823
4177 0.21228061735948911 1.6153608494213976 1.4281228443583678 155 119 39 1.7605410499272443 30 867 32 1114 46 706 77 859
5923 -0.92599501897500103 2.2617406969368958 2.0148200667192344 143 136 147 1.4508318373463773 15 1183 17 1109
4178 -0.93253920199100471 1.8175207664437838 1.4164454453512085 138 116 34 0.10536248676129552 52 695 46 715 77 809
6082 -0.74065888698939641 2.2027753420593226 2.064276432213394 63 67 81 0.25726686785412584 15 303 17 298 74 282 35 206
4179 -0.90443884065328484 2.2724444577489802 1.5834433923801425 100 93 27 0.63376269845174149 30 803 46 738 77 824 2 880
4901 -0.18805547000279185 2.0586101175485774 2.5091624072239056 216 196 152 0.069695041341189909 39 148 28 171 31 195
4180 -1.0188542986489375 2.2451443272470004 2.2919365971128727 162 114 87 0.88148311451729267 30 904 46 746 77 832 2 885 70 548 57 553 37 529
5060 -1.0921528079796299 2.3224205524219168 2.3469877167653586 0 0 0 1.3083216923459851 53 917 73 1004 66 1079 20 993
4181 -0.85256048484115721 2.2520084131295475 1.4234734701045215 119 108 32 0.35385871647213313 52 715 46 788 70 572
4182 -1.0735250411613615 2.338842768783743 2.1562678088627281 52 37 32 0.58812254319442381 52 778 46 792 77 906 2 908 70 580 57 614 37 553 1 810 38 526
5412 -0.88949133455282348 2.3642580256048848 2.0460067892869547 14 12 11 0.6398015446966514 62 260 10 173 4 140 94 155 9 256
4183 -0.99996070674468285 2.7595640643357875 1.6080813870904995 103 104 96 0.9997840775166158 30 923 46 793 77 845
4905 -0.58364750623719697 1.522311531276356 1.3815071359459385 255 249 65 0.062058650808163029 39 220 28 230 31 14
4184 0.22609990380096001 0.93287948030043577 1.8535893787565514 143 113 36 1.3924029900079522 30 967 46 795 77 910 2 913
5422 0.21711804675641344 1.8273406022504333 2.0866586075382498 157 84 9 0.46264025135752201 62 242 10 409 4 457 71 384 94 359 9 239
5064 0.46933955312008874 1.0460263532953438 1.3560257947742744 0 0 0 0.3846234927536174 31 857 53 936 66 1020
4185 -0.45889634009874136 2.7365644117405559 1.35830833659046 2 3 5 1.4897837099158324 30 1009 32 1254 46 823 77 921 2 931
6090 -0.60236895264560475 1.5873795411869647 1.5807255321758604 93 85 81 0.233576466122562 15 439 17 441 74 406 35 58
4187 -0.71124956814104823 2.1600158947813588 1.4187016442774132 158 124 34 0.74561492662000095 52 823 46 844 77 927
4909 0.096418454551839741 1.1840597453744202 1.7647822562580353 255 221 54 0.1262019463398395 39 263 79 80 28 258
4188 -0.72597846081609707 2.4166513067381787 1.2197767320855561 93 85 20 0.82055306255838156 30 1030 46 846 77 928 2 930
5068 0.84065082060020591 1.1098617173948297 1.9035746804701341 0 0 0 0.79380235110252884 79 1104 53 998 24 917 73 975
4189 -0.77846248608782032 2.38589647380934 2.0434137813045612 0 0 1 1.5843241828159231 30 1031 46 857 77 939 2 939
4190 0.67565972761836379 2.2893970493036444 1.7260496753955226 214 200 166 1.8131825479238572 52 854 46 861 77 940 2 948
4192 -0.68378532490644606 3.0104887541577905 1.0853530055939096 53 36 28 0.38810292602504204 32 404 99 608 29 490 30 596 46 509 76 600 52 578 77 556 2 576 70 330 57 354
5008 -0.99288281132367928 2.1300774637760203 1.7292074817416334 144 144 144 1.3087541244315626 28 707 31 826 53 804 39 752 90 474 73 884 66 1055 24 862 14 840 62 906 9 945
4193 0.79082976989323794 2.379126213686404 1.8197622656477945 35 20 15 0.63400976249403762 98 1100 16 1164 99 1030 45 869 56 1039 48 1430 59 1385 12 1262 30 192 46 144 76 161 52 155 77 130
4194 0.95093573889480298 2.409238514474938 1.7775419177775402 36 25 22 1.1876293632679222 56 1256 29 1075 36 1053 84 1190 87 1262 76 670 52 648 46 568 32 616 98 1107 16 1173 45 879 48 1246 11 1490 59 510 89 452 30 647 2 141 51 1226 18 659
6034 -0.32992049208378599 2.8663788879836591 1.2386556413758689 53 36 30 0.36961618670120999 26 629 50 593 82 575 65 627
4195 0.35175109666263021 1.0431611952920414 1.7702910304173143 135 110 37 0.66886780474651619 32 419 30 392 46 341 76 14 52 298
4196 -0.86307605411330446 2.2530887466791332 1.5389122901027033 63 43 2 0.50292713170074055 32 269 30 201 46 399 76 123 52 121 77 137 2 157
5012 -0.63812808252538944 1.5234824024199793 1.4400031781989411 255 241 67 0.23722731911605333 28 800 31 856
4197 -0.75207117728587924 2.4018924103945456 1.2744998635253117 102 119 151 0.74987977480664925 8 827 58 1001 21 995 32 892 30 473 46 408 76 385 52 124 77 426 47 949
4199 -0.98250895405384686 2.1028436477538275 1.5620769721770873 54 52 57 0.32428115796398521 32 240 30 451 46 551 76 112 52 377 77 607 2 634
4200 0.43850697927045162 2.3859461080792213 1.703962789719816 1 1 1 1.993189509149484 52 145 46 143 36 338 76 154
4201 0.5863631498748374 1.1507781656965896 1.4395212220063291 120 103 26 0.43681194110180543 30 390 46 11 77 9
4202 0.40820210793889872 1.0938400722499138 1.7718592132605326 125 88 18 0.67382638426341179 30 13 77 11 70 216 57 242
6042 -0.28461531603781259 1.693729179998098 1.7055159992974407 8 6 5 0.72901750084211248 83 868 50 670 65 712
4203 0.2196786141971821 1.3904573608404096 1.4027795072187921 88 80 73 0.017510933173323737 46 23 77 16
4204 0.63339759025867026 1.3234820002181007 1.5471948896916177 84 54 5 0.073782023162349025 30 20 77 17 2 13
5020 -0.97137690144081368 1.616948645479944 1.289488744985235 0 0 0 1.4979618028891903 39 728 28 691 31 810 44 1056 100 1108 79 1090 53 987 90 851 66 1110 14 734
4205 0.70926498694306128 1.3765980826705182 1.4467658959617553 94 65 9 0.095778263781166897 30 22 77 22 2 14
4206 0.091909640314907601 1.7617589115368455 1.4309414751436862 123 98 22 0.29163994109071473 46 54 77 51 70 47
4207 -0.67130798914902123 1.9522528252930194 1.616994907443134 22 21 23 0.38096743163756219 46 75 77 80 70 73 57 94
5088 0.34855587859637949 1.7871331108914974 2.9149281438851529 182 175 161 0.019111786560387454 39 828 90 689
4209 -0.78593530611743534 2.1728624178349052 1.3913344425502447 132 94 19 0.004171526774695687 30 171 77 111
4210 -1.0131473554766839 2.1072512171757176 1.5933182391758471 31 34 45 0.12250491449477124 46 92 77 118 2 139
6114 1.0679725382902481 1.7757731304833555 2.650762409631862 0 0 0 0.38146553256623866 15 736 17 1051 35 903
4211 0.49011443195829707 2.2738479852561371 1.7397569458758844 3 3 4 0.039862827737939421 52 127 77 123 2 135
5092 1.179943939601831 2.2673632423966823 1.9841622436473407 70 49 46 0.069004120094529664 39 1001 90 999
4213 0.45583002356995173 2.5164588041648353 1.6083592514228977 29 19 15 0.38186318608205194 30 466 77 145 2 161 32 278
4214 0.18674629359031075 2.5571861419937578 1.6582972697782061 2 3 4 0.070175996497292142 30 230 77 157 2 173
4215 0.1563813360128789 2.6562538563028584 1.4719986010478512 33 24 23 0.052826011517185113 30 245 77 175 2 189
4216 -1.0593262440489155 2.3182432635869081 2.163002792933721 119 89 74 0.55102425522536247 32 274 77 176 2 217
5096 -0.26356342467466681 1.8280775587471958 1.61879611620501 250 198 55 1.5348241558574922 28 825 31 717 53 890 39 944 90 867 34 1128 72 969 5 1080 43 924 92 992 78 1218 25 1239 44 1070 100 1071 79 1102
4217 -0.63150567236871002 2.5677806908294798 1.3277726857988987 68 58 11 0.072529134054523034 46 177 77 180 2 207
6122 0.28876396729701537 1.5462014120227261 1.3927700938371865 65 72 88 0.46218036461897516 20 513 60 575 17 850 15 930 47 895 74 624 35 546
4219 -0.89678383210214108 2.3604020003595174 2.1462132980420332 186 173 141 0.6684037729804273 46 182 77 183 57 177 70 153 37 140
4220 -0.65959500903204649 2.5813036593254108 1.3851495514737044 10 11 8 0.20657213665946297 46 185 77 191 2 221
4221 -0.86938309206718256 2.4528744617537757 1.9991648150126109 84 89 82 0.087309870188260044 30 247 77 202 2 239
4222 -1.0809213721026232 2.4145439914649351 2.0954268141319425 115 108 87 0.13633067064421575 30 249 77 211 2 245
4881 0.84812865409475058 1.1132337888972954 1.905774224582778 89 56 43 0.23679060697204585 100 1127 39 1023 28 963 31 935
4224 -1.0372725563251914 2.4422628202313272 2.0525570393651282 102 98 80 0.12518237001031765 30 256 46 212 77 218
5398 -1.1529088200937845 2.430222985713931 2.1020042178637706 154 111 86 1.509305931031911 66 1222 62 1108 10 1158 71 1017 4 874
4225 -0.047680923807450155 2.7509236541088606 1.38944941073821 77 55 45 0.88293471885786934 46 453 77 220 2 668
5907 -1.2149713684775985 2.4170764151381161 2.1057358962197381 220 208 173 0.30855796460748042 60 1040 15 1117 17 1013 74 880 35 702
4226 -1.1042096127808607 2.4657168620876462 2.0111224484433103 100 97 82 0.2328102623039697 30 269 46 223 77 236
4228 -1.299940549779854 2.4493163745305004 2.0626248695641838 112 107 89 0.15979575351834044 30 281 77 246 2 286
4230 -1.0533566648343675 2.5816957932593962 1.8255604072631282 81 82 73 0.16056896164556911 46 262 77 265 2 534
5396 -0.83591547451979187 2.3265733293896247 2.1249953958688477 22 21 19 0.39856705189029951 66 1169 62 1051 9 1077
4231 -1.1586767882396982 2.573204627629361 1.8529856008458025 101 99 86 0.27868761742937864 46 267 77 271 2 306 67 454
4889 1.3990228537990261 2.2176091140598553 2.0302531470172061 94 62 49 0.4822942609989877 100 899 79 941 39 788 41 1225 95 1213 27 940 63 937 22 1126 93 1156 72 836 13 1034 43 799 92 824 69 938 28 758 31 775 53 832 90 740 73 927 24 833 14 864 71 810 60 623 15 417 81 769 40 726 68 903 61 814 96 900
4232 -1.1554870558552446 2.5717851528771787 1.8599581868635964 101 99 86 0.12791134192995168 46 268 77 272 2 307
5406 -0.90871580936848007 1.6624598449577799 1.384504065087319 117 81 53 0.86219993494299751 66 25 10 45 71 303 4 196 94 271
4233 -1.0121785582901728 2.6716339080224958 1.6209276345979475 80 83 76 0.06559860626889169 46 283 77 283 2 316
4234 -0.39915353611889726 2.8889519377194923 1.1999632478191025 121 82 60 0.19465287454220628 30 568 77 299 2 314
4235 -0.93902341333718431 2.7573267954027827 1.5299672947716569 79 83 79 0.056665987491138568 46 309 77 304 2 340
4236 -0.51647531408714931 2.8904340147400509 1.2431664017287434 162 160 141 0.1056823720911908 30 363 77 309 2 337
4237 -0.53449410282555632 2.989428302931779 1.4600715920316898 94 92 82 0.71224926201570837 32 398 77 325
4239 -0.37933944695848021 1.7214030724327738 1.1997232670639038 107 90 23 0.24826186896489336 46 363 77 366 2 397
4961 1.3396283850277584 2.2119205612980468 2.0548161742406652 228 211 174 0.5915909942052433 100 669 79 740 39 542 28 759 59 1364 12 1140 89 1330 95 1210 41 1223 22 1125 13 1033 93 1153 43 770 55 625 72 705 92 816 31 776 53 632 90 741 73 679 24 662 14 671 81 768
4240 -0.94162761242131399 1.8842474817046488 1.5191888140739727 70 75 94 0.043526785194029527 30 103 77 391 2 409
5478 -0.25023569123453365 2.4218599265851455 1.9005100193254798 113 69 7 0.22026806303587657 36 668 71 417 4 318
4241 -0.039575734958546688 2.0296687404515557 1.4232660917730533 75 59 11 1.2884191686557784 32 532 76 355 77 394
5987 0.063314900100430324 2.0825762898783107 1.7164503407502509 90 68 32 0.84759272904098204 26 675 82 656 65 660
4242 -0.86535347712335753 1.9380178460292785 1.4684842764735706 52 49 40 0.17642164312009143 30 625 77 395 2 100
4243 -0.75072857903561518 2.0793498905713639 1.2005877541798506 130 101 28 0.17050309946089634 30 120 77 398 2 414
4246 -0.7494907108717922 2.310730036225229 1.3668195376577121 97 62 8 0.20781985110476708 30 204 77 416 2 429 70 90 57 116
4969 0.09371535759986728 1.1904721447325621 1.8409773420793545 254 198 51 0.2457161575396386 28 72 31 74 24 78
4248 -0.61793369819010746 2.4020840432373292 2.0620651739666718 86 77 67 0.092126355498414927 46 179 77 444 2 456
5486 -0.100150177187874 1.5670212570987458 1.9227913313653853 143 86 16 0.51608031319566428 10 360 71 521 4 421
4249 -0.69492356969125635 2.4296098377428419 2.0078849657010402 81 73 66 0.036449063157460306 46 438 77 451 2 464
5995 -0.40412507170338025 2.585710070131821 1.4029757947279637 20 17 20 0.062383579709294611 83 120 50 104
4250 -0.82929292623623074 2.4828261657030652 1.9519061079654223 82 86 79 0.079437199617571161 30 506 77 464 2 487
4251 -1.2113519405449917 2.3843045457973111 2.1393514498343023 51 35 25 0.24326443282230464 76 414 77 466 2 494 70 172 57 201
4973 -0.89692145061503137 2.2386128247981563 2.2990616280545324 144 96 73 0.43997402290660526 79 241 31 139 24 158 60 274 15 346
4252 -0.69775527054159314 2.5832190427493424 1.7141827025771448 88 89 81 0.12151917897852932 30 677 46 451 77 473 2 675
4253 -1.0481078153696752 2.4691154836323173 2.009372598103262 178 170 145 0.078076563874976274 30 516 77 475 2 499
4254 -1.1084213970194718 2.4889359261763517 1.9798010427568065 165 159 140 0.14838659313111985 30 527 77 488 2 517
5484 0.14406066035130696 1.371876736437075 1.9720711223270604 51 43 43 0.5457901858961669 66 664 71 510 4 404 20 538
4255 -0.95794717771960514 2.562705810335542 1.8495813075418355 121 120 107 0.1706049688282959 30 687 77 497 2 686
5430 0.82163197692203171 1.5975411220147655 3.0250422421659722 242 222 177 1.3377083249591069 62 997 10 984
5072 -0.72763128697902757 2.247223865084814 2.080205153888584 151 144 156 0.43181050775353919 79 1154 53 1004 24 956
4257 -1.0910865611373348 2.5519728197467626 1.8796760067896825 89 88 79 0.1117197944554692 46 253 77 503 2 529
5939 0.47576163876395322 2.4365346578435925 1.7709156248704536 181 162 125 2.1354750939884006 3 521 29 1073 26 560 65 183
4258 -0.35598122064905785 2.800832254131346 1.3362458449546863 32 21 18 0.17525982914080987 46 279 77 510 2 684
4917 0.080693915109383937 1.9370310533165722 2.6951574521850925 222 203 160 0.064546311391595057 39 430 28 422 31 450
4260 -0.82815029698496312 2.6949098283410278 1.6086229010402899 108 110 101 0.19159102605322681 32 734 77 516
5076 1.4248325661281358 2.2018345532125112 1.8872426666236712 0 0 0 0.93635601061224771 31 953 53 1052 73 1119 66 1220 24 999 14 968 62 1109 81 874
4261 -0.55663639642913765 2.7936259184801582 1.4067916325124052 61 69 68 0.11249202665460752 46 478 77 518 2 702
4262 -0.40158404118316332 2.8415802693743291 1.2790802978642584 34 25 22 0.088862411944243672 46 483 77 519 2 297
4263 -1.1262681291958503 2.6222345531970102 1.7735953529895214 170 164 142 0.1085467256625496 30 552 77 520 2 548
4264 -0.68153941032955545 2.9626042710054414 1.0826424238696786 143 99 75 0.051041997377567844 30 594 77 548 2 571
5438 0.053110060453347548 1.1768157418675036 1.7650065097192167 233 190 77 1.1321957180217814 66 1207 10 1143 94 841 71 996 4 856
5080 -0.19642240833910077 1.994818985743692 2.5965818535736429 94 63 52 0.16303357659043119 31 203 90 177 24 239 14 260
4265 -0.70249223612181511 2.9575948301038673 1.1619939489391469 173 167 146 0.23798563578237908 46 326 77 550 2 573
4266 0.050478610187318446 1.7137311058966855 1.4224386662066799 220 189 75 0.1887367944908783 30 412 77 577 2 399
6106 1.1524712033586388 1.8703149346146375 2.6063620859219756 249 226 181 0.45071354737821778 15 1078 17 890 74 918 35 847
4267 -0.89299425916780317 2.0677634870383064 1.5552738352142188 117 102 27 0.13722456623887014 30 638 77 603 2 627
4925 -0.14091652614957167 1.5872439407415868 1.9611274309881133 133 82 10 0.78185621655205295 39 768 28 478 31 742
4268 0.82760576049995194 2.3557897336944333 1.922507387558188 201 181 143 0.1546637832366673 46 407 77 612
5084 -0.41433084289552718 2.0516452705352037 2.1108841302689059 19 15 12 3.3340116324449283 100 481 90 325
4269 -0.92069521709265556 2.1928426076227097 1.611322184965168 97 90 27 0.09621584423637608 46 555 77 613 2 636
4271 0.76422884039907002 2.4352441192707333 1.7397000354916103 105 77 65 0.47777300240580195 30 648 77 617 2 768
4865 0.75066113072161667 1.3473754316315325 1.4618997229635731 255 254 63 0.46972497958253084 100 998 39 859 28 835 31 828 53 880 90 885 73 866 66 615 24 856 14 833 62 885
4272 -0.82965054608849975 2.2958024444618346 1.3959149445375596 55 61 77 0.50085951414755525 46 557 77 618 2 643 70 382 57 396
5891 -0.44863899504758636 2.0661744739277146 2.4111627884758655 218 202 164 0.92649781269938158 60 947 15 1013 17 790 74 740
4274 -0.74128023625425732 2.3337649090801134 1.3526203175758778 116 99 26 0.1973851927774907 46 560 77 621 2 645
4275 -0.83990311238335191 2.3474114190150837 1.3855548014807018 34 40 53 0.070721213543944866 46 402 77 627 2 652
4869 0.44593566621472186 1.0150689451806347 1.5827435498771669 0 0 0 0.6816005935551126 79 989 100 1112 39 933
4276 -0.85699615407798047 2.6336339721591626 1.6603617348824655 113 112 102 0.14920945746419143 30 694 77 661 2 689
4278 -0.41692196321942454 2.8236653090758521 1.31147261571568 38 25 21 0.074697690389047833 46 476 77 668 2 697
5380 0.76778103772046835 2.3983604542574044 1.8305152395065112 100 61 39 0.41990976045501882 14 781 62 928 68 834 61 745
4279 -0.79626086024769827 2.7217955857360732 1.5426828315456391 113 114 104 0.020892360468698103 30 705 77 672 2 705
4873 -1.0134862796037247 1.7737904890699203 1.2829172959287944 0 0 0 0.4930183955411257 5 1166 66 1029
4280 -0.85345012295161926 2.7421356924630853 1.5266334733636233 118 119 109 0.078676606193297416 30 711 46 595 77 678
5390 0.48310003707794646 0.82503625254405533 2.0592049590331158 255 251 76 0.72039715194529919 62 1008 10 994
4281 -0.48781899887396551 2.891317242413165 1.1899445710157266 133 92 67 0.083806403829435674 30 730 46 604 77 687
5899 0.77128746226449985 1.6514507794690365 3.0343966167618244 81 52 37 0.22594942243693553 20 912 60 1076 15 1096
4282 -0.63934558482148995 3.0222957153991978 1.1028989223104588 87 87 82 0.48123115384046572 32 965 77 698 2 577
4283 0.30081344781981872 0.91390675874614591 1.5046005077770708 153 136 52 1.9651793784820473 30 739 2 800 67 946
4877 0.072216187881279648 3.8906173487901006 2.0674401495572035 96 73 52 1.1284932994668062 78 600 39 999
4284 0.50280703206611299 2.1592014787421174 1.6371105820344121 238 222 184 0.32174845920836731 76 762 77 738 2 416
4285 -1.0244673850412458 2.2842524514763367 1.7109291435979306 94 109 139 0.52680082649905435 46 672 77 755 2 777
4286 -0.87849009594000727 2.3308823533872913 1.8972575967010876 84 74 45 0.39635952534036756 30 905 77 761 2 838
5388 0.87459132170900189 1.7053527971217604 3.1104271992294295 0 0 0 1.7201218867014914 14 871 62 1001 68 905 61 844 96 928 75 915
4287 0.064512690019173757 1.8662020301466156 1.6511984560508239 45 34 25 0.25492568108222641 46 657 77 811 2 748
5670 -0.35688666828319937 1.7848933578740622 1.9346873283715349 24 23 25 0.75146521109943465 4 710 20 890 60 903 15 984
4945 0.073932424115777315 1.9071222161447858 2.3890827076604939 31 30 29 2.0541168880222851 25 1179 28 862 78 1067
4288 0.38799930856963577 2.2001387047182983 1.577825905536727 12 11 13 0.13546004531661959 30 986 77 819 2 761
6695 0.32731385239480432 0.99181976121682236 1.8805313689202108 212 129 17 0.1914452746140447 96 81 75 79 86 81 61 398
5462 2.209010877966 6.9584948718164616 -0.84709464544055058 220 187 137 0.75156545771570071 10 613 71 231 4 157
4289 -0.47402470675051617 2.3293540852299168 1.294050946095727 100 88 23 0.99423088025938999 30 200 46 789 77 821 2 767
5971 1.4200391263358092 2.1313877710390066 2.1946522195837659 236 224 195 0.73488859248230409 26 565 82 502
4290 -0.86471173881603025 2.3387279302380146 1.4332153296905858 108 98 30 0.43553065949707365 46 740 77 825 2 833
4291 -0.83998431420263553 2.3251924654238723 1.4936325224144129 108 98 30 0.76595012238691129 30 900 46 741 77 826
4292 -0.76209572262666025 2.4324409878692292 1.2161810515815548 89 104 135 0.037758784016376674 46 742 77 828 2 836
4293 0.48843508099242999 2.5504638563636632 1.5490798972967628 39 28 26 0.036417777708955858 30 903 77 830
4294 -1.0676885855617522 2.7390864238491663 1.5752387689825786 105 107 99 1.8238041568603611 30 836 52 737 77 844 2 853 70 518 37 533
5669 -0.7196287059563572 1.8429193696464652 1.7567168715804422 255 241 62 0.52023285474893044 4 597 20 887 60 905
5460 -0.85670218004055088 8.0112836776546388 -2.050578590520479 77 71 78 0.84915431788534856 10 211 71 183 4 123
4295 0.14203866178424698 0.97383326394649561 1.9098438720852202 0 0 0 1.5337762632050276 46 766 77 849
5678 -0.99027187559545837 2.3583819086717481 2.1231741574061629 169 150 114 0.47194709936002593 71 950 20 982 60 1085
4953 -0.33305342807953625 2.0555492177647041 2.5148411430814726 106 71 56 2.3741533357450724 79 1180 92 1055 28 943 31 920 53 1010 90 998 60 1113 81 828
4296 -0.79328933596561524 1.7958276761222514 1.0407413843754829 99 83 18 0.70555635192853938 30 870 46 769 77 861 2 865
5470 0.17885826126765642 1.7261823639465528 1.8951682454027601 116 58 8 0.58142172297101968 66 426 71 360 4 252
4297 -0.9358689124439642 1.7556542792450243 1.389845258088739 138 117 34 0.44956340884878099 46 771 77 866 2 821
6696 0.7983995031539397 1.6896003851955095 2.9586714775922007 228 211 173 0.057500193136613878 96 261 75 239
5979 0.41019038356502469 2.6103573135774365 1.5411357695402659 37 26 24 0.23994755014692407 26 630 82 572 50 599 65 634
4298 -0.75186505352940824 2.2832273245920196 1.3140580358565221 107 59 4 0.41106640593961358 46 786 77 879 70 571 57 607 37 546
4299 -0.28980583210005112 2.0790855154344579 1.334671222037511 209 163 40 0.28651939742243088 30 981 77 896 2 901
4957 -0.77435664631185874 1.6810262314094429 1.1224202243361392 255 232 70 1.4424310858696636 39 1027 28 970 31 923 53 1014 73 1056 14 874
4300 -0.28980583210005112 2.0790855154344579 1.334671222037511 209 163 40 0.28651939742243088 30 982 77 897 2 902
6691 0.69570074016567252 1.0886762362961437 1.2682102495503471 255 238 69 0.48131298188447857 96 962 75 947 86 711
4301 -0.15562827183927416 1.8581143557351669 1.4278663803337812 142 102 20 0.52854314199719099 30 997 77 912 2 898
5677 -0.70384850950041888 2.2465178076915797 2.2802892050992303 105 71 52 0.60267650456455801 71 916 20 981 4 733
5468 -0.89407505443724611 1.8474058348950593 1.4868526133808468 173 96 14 0.6787206017496763 10 73 66 76 71 328 4 224 94 299
4303 -0.81806856693617913 1.6395255074069852 1.1864160285649685 234 179 45 1.2479000497574244 76 788 77 931 2 936
5686 -0.60076188503644645 2.0544309994964185 2.5844289030314984 0 0 0 3.2727675837634136 73 694 20 934
5025 -0.85313354106979933 1.6133474597180411 1.3719348613195463 143 74 7 0.45172455632292713 53 11 73 255 62 131 79 18
4304 -0.51251546370327805 2.2917307355192533 1.149848978903548 100 89 27 0.53691038194417762 30 1029 77 932
6711 0.37005283971226494 1.7301496061619326 2.0226103138847793 13 11 10 0.08724564743549279 75 403 96 430 86 385
4305 0.6588880587696031 1.1102574971159334 1.3230878125455372 138 122 48 1.5963526553241125 46 853 77 935 2 941 67 1111 70 595 57 629 37 567 1 820
4307 0.4068676771388432 1.189788231053446 1.4264696315755068 6 9 14 0.39636491683636788 32 804 45 1030 77 561 76 609 52 482 46 513 2 585 57 364 70 341 37 307
5029 0.92945321154672711 1.2651985046063294 1.6007806197707442 254 239 59 0.36581915242937546 31 82 53 48 66 47 81 291
4308 -0.97166332025092483 2.728351750643879 1.5722146557418866 81 84 79 1.7728035143764644 98 911 32 937 16 539 99 860 36 720 64 449 80 326 30 715 76 595 52 574 46 598 77 686 98 1283 32 1074 16 1374 99 1196 45 1397 36 1009 64 1170 63 754 27 714 85 768 6 892 33 834 80 817 54 855 8 874 42 745 21 1018 2 714 70 328 57 352 37 295 1 492
6708 -0.14622466385248875 2.7201948828232334 1.3468864766886459 43 27 19 0.085820677777953311 96 141 86 169 75 122
4310 -0.93067016889166687 1.9043987933652984 1.4554067322704465 97 68 10 0.2808926925185094 77 65 2 96 67 187 70 57 57 74 37 53 1 70 19 55
5685 -0.4665571691984931 2.1318110375937804 2.6007779228730241 0 0 0 0.095484052493352706 20 933 94 756
5540 -0.77414112905580967 7.9479455970924056 -2.0867586824375919 78 62 60 0.98543989805854881 10 203 71 172 4 110
4311 0.46461589879752319 2.3611319185243183 1.7702444732885234 2 2 5 0.053557675514300233 2 149 57 132 70 107
5694 -0.65080789636534353 2.1432964310356466 2.088705542971165 28 26 27 0.20066298638466326 4 105 94 125 71 171
5033 -0.46290872954730922 1.7807910220448933 1.8225516130945625 233 196 87 0.34845048555777919 79 131 53 60 66 415 73 340
4312 -0.65274177419489077 2.4609350744601777 1.2183254022524124 10 10 8 0.40081977386147294 77 431 2 165 70 104 57 127
6712 0.37221888828452582 1.777512623362185 2.0547671373442178 17 16 15 0.15482583245325918 75 413 96 435 86 389
6059 -0.78081294768075904 2.1673021005229698 1.1051896220165089 0 0 0 1.1147959413240707 26 717 82 671 50 676 65 725 50 690
4314 -0.56699210323882154 2.6230742850129882 1.234259181969531 47 59 83 0.0089985242716128927 77 190 2 218
4315 -1.0489066665467395 2.6644488836190838 1.644923591607975 138 134 118 0.36592020037045542 77 290 2 326 57 224 37 174 1 485
4316 0.24926932284313541 1.0238343085509494 1.7051838809608895 6 9 13 0.16996665199976321 77 342 2 381 70 343 57 366 37 305 1 504
6707 0.11876538716377574 2.2382846419841989 1.7349293550391591 110 78 21 0.33943502382258856 75 124 96 145 86 160
4317 -0.64116648770564855 1.9174821801926898 1.6009126738697537 60 59 70 0.20635709357265075 77 396 2 411 70 68 57 88
4318 -0.6978825244282244 2.1121474737336978 1.3615216138469317 120 1 0 1.0303801459599564 32 233 77 406 2 419
5693 -0.95630097363760069 2.2429636209712118 1.9114949653000772 119 106 110 0.71476387997422486 4 298 10 146 71 137 94 108
4319 -0.94005150544167693 2.1681056887161065 1.5351088450350314 101 56 7 0.76790273005466148 30 455 77 125 2 427
4977 -0.24574957599600006 1.9934640759116102 2.5726340171928439 151 96 67 0.28655316062576541 28 174 31 199 81 145
4320 -0.74659162640985854 2.3097078786902716 1.3708164853918618 93 58 7 0.21091373393877466 77 417 2 430 70 91 57 117 37 83 1 106
4321 0.41514711633363144 2.4590291963138151 1.7495560686958926 35 32 25 0.51638950861461741 30 211 2 435 70 115 57 141
6003 -0.22028134331518578 2.445221544809502 1.5366772545083389 22 13 8 0.25713503421296413 82 406 50 247 65 444
4322 -0.87286868283654229 2.3793884943226913 2.0586692426139441 6 5 5 0.45658381057206304 77 449 2 463 1 454 38 308
4981 -0.098171444286290641 1.6329292353282707 1.9715324179969433 254 227 58 0.24670922472619608 28 302 31 319 53 589 73 623 24 328
4324 -0.63804600151876678 2.6549863046359219 1.6384942174992543 48 48 40 0.19155356429113823 77 490 2 509 70 168 57 194 37 145
4325 0.4118641752635655 1.1844930725396325 1.4309258230909276 9 13 20 0.12810419038789567 77 562 2 586 70 342 57 365 37 308
4326 -0.83315239511489336 2.1665549302558258 1.3956634691094625 165 133 38 0.20660458463823916 77 410 2 631 70 246 57 273 37 71
5492 -0.15528685227647201 1.8987866607992547 2.2672879175106866 145 138 148 0.09132247442359144 10 721 71 579
4327 -1.3584582898991748 2.3481547306972255 2.145702742196145 0 0 0 0.82560131569866735 77 645 2 673 70 412 1 604
4328 -1.267035451085825 2.4539648078350718 2.0282415203036526 229 216 181 0.51483749673646306 30 676 2 685 70 314 57 340 37 394
5502 -1.6835465879077862 4.4772980761549839 0.91317946972969144 0 0 0 1.3865776862721539 66 694 71 821 4 548
4329 -1.2271783692904745 2.483066129242907 1.9827249984194759 229 216 181 0.55876610762745782 77 492 2 687 70 317 57 342 37 395
6011 0.23308157093914672 1.8231886103540904 1.6130019106497973 79 53 7 0.15312050531020543 26 387 50 369 65 396
4330 -1.2009605608917637 2.5176877544655492 1.915320960336875 208 197 167 0.15382867468545075 30 686 77 501 2 693 70 425 57 435
4331 -0.93840548477686736 2.6226428710140119 1.679631100285834 125 122 109 0.26100790356349429 77 505 2 694 57 335
4989 -0.22943132128276414 2.0571919513503545 2.4994230595346343 136 88 61 0.20600895293955129 28 395 31 408 53 185 90 414
4332 -0.72079733536776747 2.7039611292990129 1.5991302599360802 102 103 95 0.38397384693368869 77 665 2 699 57 431
4333 -0.96642725567741705 1.6350241053515153 1.3755149747496485 0 0 0 0.56179485212740154 77 801 2 818 70 491
5500 -0.70631813461977799 2.2014345659854571 2.0453204014850148 142 130 141 0.55225646325700906 10 964 71 811 4 628 94 681
4335 -0.92555724628940228 2.2890858981904261 1.6525729240637663 62 65 71 0.30319894515046791 77 827 2 835 70 510 57 543 1 735 37 490
4929 1.2564696489325351 2.252836634349753 2.0876646859619119 248 225 176 1.3816805057868891 39 387 28 537 31 578 53 637 49 684
5446 -1.1308474623088458 2.2518413123136334 1.8882342403358188 0 0 0 2.0748207539401271 62 1105 73 1116 66 1219 24 997 14 966 71 1014 4 871 94 867 10 1155
4337 -1.1017019604495779 2.7135652416142686 1.6355142481712852 108 110 100 1.7206261800960612 30 832 2 852 70 553 57 560 37 504 19 558
5955 -0.28975897688166646 2.7728942139786965 1.283073011575381 75 52 42 0.21017990087301494 26 338 82 159 50 300
4338 -0.94632113444733534 1.6902318036216879 1.4444704728122895 0 0 0 2.0322515252364686 77 892 2 897 70 561
4339 -0.77128601486009529 3.0394290185591468 1.1470233745762619 0 0 0 0.66283160326481649 52 817 2 911
4340 0.44559506492087975 2.4812307658571942 1.7389603832889726 187 176 145 1.3319293186100138 30 649 77 427 2 436 2 832 98 1267 32 1147 16 1352 45 1370 91 931 97 1144 84 1097 87 1180 48 1562 11 1551 33 722 72 636 7 838 70 513 57 550
4342 0.22069625593948242 1.8119049109964585 2.8293623658189317 59 37 27 0.66840384491654103 25 621 47 126 78 634 100 565 79 877 39 440 90 241 73 820 66 900
5444 -0.99617763043145746 1.9467745509082475 1.597853686834565 0 0 0 0.95284052129106533 39 858 28 875 31 865 53 882 73 1031 66 1121 24 905 10 1099 66 1158 62 1043 71 974 94 783 62 1023 9 989 24 791 49 964 68 883 61 724
4343 -0.037870767786247352 1.9571423604353555 2.4525768950186135 13 12 16 1.1900647240192082 25 359 78 357 47 171 17 234
4937 -0.41938177628851014 1.5365094984151608 1.3811103009742223 255 234 66 0.41703119375511954 39 733 28 696 31 701 53 783 100 861
4344 -0.51659051810449508 2.8634438318700459 1.2713390080590938 36 29 25 0.30244750465992193 21 660 47 284 67 611
4346 0.077886827947988402 1.9296675481784864 2.7169884618822824 52 36 32 1.6939995025157681 25 909 47 512 17 780 74 496 35 440
4347 -0.83691190262961601 2.1247409342536199 1.4533869511406892 190 157 46 0.34619141984451235 21 809 47 552 67 527
4348 -0.90748330146974376 2.1068872107681682 1.5525598293073359 82 57 9 0.59694246561683306 21 591 47 559 67 243
4941 0.93678132874187525 1.9845137606588277 2.4245314608982484 242 222 178 0.17565853872641415 39 802 28 763 90 761
4349 -0.78939977590086297 2.3298295910686893 1.376732780316535 47 34 3 0.57082810408678042 8 588 47 562 74 471 35 135
4350 -0.48663108979618874 2.8888004996978105 1.2408750999747578 35 23 18 0.26815724222278381 58 608 47 590 67 612 1 210
4355 0.69668114020617233 1.0834510155944337 1.3310027470806409 126 112 43 1.3998007884492865 21 916 47 873 15 1034
5810 -0.64418160618427756 1.833279173367355 1.8230191149839705 163 105 28 0.20641175761932676 20 582 60 668 15 799 17 755 74 697 35 633
4356 -0.071595501103446021 1.784078915472185 2.7298147757857385 0 0 0 0.7080521203794361 25 1093 47 928
5303 -0.64399256253381709 1.5784336459919528 1.2624585130527106 223 1 0 0.10820593314679146 39 1 14 1
4358 0.72359641355375803 1.0650469967035574 1.2716241091099825 194 164 53 0.55002227074915244 8 1131 47 1049 21 908 17 1020 20 995 74 969 15 1155 35 703
4359 0.97491749033922093 1.6531152184212188 3.0023106335722476 0 0 0 1.8963658612398469 25 1253 47 1064 53 933 73 1077
4361 -1.1272833820860475 2.4065657892180585 2.1357774601524286 216 203 168 0.24036040060864558 21 1179 47 1113 67 1079
4362 -0.64267749580862765 1.5750245845696993 1.1059844868397324 251 203 50 0.59786435039060148 78 1304 47 1139 25 1332
4363 -0.83280696063733251 2.4359437880971937 1.5080526374673722 58 58 53 0.46912121855992173 58 1235 47 1165
5818 0.72437994842150455 1.6711710152639714 2.9656640735379796 226 212 177 0.031033273664984685 20 478 60 782
4365 -1.0041415079466489 2.4757517130029596 1.981535751437917 75 78 73 0.20713971482496718 47 334 67 370 1 222
4796 -0.26310734698447369 1.8633820703337116 1.3702515039121594 254 235 62 1.8358011846878206 100 1143 79 1167 39 1012 31 927 28 954 90 1020
4366 -0.57916825482791467 2.8467931802479667 1.3417641071737509 75 75 68 0.12370829923328486 21 334 67 385 1 233
5305 -0.87274812741112406 1.9032718766338916 1.5720294817426823 116 90 69 0.10345523786611377 24 73 73 299 14 95
4367 -1.0270949061826262 2.4731461805854886 1.9990135884545113 119 116 99 0.16025179037913212 8 356 21 317 47 339 67 387
4369 -1.0454772028993877 2.3181396263757938 2.1859654106096547 169 154 150 0.57982053850432236 21 832 67 591 1 188
4736 0.92761518100051843 2.0436649587068403 2.3391720257202175 231 217 179 0.57614880904355548 100 705 79 768 39 595 31 604 28 421 53 676
4370 0.42562862085648168 1.0727656153092355 1.4501282387786543 10 12 14 0.076221720920788549 2 378 67 680
4371 -0.97141068333448077 2.3244942797264194 2.0818763449346793 23 20 17 0.75914190272604365 58 819 67 771 1 582
5762 0.32862737796228914 0.73255042278986515 1.8880366500043855 255 233 70 0.46699195520448378 94 831 9 1086 49 1039 68 937 61 859
4372 -0.79778887884064142 2.5693857740492616 1.7550849509026745 113 107 90 0.06469025513623862 21 849 58 832 67 783
5255 0.41911802983090712 1.7794333344082809 1.9397474295003045 21 15 9 0.35132529750406905 73 148 24 132 14 165 62 454 10 126 9 527 49 568 68 526
4373 -0.67985818345466609 2.6711603214208117 1.6298755713957154 66 69 64 0.44390615957429708 47 806 67 785 37 385 1 595
4740 0.34385797912607713 2.0985051785693813 2.3936005507473466 248 223 173 0.11758111103311923 100 722 79 785 39 584 31 571 66 797
5249 0.072390225536633102 1.9086175639453711 2.325675303772051 92 94 101 1.5693761086736047 53 1046 73 1120 66 1214 62 1115 71 1004
4375 0.20251963170233245 2.6528958929137088 1.4574441623403884 49 42 46 0.65746659337809144 8 775 67 894 1 653
4376 0.40053024936418347 1.0533381680593066 1.4956952281591631 97 109 137 0.46513031285616463 2 723 67 953 37 410 1 699 38 322
4377 -0.28609092819233917 2.804749903244339 1.1912087060165668 0 0 0 0.10796843530848721 21 1097 67 999
4744 0.14467130960585273 2.0008828663361409 2.585405600540625 248 224 174 0.093245714465446425 100 781 79 840 39 646
4379 0.32915723666231561 0.71248812745627765 1.8904298772021029 152 133 52 0.96865130227752672 2 799 21 1157 67 1057 57 439 37 458 38 402 19 513
5770 -0.95400856010174073 2.2778179284320434 2.2252851298079812 92 62 48 0.82678118942660961 73 1001 66 992 10 468 71 444 20 725 60 959 15 1022
4380 -0.95886868932038494 2.2924538620062189 1.895803401054112 27 25 22 1.0572437649717645 74 1092 17 1143 35 1003
5263 -0.092550373719534396 1.526904059567975 1.8976318865138582 255 209 50 0.17269634183869417 73 113 24 318 14 355 68 501 49 543 61 128
4381 -0.54594391432683165 2.9088388687681741 1.0472022851301694 0 0 0 0.72725252598036394 8 1221 47 1154
4382 0.41759255024794345 1.1571042829792817 1.7196023066685344 129 110 36 0.38351537123620116 77 13 2 12 67 6 8 11 58 405
5257 0.076056417878671886 1.8571847185183763 2.3185804394675591 21 20 21 0.066309360729380054 73 192 24 201 14 209
4384 0.24314888572410667 1.4028971334026756 1.3603350457512455 97 54 5 0.53521575039963831 32 432 30 606 46 516 76 284 52 487 77 567 2 594 67 689 58 664 21 713 47 683 70 351 57 373 37 318 1 511
4386 0.36974683440106626 1.0196102168345278 1.5486668581080634 11 12 15 0.42121333910620218 32 1094 30 854 52 584 76 605 46 694 77 792 2 804 67 951 21 1037 47 993 17 837 74 780 35 709 37 406 38 320 19 444
4387 -0.64231698279743987 2.2123058090631758 1.2228348514512852 109 98 30 0.33072019114109558 83 279 51 94 7 70 18 75 3 68 7 479 65 242 50 206
4388 0.33654231432322362 1.8823364105339657 2.7338852783799266 226 211 175 0.13674144508065894 11 213 51 198
5207 -0.04283962826165686 2.0651719856884916 2.5139436535611548 223 203 159 0.0059828777683674774 73 725 66 821
4389 0.49725543815294987 1.7411818244218598 2.8742860772762961 53 28 19 0.23187376689313446 11 197 51 200 7 138 18 223 3 151 23 605
4692 0.53158017015106551 1.1098720438080532 1.3440786772379172 171 179 197 0.59476785404697308 100 857 79 316 39 732 28 701 44 828 31 705 53 529 90 868
6087 -1.0298816233478103 2.5034113840333774 1.9525602255487107 122 116 100 0.45904242007128437 15 338 17 354 74 333
4390 0.65484266398421254 1.7151231428335321 2.9294667461045747 57 33 20 0.14971721849444522 84 96 51 231 7 160
5201 -1.1778372840792384 2.4090834767980507 2.1087918860068022 227 213 174 0.37615468651011763 73 645 66 709
4391 -0.64774636450990997 2.2401329099016389 1.2254861436498485 39 40 46 0.10479265479987283 83 512 51 535 7 483 3 388 50 208 65 244
4392 -0.17751826607632004 1.9764672016205069 1.4394836178277108 115 87 35 0.10966910207436639 83 48 51 539
4393 0.39203746975804699 1.7565707090395015 1.8012254934272929 27 29 38 0.19805150426608004 83 281 7 495 51 558 3 398 50 376 65 405 18 472
4696 -0.49607123325277103 1.547051516479266 1.4989022167837394 255 245 61 0.26112053330225105 100 25 79 348 28 234 31 229 53 251 90 281 73 266 24 273 14 327
4394 0.36901963955862471 1.5871358485704341 2.0158565270130384 167 165 168 0.31815545776100046 83 496 51 865 7 926 3 781
4395 0.21302990840202432 1.9069852140280423 1.5879511450822754 8 8 11 0.049043002224908899 83 515 51 869 7 779 3 662
4397 0.48933953116780154 1.7965830043170925 2.8322433090986241 78 52 40 0.47403557721084338 48 1309 51 913 3 466
4700 0.12074041088134597 1.3247326695253048 1.926075479593371 177 116 26 0.42612579091721936 100 105 79 449 66 406 10 663
6095 -0.11902509953679698 2.066185937488985 2.3830919126430636 140 134 150 0.21803504435620999 15 268 17 541 74 493 35 667
4398 0.66814140729605942 1.6596121386274596 2.9876818101953324 161 109 82 0.12892237546958257 87 626 51 914
5209 0.67705409629912916 1.7389068835035451 2.9284902273707165 223 209 175 0.36817363103293665 73 843 66 911 10 291 9 408
6088 -1.1818455450741927 2.491721671985204 1.9933625597140321 119 118 104 0.37299221687852696 15 358 17 374 74 350
4399 0.1691838438051266 1.9023325640020425 1.5655441573886857 103 91 27 0.75445805268785637 83 750 51 1082 7 1009 26 530
4401 -0.53180081208284635 3.0261560590687342 1.1461013178290602 0 0 0 0.29107746339490692 36 1073 51 1113
4768 0.099851647722659406 1.6476142709486097 1.3800741600961244 0 0 0 1.3917625156089097 100 994 79 992
4404 -0.62901497667621764 1.7774192497924746 1.0616291460855993 88 50 4 0.41960147998132613 83 837 51 1166 7 1041 3 834
5287 -0.96563119880572656 1.8183548987337286 1.5006210955854387 0 0 0 0.91620296215634323 73 1024 24 901 14 880 62 1014 10 1066 9 988
4405 -0.17908785078129158 2.2401107697530325 1.5775874908418266 111 74 13 0.72233121713103943 83 762 51 1265 7 1061 3 922 26 607 82 552 50 622 65 662
6103 0.32490048634241431 0.98799212261079583 1.8431623525467724 138 117 34 0.17698360944903277 47 675 17 844 74 788 35 715
4406 -0.54378565311216753 2.8606494226310528 1.2230490029736334 117 119 110 1.9867474573227923 83 891 51 1331 7 1125 18 1340 69 1000 23 1223 50 685 65 728 3 992
5281 -0.29598773116008048 1.7774609340779841 1.917518450643364 238 182 46 0.5560133863118577 73 891 24 805 62 761 9 518
6096 0.20966200674394753 1.0270373514393671 1.7067372503813936 25 25 26 0.15343736030990432 15 655 17 660 74 609
4407 0.54796783933230653 2.400644817657823 1.7549651826860637 0 0 0 1.3308599064414677 83 873 99 1380 36 1165 26 685
4408 0.57898705875998324 2.4024154653611967 1.5375643595232358 0 0 0 0.76962112767106139 87 1352 91 1241
4409 0.62257750389991362 2.5030886707598641 1.2416463180168211 87 86 81 3.5094756080386773 98 1274 51 1128
4776 0.39394696317973704 0.81813455278801506 2.0213035347110306 226 163 42 0.40797023668211135 100 893 79 1021 39 772
4411 -0.28198318635912523 1.7874866949164165 1.2766323818643843 95 73 9 0.088942700811523931 51 62 7 39 18 55
4412 -0.6328877833750528 2.1084474801648123 1.2158705203829341 83 58 8 0.23016951811825567 51 82 7 55 3 54
5295 -0.48264673467042901 1.5064384690667911 1.4667941237783706 255 207 49 0.2741035027991679 39 734 28 451 31 479 53 784 24 564 79 900 73 860 66 931
4413 -0.22037012854846583 1.9071787261897162 1.4985482923945062 37 37 44 0.023882706712622166 51 92 7 61
4780 -0.44238964401024172 2.1740420998951149 2.3795691437169633 221 204 164 0.066967560353143926 25 1263 100 1093 79 1050
4414 -0.65762094753737621 2.1446482628466099 1.3009638169437625 121 66 4 0.32493881502610145 51 532 7 62 18 415
4416 0.24346753345057628 1.7915455151378221 1.6118587363947898 108 88 23 0.22386814186773962 83 44 7 77 26 29 50 202
4417 0.41881517564265164 1.7984537074469389 1.9622621180590676 148 140 146 0.069823056191175611 51 565 7 95 3 408
4848 -0.79209405598349114 2.0453641959196829 1.8649809921778726 37 28 16 0.3485294933518322 100 641 39 497 28 470 31 269 53 578
4418 0.38706541115616205 1.8476338613469656 1.9320044786786739 3 2 1 0.17445963685031032 51 139 7 101 3 88
4419 -0.46989452770186552 2.4852482431271956 1.305572753261709 25 28 36 0.12946442426170043 83 308 7 107 3 95 26 253 82 387 50 224 65 268
5874 -1.1117601828471739 2.3562393645393209 2.1522922250136221 216 203 168 0.38902489183264877 60 275 15 640
4420 -0.21827840730605746 2.4464213359595508 1.5346306931799076 55 32 2 0.21287592350864407 83 336 7 125 3 115 50 248 65 445
5367 1.3045980773621477 2.2293545730986306 2.0152985463235855 98 57 37 0.88293105198736754 66 221 62 552 10 493 71 413 94 421 60 349 20 273 49 648 61 505
4421 0.17134584627015573 1.9231500936438759 2.6942396480101833 60 39 25 0.28749741535353401 51 177 7 131 18 502 23 549
4852 0.75626678545118453 2.075128434206464 2.3500961500666264 250 227 177 0.25758409833495727 78 747 100 707 39 589 25 746 28 567
4422 0.36596090969007272 2.0855966762151179 2.0465616607408936 132 96 21 0.13362846751931481 84 123 7 142 26 76
5361 0.26437586334910973 1.8656002426789984 2.1245009928812499 159 85 9 0.48160684189188024 66 203 10 419 94 561
4423 0.31397791804800174 2.2403390673299297 1.6558083432100932 38 39 50 0.10887008931594475 87 193 7 144
4424 -0.47428575376389004 2.774597753431697 1.3466354580437849 91 98 96 0.20150126146535147 51 181 7 180
4425 0.27557454026677541 2.3391947840986242 1.7007515504321904 25 25 34 0.13590061394629838 51 230 7 201 3 145
4856 0.30218469086124522 1.7047709574239007 2.6332695419018965 243 222 174 1.9288337492042078 100 810 39 675 28 614 31 625
4426 0.34534474602863896 2.3183358652892365 1.722501415025131 27 27 34 0.072575176716476439 51 239 7 212 3 155
4427 0.34534474602863896 2.3183358652892365 1.722501415025131 27 27 34 0.072575176716476439 51 240 7 213 3 156
5882 -0.37487564908799215 1.646297627500839 1.1926588509137797 244 210 68 0.13066679527537303 60 847 15 934
4428 0.39262258504017161 2.3278014248789383 1.7469408672521971 62 68 89 0.13968792006165884 83 141 7 238 50 128
5375 0.45900573922163057 1.8346024435918786 1.9164393565002873 14 19 27 0.95561837912705117 14 375 62 771 10 702 94 547 9 841
4429 0.65440267134206531 2.1392219946595543 2.2642532238833417 99 89 71 0.12682257929415314 51 293 7 251 18 257
4860 -1.2988729126382739 2.4378477080426886 2.2482768172716181 0 0 0 1.3286754606449886 25 1126 79 951 39 777 73 914 14 765 60 1088
4430 1.4534500501283727 2.2197428199718323 2.0130910966354518 109 81 71 0.23359527814819933 51 806 83 228 84 488 7 429
5369 0.71477681386873848 1.0694736696347118 1.3245002745327636 255 196 44 0.69565167342582646 14 587 62 718 10 297 94 0 9 784
4431 0.58403443889009499 0.90170814975700064 2.1782830547169247 255 255 83 0.90561120940273776 51 1041 7 441 3 755
4433 -0.26973403122984208 1.792246597059546 1.2381519492173985 201 200 214 0.29107731343326798 51 835 7 460 65 30
4800 -1.004006042319729 2.2714027383092446 1.9693704487667854 66 65 60 0.49005529353650501 100 1150 79 1178 39 1021 90 987
4434 -0.25481027507825982 2.0833520744353176 1.3655604408997679 78 62 18 0.48066819170240421 51 862 7 487 3 74
4435 -0.10190797673961828 1.9520037157866263 1.602288877214592 63 27 1 0.16075974567900028 51 543 7 490 3 395
5826 0.43062779585465766 1.2694865523605829 2.7277372293128148 0 0 0 2.6437603984088431 20 897 60 914
4436 0.18913715838362252 1.7886353931815138 1.770249707986765 62 24 2 0.2501191331831305 51 551 7 491 3 391
4645 0.46989784630974402 1.716132821888398 2.8872930934436765 152 101 71 0.67505159584655194 44 962 100 964 79 972 39 827 28 778 53 931 90 821 73 1012 66 1015 24 885 14 801
5319 0.59559565548528015 2.4630747688432724 1.7172182361246029 143 92 65 0.22096671047184152 73 380 14 396 62 484 68 569 61 483
4437 0.28710501518080478 1.9663553761106747 1.5920668747675031 93 93 107 0.18427738843238653 51 875 7 502 3 403
4804 -0.870793396047293 1.7841263290949325 1.4733542060731375 253 195 52 1.5625359487451667 100 1164 79 1188 39 1013 28 949 31 924 53 1019 73 1102 66 1194 24 969 14 942 62 1063 10 1130 71 997 4 850 94 842
4438 0.43216715203969752 1.8331265873096732 1.9411473571219779 19 19 22 0.78390548604341481 51 879 7 508 18 476 3 672 23 701 75 408
5313 0.37087044564168004 1.9249858852350732 2.1498533991412101 29 26 22 0.68738984808020931 24 188 14 204 62 274 10 435 94 112 9 559 68 562 61 464
4439 -0.57149916074968787 2.6475426962879998 1.3272457372318314 2 1 2 0.10555393924955939 51 571 7 528 50 423 65 450
5156 -0.29952851736228592 1.7513257996066633 1.2764470578716705 254 231 61 0.063720546098729694 73 263 66 33 24 271
4440 0.31313224889700636 2.0706234818214613 1.9376149209438471 64 29 2 0.030816418435116941 51 582 7 530 3 437
4649 0.6701276794756803 1.0616387204099755 1.2293385573130999 0 0 0 0.86669873593375646 44 1054 100 1056 79 981 39 917 28 802
4441 -0.156853946665652 2.4246760057866075 1.5599098857675489 57 34 3 0.22112516982149769 83 340 7 536 65 446
4808 -0.67069266753915446 1.95150750910451 1.8070469718233708 255 235 60 0.77727559336644492 100 1175 79 1204 39 1038 28 975
5166 1.0845992826236706 2.3289244569385961 1.9028605955276883 105 75 64 1.2364619235523915 73 412 66 213 24 367 62 506 9 319 49 308
4443 -0.44135122686322353 2.6829969725292071 1.3314873792014486 4 4 5 0.8074326960289081 11 854 7 545 3 451
5834 -0.022466292126139792 1.8530814083602776 2.3196004878482053 139 131 144 0.52103778005650381 20 972 60 1012 15 1094 17 988 74 932
4444 -0.37201403072804057 2.6052852955195127 1.4373750123280127 61 70 95 0.18062811740451748 51 158 7 547 3 125 50 119 82 280 65 140
4653 0.94349575763477289 1.2276603894329001 1.7071527729735203 255 229 62 0.63598257076414733 44 1077 100 1073 79 1003 39 950 31 873 53 958
5327 1.1845319812705457 1.9096452876437773 2.5337288044244235 254 232 177 0.32158242944747512 24 730 14 704 10 814
4445 0.56937539329537368 1.6296489218215287 3.2720574708258914 158 108 83 0.61197801650390149 83 79 7 554
4446 0.28497774500438905 2.2008409201152141 2.1812106399872557 95 72 50 0.23043764336611616 51 609 7 564 3 201
4449 0.33144541522830939 2.3271760931311234 2.0414338054840933 187 166 126 0.056137771400392347 51 643 7 608 18 566 23 578
4752 -0.070595494569653722 1.4377427092724859 1.925743665554877 255 198 44 1.2583026288237387 100 890 79 921 39 767 53 579
4450 0.38341992733079017 2.3024339057495546 2.0723228622915393 221 198 153 0.32816568986082745 51 937 7 611 18 823 93 831 3 500 23 727
4451 0.35409266914230453 2.3585084950134538 1.9943292752539838 203 182 139 0.1973462512331404 51 659 7 624 3 506
5778 -0.18375507581305478 1.9925137871731473 2.3006803836736038 82 83 97 0.33060335914659433 4 335 71 209 60 184
4452 0.24694367465261174 2.5623540820953754 1.6458016863883587 90 98 95 0.10963792402095213 51 944 7 656
5271 -1.3424712046592346 2.3873569236361032 2.1202842581285779 157 108 83 0.15348814096646524 73 909 24 608 49 916
4453 0.93757197668702374 2.0820782642856868 2.3201629080962447 136 121 91 0.075585057592319913 51 735 7 682 3 547
4756 -1.2184997161802638 2.572054420555971 1.848905633444234 0 0 0 1.0458427317785761 100 645 79 939 60 1084
4454 1.2100976870951714 1.9408428180748221 2.5137771890991849 127 114 88 0.14029155352016598 51 763 7 701 18 669 3 564
5265 -0.79151221244979142 2.390532040254405 1.7837564856057424 0 0 0 2.377292259244022 66 435 73 627
4455 1.5174701387107861 2.2173662820599049 2.0407675699582581 34 22 19 0.38055020217520297 51 808 7 728 18 385 3 744 23 403
4456 0.39543648760295735 0.85597971436779818 2.0084421567794899 204 118 11 0.16111811516171778 51 811 7 733 18 686 93 327 3 605
4457 0.30757835333384947 1.4212106767555743 1.3736237848960486 22 22 28 0.074013591675998844 51 832 7 744 3 613
4760 -1.094938737963848 2.3756311207783538 2.3010364947791464 219 188 146 1.4746065299672289 25 1121 78 1114 79 952
4458 -0.60685028219742831 2.0318302382527924 1.1978724110164098 14 12 13 0.25028854498299968 51 1057 7 759 3 641
4459 -0.20476013644303043 1.9307145882320822 1.4673669226287329 254 227 58 0.35638714189031351 51 1069 83 267 7 766 3 647 50 38 65 47
5786 0.31591564640442149 0.91904946646527519 2.0361428117297518 255 197 53 0.5442729969619694 20 512 60 296 15 41
4460 -0.70245085279357711 2.2601806282552768 1.1354580885518473 0 0 0 1.2127152759426967 51 1067 7 769 3 844 26 589 50 568
5279 1.0647657249963747 10.200589803759886 -0.40812562970825406 254 229 175 0.40734866728738828 66 576 24 679
4461 0.25486600203733878 1.7621085847125981 1.6276255609647079 23 20 25 0.057240543147418076 51 541 83 497 7 771
4764 0.56105711941583714 1.7184312063031266 2.9652648150434717 152 100 70 0.38854142961189692 100 970 79 976 39 833
4462 0.37832878474742454 1.6155633163876368 1.9574068924238308 26 17 2 0.17524518606433878 51 866 7 774 3 389
5273 0.56701658577464853 2.4570881455539979 1.7876668603437289 224 203 163 0.1041299675675631 73 648 24 629 14 646
4463 0.37070091680394696 1.727146564537819 2.8099872458544617 114 82 69 1.1365081369126775 51 900 7 790 3 448
4465 0.4201693431226986 2.0149481873484829 2.0109177273610777 59 60 71 0.18764676998074281 51 906 83 528 7 800
4832 -0.48612377212778463 1.5983712799587473 1.5863468440236488 255 248 65 0.39659733338405184 44 593 39 239 28 239 31 238 90 476
4466 0.34547236098305384 2.0703738571185291 1.9604503450882846 123 96 22 0.39107820031916596 51 905 87 143 7 802
4467 0.33493877499125074 2.0837845298786917 2.0347823194343206 96 44 4 0.2857336223307993 51 908 83 538 7 807
5858 -0.44690242509763128 1.6398851344986143 1.3162790796956125 0 0 0 2.8335756885324317 4 869 20 1064
4468 -0.48649732714145366 2.7162998584747275 1.4169547473573596 2 2 3 0.19022761541935232 51 583 7 814 3 459
5351 0.69084078015807293 1.0543771262009864 1.3179579725145305 213 111 12 0.22086191114646389 14 0 62 0 10 0 9 1 49 384 68 0 61 0 96 277 75 0 86 220
4469 0.39802422209468208 2.197003641726837 2.1773607085558875 234 209 161 0.17765095207038917 51 925 83 556 7 825 3 485
4470 0.76266213041379671 2.1470686544803561 2.2397275101145295 121 110 86 0.26852081478394019 51 959 7 834 3 715
4472 0.29955363900944104 1.3454310744931606 1.364626763841194 254 235 67 0.10357120131693416 51 1168 7 892 3 750
4473 0.33509045709123642 1.407744423749774 1.3994861167104959 113 91 23 0.14146964005575768 51 1046 7 897 3 615
4840 -0.48457402890316997 1.8278968876331108 1.9171040439308145 147 146 163 0.3444061420819593 100 433 39 292 28 71 31 283
4475 0.25733971108555947 1.8109767497841767 1.6554355971678953 106 88 24 0.67883481672753243 51 1081 7 928 3 846 50 486
5866 0.28810034960124353 1.6437370838581977 1.6520021712673669 194 133 29 0.087793585462646595 60 314 15 401
4476 -0.064121808908438133 2.0668414042399452 1.4439151247489392 10 13 18 0.10650532820486394 51 1083 7 931
4477 0.20534116886371859 1.9829404399069799 1.7987464794043719 83 59 10 0.51512324365802964 51 1205 7 943 3 856
4844 -0.27173734789027032 2.1410157535942838 2.4096236108821754 26 23 20 0.13303532015480887 100 527 39 402 53 433 24 219
4478 0.37087215206021024 1.914872754521084 1.8885738002918904 112 91 23 0.27853685201041872 51 1089 7 946 3 796
5353 -0.49337203611887892 1.538470728983389 1.5056381755877313 255 245 60 0.11676360098374054 14 328 62 145 9 147
4480 -0.32701305519758544 2.5334899421738855 1.4564903154084454 57 64 86 0.20027185947297374 51 890 83 768 7 953 26 623 50 511 65 544
4625 -0.51650257487289253 1.8094701551655987 1.7903455745941139 254 227 62 0.28613364381036216 44 398 100 409 79 121
4481 0.79250284255556469 1.6283239927044799 2.8619924802630683 0 0 0 1.7706095771409807 83 686 3 867 50 421
4482 -0.64316403215818507 1.5944288341854629 1.2316723013577995 250 2 0 0.70549029481629244 83 726 7 987 20 856
4484 -0.54623715673861761 1.4781287698693508 1.5783013799845895 0 0 0 1.0771369881206052 51 1164 7 990 18 1235
4629 -0.76924866330758568 1.5868943335694712 1.3022561308001277 255 247 64 0.038309187308113758 44 562 100 579 79 328
4485 1.145457099739033 1.2397576421888143 1.6782909837928714 0 0 0 0.089109416401619748 51 1260 7 1001
4486 0.23764991544342151 1.5822884260445955 1.912622530850294 0 0 0 1.050618515415503 51 1072 7 1006 3 775
4488 0.20138392699452098 1.8926597034577415 1.7357413077575761 10 5 2 0.45914789704158876 51 1262 7 1011 3 849
4633 -0.88702002413401548 2.2260695582553804 2.3152347806063163 148 98 72 0.66548659380121078 44 692 100 701 39 533 28 490 31 524 90 513 53 613 73 664 66 739 24 620 14 640 62 483 10 499 71 681 4 534 20 729 94 424 9 265 60 962
4489 0.20138392699452098 1.8926597034577415 1.7357413077575761 10 5 2 0.45914789704158876 51 1263 7 1012 3 850
5150 0.7798236163460579 1.1598433829947032 1.3683674242935449 255 154 23 0.17471738934356953 53 19 66 2 24 38 62 60 10 10
4490 -0.48610904828522178 2.3095745407867492 1.3542842572291551 98 88 25 0.93906893165403171 83 758 7 1015 3 851 26 652 82 605
5659 -0.54922213890785831 2.152018586726232 2.0547907213300789 80 42 4 0.36477554289020736 4 308 71 408 20 397 94 385
4491 -0.17886610560103661 2.1556125098236669 1.6051372051677308 8 3 1 0.41064470262951008 51 1085 83 678 7 1017 3 853 50 498 65 534
4492 -0.70482406926465568 2.5093490979819597 1.2657144838836996 56 59 75 1.0570520817716091 51 1084 7 1018 3 795 65 609 50 578
4637 0.39787400173168336 1.713700523536243 2.8961788819238063 129 79 54 0.29084667591690849 25 378 100 851 39 718 28 437 31 679
4493 -0.49474915432413291 2.5210259861299931 1.2938544100734253 46 52 71 0.25908692733340372 51 1204 7 1020 3 857
4494 0.0092006579814550345 2.4150921856420373 1.6418335600597342 86 74 19 0.149298604931111 83 816 7 1026 3 864
4496 -0.97687197852063279 1.6444496867935001 1.1658985719624264 0 0 0 0.099338945512593951 51 1279 7 1035
4705 -0.1019274878102532 1.6992856863059205 2.0244301127400313 163 118 23 0.61170138123557161 100 656 79 475 39 327 28 318 53 344 90 340 73 364 24 336 14 147 62 446 10 694
4497 0.6104932459290574 1.0212795800144285 2.0985980425568669 255 232 63 1.5231880053175575 51 1283 7 1043 18 1289 23 1180
5222 -0.37601180234420611 1.7848463447473994 1.739884053471223 255 241 61 0.40039883745556254 73 977 66 1046 10 935 71 775 4 424
4498 0.27466445019966923 1.5906870650352503 1.9819276145311011 172 130 52 0.66784438711769145 51 1261 7 1057 3 912 50 615
5731 -1.0268459448095824 2.0651383056055894 1.7072058351697985 206 208 230 0.57945557556113192 94 724 9 942 49 905 68 724
4499 -0.18595088988715544 2.1126186301069305 1.3612944261122866 54 58 73 0.33083198447687806 51 1195 7 1058 3 847
4500 0.069480326815430579 2.3134178126946754 1.6213245419836166 75 60 15 0.16367932255224157 83 812 7 1063
4709 -0.11623576241978302 1.8322418881534186 2.1816319689405379 23 19 15 0.1690803959245929 100 494 79 537 39 356
4503 1.4131993789056616 2.2331380652174553 2.0143820651206412 72 49 39 0.35389519656192142 51 1277 7 1080 3 935
4504 -0.11252974154275096 1.6086831185587804 1.3838293733982798 237 221 155 0.47044269453689658 11 93 3 942
4713 0.84984668136207298 1.9056491844886156 2.9613589426159983 242 222 177 2.0593602181773671 100 568 79 626 31 695
4505 0.25504869970089727 2.2405996634576639 1.6085600196624539 45 50 68 0.14755660641156362 51 1268 83 846 7 1095
4506 0.40308345217005426 2.2301609699027365 2.0452135011751529 91 77 61 1.2085610802007016 51 1291 83 817 7 1096
4507 0.79779837631037009 2.4433847979394794 1.7253577877987971 53 36 30 0.54770458635676433 83 849 7 1098 65 703
4508 0.98233612798978198 1.1127728050773606 1.9687669240578927 0 0 0 1.2239850693755896 51 1319 7 1100
4717 0.79331971414336944 1.3376279717085435 1.4631185580857011 255 172 25 0.31746570118269091 100 593 79 650 39 473 53 551 90 502 73 572 66 612 24 283 62 732 10 638 9 800
4509 0.69147121871674233 2.4752734383512189 1.6681334583622047 37 25 22 0.8493011823980402 83 864 7 1106 26 702 82 646 50 661 65 701
4510 -0.66742408567648104 1.9666034799982053 1.1463984985750488 104 91 28 1.173905514751187 51 1310 7 1107 18 1306 3 961
4511 0.35053021236140425 2.2933820812833772 1.895011378262311 84 84 90 1.3455880102302 51 1314 7 1109 3 976
5228 1.0626963704005044 2.3465788441587261 1.8419796733737996 105 75 65 0.68443340908622863 73 915 66 1068 24 877 14 861 71 803 81 813 13 1096 40 715
4512 -0.81096671023879863 2.2026439296654687 1.1232581332287657 0 0 0 2.1546146536261062 51 1329 7 1112 3 982
4514 -0.32262109037255898 2.5511611243967423 1.3815595666476694 41 47 65 1.7473804780899158 51 1322 7 1116 3 985
4516 -0.55084407211545972 2.8622803086299973 1.2319041877962904 126 130 122 2.2085439428566254 83 892 7 1126 18 1341 50 686 65 729 3 993
4661 0.19659257084391604 1.9049397395738601 2.7350913504437049 109 73 55 0.9044541662416492 44 1160 100 1156 79 1181 39 1026 28 969 31 937 53 1036 90 1018 73 1095 66 1187 24 966 10 1124 62 1078 71 993 4 831 94 826 60 1144 20 1014 15 1204 17 1087 74 1034 35 940 49 1056
4517 0.57503383138801178 2.3796977274362976 1.8406177366230259 219 200 157 0.74983902242326639 51 1333 97 1348 7 1129 3 978
4820 -1.2765565722023069 2.4442549046430182 2.1106532257625421 216 200 161 0.30906811408723778 100 167 39 69 31 99 53 96 81 243
4518 -0.4283465078128274 2.1692110418403416 1.2174963301795338 102 68 12 0.94530667349656461 97 89 84 600 48 373 11 187 59 419 83 53 7 73 98 347 32 238 36 145 3 69
5329 -0.42628008510293264 1.5875671572425136 1.4852500191728759 255 213 55 0.35683572781961209 24 853 14 740 62 950
4519 -0.12922813558795779 2.6973500618774713 1.4886885159140282 73 82 82 0.26459442867331506 51 921 7 597 98 1288 16 1380 99 1201 45 1498 32 1157 56 1068 29 725 36 726 91 954 48 1447 11 1418 87 1018 59 1484 12 1319 89 1307 95 1184 41 1270 27 1103 63 1134 55 1045 85 995 6 1092 21 1145 30 822 18 1208
5172 0.042673203648728231 1.1722462208702635 1.7986249928958424 81 67 67 0.12834353756887593 73 289 66 352 9 136
4520 -0.24457878977528058 2.4337023801606343 1.4825515451076328 79 64 15 0.81441271961531492 29 1067 36 1049 83 811 84 1232 91 1052 97 891 84 853 7 950 3 858 26 658 82 610 50 626 65 665 76 769
4665 -1.0230970593291731 1.8326247087007497 1.4907552007970659 0 0 0 1.0676183475074159 44 1170 100 1177 28 980 31 946
4521 -0.7927253479139873 2.398112324459293 1.1891003497617414 0 0 0 1.8366758154061646 11 1592 95 879 41 1162 7 1010 51 1076 83 757 3 848 26 599 50 572
4824 0.62534026277567578 2.1409433336982846 2.2714821826745504 235 216 176 0.16638160570965077 100 204 39 142
4522 0.5238378546870508 2.4307298464001268 1.7698445656361357 174 159 128 1.5919869031292755 98 1462 16 1564 99 1371 45 1618 29 1170 97 1337 84 1288 30 1004 77 904 52 776 83 824
5691 -0.8022934726964942 2.1055047595476823 1.9675248652042028 82 64 60 0.20899917067718388 4 78 94 97 71 134
4523 -0.66540537626203555 2.1312973678916212 1.3275318407620926 177 138 41 0.65115220957708619 51 87 18 67 23 173
5850 -0.75438264278358003 1.98556181376496 1.814944376513326 255 196 52 0.7678675045712483 20 1042 60 1142 15 1223
5343 0.42294311745651553 2.0072350381978525 2.1424959185818806 255 221 60 0.33772051673882225 24 961 14 936 62 1053
4525 0.30664528438632654 1.8095685531092223 2.788852606226778 37 19 11 0.24668910205627725 93 221 18 201 69 200 40 154
4828 -0.92771718543554582 1.7543384108414433 1.4141611388988431 254 221 59 0.59774997395164953 79 660 39 222 53 15 100 13 66 627 71 495
4527 0.18288291760181172 2.6506993061864632 1.5045530941656795 33 22 20 0.20313845481780243 13 133 18 221 23 285
5180 -0.97728617081597036 2.2476325030053195 1.9338280692458014 8 5 6 0.2412244452962565 73 143 66 448 71 564
4529 0.41357473236054554 2.2049216067665989 2.1686796140861295 223 201 159 0.18232881675702747 51 257 18 232 23 305
5126 1.0582309791681113 2.2747383361336322 2.0011971970483087 234 216 178 0.10687074931994207 53 619 73 671 24 655 14 666
4530 0.62658939955604243 1.6952896998011984 2.9480663744305113 152 103 78 0.17237344344263533 22 244 18 234 23 326 96 244 75 217
4531 0.66019111220475046 1.7912834268577573 2.8203732161832518 115 102 78 0.0097813763838956007 93 258 18 243
4613 -0.59116789415744342 2.3900559084075397 1.4916473686720422 3 3 4 0.50652095168274081 83 878 3 974
4532 -0.43493841378027365 1.6887946456049729 1.1622545512779017 255 226 56 0.52392804638405266 13 514 18 394 69 376
4534 -0.30209963314732824 1.7511281018391249 1.2788844825793615 254 232 64 0.21901205385682146 93 307 18 405 69 242 23 447
4535 0.34822458114773902 1.0046026438460725 1.9441233251189149 254 221 57 0.28270386361107941 93 538 18 406 69 392 23 668 40 492 75 594 86 469
5124 0.22475782049329032 1.9239435404366261 2.1437233789783687 249 184 45 0.52904248095729134 53 612 73 655 66 986 24 628 31 532
4536 0.42473111924474138 1.7590671557254884 2.8085455647443416 149 102 77 0.26903559038072616 48 162 18 529 23 304
4617 -1.3086527984829053 2.4115699871235292 2.1150635551366985 138 95 73 0.1652722514372135 44 475 100 177 28 74
4537 0.40284681151188634 1.8605982290967689 2.7584394916174091 214 200 165 0.080274347137480356 93 465 18 545 69 346 23 598
5134 1.221450130086738 2.2627491439767562 1.8448584620471657 0 0 0 1.5006897684907554 31 848 53 913 73 1002 10 1034 9 1011
4538 0.26844807625596973 2.3447649779445192 2.0024879463086238 102 84 65 0.3268087780458675 93 616 18 547
5643 1.3982223420535718 2.1160507621264393 2.2484579123300685 232 206 164 0.12169205527149678 18 1278 51 1276 23 1198
4539 0.46213490350774777 1.8401917159664636 2.7871848954362295 213 199 163 0.1841069963970976 93 474 18 560 69 527 23 606 96 593
4540 0.45402984361474136 2.5012201843363444 1.7402715948414889 192 172 133 0.14531512813409173 11 668 18 601 23 733
4621 -0.76135851249189235 1.6741988434271304 1.1679159472702885 255 245 65 0.19034882123969443 44 544 100 321 79 630 39 198
4541 0.8710560684743841 1.6294723519806389 3.047241031380076 80 51 34 0.47593700279223067 51 256 18 623 3 227 23 635 96 497 75 480 86 437
4542 1.1299987868005685 2.2840303359422469 1.9091001310564362 146 98 70 0.26088476570468183 51 467 18 670
4543 0.86636210374490386 1.1827698536677684 1.3920055888114469 114 91 23 0.21832751305058448 93 577 18 730 23 674
5132 -0.52008376993621963 1.8615626673209766 1.8940417675327097 168 163 179 0.48648210030560146 53 901 73 984 66 1131
4544 -0.032797156635971068 2.6651070348098993 1.5604086204744436 76 85 86 0.32182420952733021 93 585 18 777 69 305
5926 0.21261782581258892 2.2983132290889841 1.6397982373583162 34 24 4 0.23239415227571664 83 350 26 263 50 245 65 285
4545 0.44902246110703992 2.2789157077589834 2.1005455122305468 233 208 161 0.13212524354555441 93 839 18 840 69 485 23 737
5206 0.030573133124970106 1.9244680514147303 2.3945076388879838 21 21 21 1.7467544895558671 53 439 79 581 66 756
4546 0.86996921194195731 2.0137782938755131 2.4070692261934901 248 224 177 0.17603167531117631 93 929 18 916 69 720 40 561
5715 -0.027563346889634598 1.9874323339298172 2.3788294781617099 151 142 152 0.41931576828875583 4 346 10 505 71 644 94 416
4548 0.26413540133443963 2.586758053548559 1.6039462939117735 62 44 35 0.21390370389564395 93 817 18 1079 69 624 23 972
4693 0.33385261173204978 0.93010638278252455 1.6427120264260682 10 10 10 0.18969858992995092 100 602 79 334 39 475 90 719
4549 0.51823686109571054 0.80892655685148185 2.1044146880186907 0 0 0 0.70984533457457755 93 1133 18 1169 23 1071
4550 0.77936698952709782 1.5612771241969292 3.0399880012028402 0 0 0 0.13753727766630369 7 958 50 510
4551 1.057469150749448 1.9528868931966645 2.4846925031734108 244 220 172 0.27671458651800923 93 1104 18 1220 69 892 23 1123 40 725
5204 0.38034511104669383 2.1883814692137635 2.1888580011493226 251 222 168 0.29367096242290819 73 672 66 733 24 649 10 733
5925 -0.70496863286616396 1.8794602856946443 1.0693134009140601 108 95 26 0.19925641685471593 83 241 26 204 65 20 50 17
4552 1.0629927135751593 2.2706677758338891 2.008005527342227 245 219 169 0.21625068027323505 51 1007 93 1149 18 1223
4697 0.25895974434453645 0.89648682666766011 1.7263935073770951 30 35 44 0.43788789373600601 100 611 79 355 39 488 28 468
5934 -0.43380391577233191 2.4819142079516143 1.3197063264158557 57 61 79 0.1400294087069191 83 313 26 422 82 390 65 272
4553 1.4438956615881342 2.163189222479426 2.0717612745367617 242 219 171 2.2976388261104361 51 1027 18 1228 23 1129
5214 -0.15803585231466863 1.912182480162403 2.2491368224024808 119 115 127 0.63376391233140228 73 660 66 988
4555 0.69432197199803358 0.9125791273339946 2.2586109046106579 255 230 68 0.54090748566210289 7 1085 18 1245
4556 0.79455623263585751 0.96233152846216752 2.193173651915219 0 0 0 0.97731134763510896 51 1053 18 1247 23 1147
4701 -0.70470489823687477 1.8561927861346958 1.79801140815317 11 13 19 0.19070442503609636 100 90 79 451 73 104 66 413 10 368 71 536 4 442 94 535
4559 -0.50075116544298159 1.5672625818206327 1.5685877894775806 255 234 71 1.0379855959044879 51 1300 18 1322
5933 -0.35299308597457479 2.3095600186351057 1.4408165670050572 76 63 14 0.11861453751097954 3 417 26 414 82 376 50 404 65 428
4561 0.41935031348635043 0.98054555880395167 2.0472852044755587 153 89 13 1.2387086821569084 93 1211 18 1335 69 988 23 1222 96 963 75 950 86 734
5286 0.90015227288535871 1.0411799445517276 2.0509894713520258 0 0 0 0.67753959678533215 73 889 24 866 14 848
4562 0.55125320594716931 0.99851425398873872 2.2108102033105221 128 84 14 2.2138659576918389 51 1335 18 1342 23 1225 75 951
5795 -0.15714110930697422 2.0102473116672872 2.3334021353394525 159 154 166 0.2313445987660471 20 435 60 496 15 591
4563 -0.32972082690756122 1.6941929500871249 1.2384590419345893 255 226 59 0.45385823254010671 89 994 95 866 41 898 22 767 13 696 93 744 18 1015 87 575 48 122 11 760 83 21 7 746 51 826 69 588 3 621 50 13 65 17 40 471
4564 0.61854351667797269 0.87560239669894002 2.2155596918446729 0 0 0 1.3418485872525741 51 1245 7 989 18 1243 87 1281 11 1498 12 1275 48 1572 59 1498 41 1241 95 1226 27 958 63 971 22 1231 95 1277 55 1055 13 1147 83 787 85 1024 69 952 3 900 23 1140
4773 -0.35966034707530098 1.8944063978455237 1.5495449956231568 242 191 52 0.85269045562309798 100 1066 79 1005 53 953 66 944 73 972
4566 1.186602845954583 1.901126222297816 2.5570579998671108 235 218 180 1.5781703745222724 51 1295 7 1076 18 1301 98 1387 16 1495 32 1184 99 1297 45 1464 36 1101 97 1204 84 1167 87 1245 48 1535 11 1539 59 1446 89 1321 95 1201 41 1215 22 1181 13 1100 93 1187 83 708 43 966 92 1036 30 886 76 731 91 857 69 979 13 1135 3 956 90 976 50 441
4567 0.29231031539385099 2.137229381482241 1.6558881980117255 18 14 10 1.7944819979137201 41 1344 95 1322 22 1236 18 1337 51 1324 7 1115
5284 -0.29438142493239977 2.025675340734904 2.6423236513215009 216 187 147 0.16229379805753991 79 967 24 832
4568 -0.59317436917579802 1.7776932506736121 1.088008638738547 87 52 9 2.2620535215312767 13 3 22 285 69 1
4777 -0.58512348627304456 1.8064525931555326 1.8044855680314547 255 239 60 0.63440362892696789 100 1016 79 1023 39 877 53 894 73 979 66 1052 10 1014 71 878
5950 -0.62108429053746661 1.7939241730787674 1.3958619363083147 17 14 16 0.99039863086974533 26 720 82 672 20 1074
4570 0.31593147402221089 2.0891387393530065 1.6962114611938783 10 11 13 0.23464262416383425 18 184 69 138
5803 0.22411128856527249 1.8041988985943 2.8176474289265205 49 30 22 0.27143807944234405 79 299 60 530 35 430 20 487
4572 0.64679195105493437 1.7085456332197388 2.9503261879473115 58 39 30 0.22098173873360349 22 246 69 221 96 249 75 224 86 431
4781 0.81632951388971831 1.6560389397901392 3.1516934019221727 0 0 0 1.7011455797405999 44 819 79 1081 39 726 78 902 28 688 31 808 24 775 14 732 49 886
4573 0.30398678006826463 1.8256591922220606 2.7654123292464474 103 72 60 0.32680041430749623 93 455 69 339 40 260
4574 0.34164167223941105 1.8789272642453063 2.7304990021637572 224 209 173 0.18533505390395399 93 459 69 342 96 465
4575 0.46834416818965596 1.7763354714425033 2.8043816757574844 150 99 71 0.61551519583908065 93 471 69 350 40 163 96 467 75 198 96 222 86 547
5292 0.70974068195879669 1.1167964907777255 1.2752623080467682 255 196 46 1.048283261860077 66 1202 24 986 81 849
4576 0.45751326539563264 1.8189686511026699 2.8055714701320555 52 31 20 0.40754331306531766 93 472 69 352 40 162 96 470
4721 -0.45958180746587673 1.7489377592662523 1.7165501366368419 254 218 58 0.27681985186596136 100 624 79 687 39 253 28 41 53 281 66 657 24 298
4577 0.44452620205767562 2.4476670292097262 1.8195667277840977 193 177 142 0.33431345074285601 93 637 69 634 96 662 75 631
5238 -0.16628999985144388 2.0739726156084859 2.3309574648067986 137 127 135 1.3357582311743794 73 1007 66 1145 10 1104 71 980 20 1009 60 1022 15 1148 17 997 74 939 35 858
5747 -0.9741879464928016 2.0630728847073763 1.6892169752396828 44 42 132 1.423749280099128 62 188 9 208 49 557
4725 -0.46158492314494082 1.7881882874731163 1.8973779097964012 209 211 232 0.28502827043415102 100 428 79 710 39 289 31 278 53 581 73 617 66 674 10 689
4581 0.50689721350229799 1.8655039413348564 2.7463116151368876 240 220 176 0.11569676753897111 93 840 69 651 81 650 40 547
4582 1.1848090209871474 2.0117638094250276 2.4217160197971075 245 224 177 0.22655261848319358 93 997 69 805 23 1041 40 653
4583 0.56682999139585066 2.1292875490853365 2.272038181587865 250 225 174 0.21453004807978851 18 1086 69 883 23 984 40 713
5236 -1.2924911806604058 2.4932206098213787 1.9472677119113049 0 0 0 0.46375383156650107 53 964 66 1138 62 967 9 956
4584 1.5250269755187782 2.2254370557515113 2.1310566035884499 0 0 0 0.94247551562202558 18 1155 69 896 23 1175
4729 0.30267881915822453 1.6904772599218518 2.0639958391330611 40 36 30 0.46937927842478994 100 666 79 729 53 602 73 371 24 140 62 230 10 393 71 371 4 270 20 256 94 541 9 229
4585 0.27360803281649587 0.80998572483428999 1.7702992209365129 0 0 0 1.8460011686672109 18 1232 93 1163 69 904
5246 -0.50374873630637729 1.5805852157701012 1.5372230426153515 254 200 45 0.47393730664403094 73 1101 66 1193 24 980 14 947
4591 -0.68529235499641805 3.0382078249203475 1.1095518835541438 87 87 82 0.9525433814643639 32 1086 99 1268 45 1511 56 1080 36 1014 87 765 64 1180 6 1017 30 851 52 742 46 794 77 886 2 890 56 1079 29 1092 91 969 91 1074 97 1167 84 1205 48 1262 11 1458 64 1179 55 992 83 780 6 1016 88 929 5 995 43 637 92 682 7 573 11 927 3 821 26 635 82 624 50 530 65 563 70 554 57 594 37 505 67 944 1 753 38 442 19 556
5244 -0.75967963353087464 1.7799318877770762 1.3831604141034932 0 0 0 0.67915076150587605 73 1100 66 1191 10 1114
4592 -0.67564330388574401 1.9029491281865805 1.1442835699565324 100 51 3 0.12620447295831916 7 29 51 47 3 36
4673 0.87425217912771425 1.1751680971304326 1.7554532378311101 255 232 67 0.04595219907909491 100 386 79 71
4593 -0.43497848757106827 2.4815672157368165 1.3214098733162893 58 61 80 0.12648091479360016 83 314 3 100 26 423 82 391 50 228 65 273
5190 -0.4035758032496003 1.639079019792552 1.3241364533906546 87 56 32 0.58925875841618569 73 564 66 610 24 560 14 737
4594 0.12803531366863663 2.3706502890565724 1.6098125907919398 9 8 9 0.048497803140347684 7 154 3 129
5699 -0.80057452241527982 2.2914767497788269 2.0713183197353531 78 61 60 0.6426568911529269 4 130 71 196 94 149
4595 0.23754634270935479 2.3181271251981714 1.6719946192239925 25 26 36 0.033909298775584719 7 161 3 131
4677 0.61580024042247183 0.94393303208948109 2.1104013115943707 182 117 29 0.062387929966506238 100 467 79 150 39 119
4597 -0.26266981553036645 2.2528004936614185 1.4769961533195131 2 1 3 0.53178995264683426 7 98 83 294 3 414 26 411 82 483 50 398 65 424
4599 0.3074695737136165 2.2672624782679054 1.6731746387809168 57 67 93 0.16158770671819811 7 553 51 596 3 447
5188 -0.27037086458751791 2.1350725485844344 2.4103622522131114 31 28 22 0.012707792167448696 73 475 66 557
4600 0.37018000147434632 2.3401638063329848 1.7594111457199788 63 70 90 0.26716865931874539 83 395 3 470 50 284
4681 0.20672576797668943 1.8484188553044185 2.0992462933621461 252 187 45 0.13810486872763092 100 157 79 194 53 130
4601 0.21893825923726379 2.5893959703048721 1.4066990499316145 3 4 6 1.3857755079251963 83 717 3 486
5198 -0.83459824008039385 2.2130016749616011 1.9968956819146462 144 136 147 0.17142369859885906 73 369 66 698
4602 1.020697155684251 2.3707965300614964 1.8259432764723096 100 68 50 0.35764637500651403 7 878 3 590 26 187 82 161 50 168 65 192
5707 -0.48919061030621169 1.6275092085715754 1.628188058703087 165 85 13 0.68871093663468053 10 332 71 497 94 289 4 219
4604 -0.10967015530990669 1.8352327911863107 1.6012942568222026 177 132 31 0.91250046364378312 7 476 3 648 65 231
4685 -1.1294435973967563 2.3252519491870562 2.1777826748013309 149 103 79 0.021986846718458925 100 495 79 235
4605 0.22882473695284269 1.7735556442489269 2.774088262544018 0 0 0 0.16192080237678058 51 893 3 688
4606 0.29622728006765925 1.4610084630668037 1.3700605627206852 103 103 85 0.65573876087381955 7 901 3 757 50 466
4607 -0.34302855528234893 1.6764328484343061 1.3464371492649834 253 209 59 0.42243540567114152 51 1044 3 764 50 19 7 751 65 22
5196 -0.1344945800006217 1.7041360710973263 2.0440805678640368 200 202 223 0.13741409817798547 73 629 66 688 24 605 14 630 62 768 9 522
4608 -0.72609916087280391 2.2257633375271029 1.2089960709529197 135 120 44 0.72465011404711066 7 921 3 776 50 488 65 598
4610 0.39467062105108064 1.8483081745527481 1.8616007437443487 113 91 25 0.22726513230845685 7 942 51 1088 3 793 50 495 65 531
4611 -0.40649416112390119 1.5825830799527854 1.3947994519831988 89 53 19 0.29767709950593796 7 992 51 1244 3 905
4612 0.56526175703080184 1.7709263150835923 2.8131241942345664 98 66 48 1.0786517147391297 7 1067 51 1290 3 930
6071 0.037580838231847311 1.905022428201947 2.4728354726472821 31 28 24 1.4262765171366527 34 1056 81 339
4614 -0.040411323991697605 1.5421427869767743 1.4792278226978568 0 0 0 1.2575468080260528 7 1122 51 1309 3 981
4615 0.86770465583914391 1.7836995774058571 2.9103024394450174 234 217 178 1.2932007414538096 7 1133 3 994
4616 -0.61289831335845446 2.2706846233864497 1.2631183416183007 100 87 26 0.30814583025802189 7 1132 3 999 50 691 65 732
4619 0.64350240684328774 1.8136593611181999 2.7997114068960269 231 213 172 0.27682473652032369 25 292 100 292 39 441 79 619 28 434 31 468 90 253
4620 0.64383216042446567 1.8130185490889426 2.7996384486789916 231 213 172 0.25974515438615348 25 291 100 293 39 442 28 435 31 469 53 514 90 254
6079 -0.87707659420470419 2.1855408205384266 1.7867088871087311 25 19 7 0.17049980895025532 15 272 17 260 74 234
4622 0.42733519373962314 1.005056224226496 1.4764170834138919 188 200 231 0.19056300165969473 44 580 100 331 39 464
6073 0.23368271463725832 1.0087904811884574 1.704620277352467 158 162 186 0.49342374276203632 15 16 47 3 17 5
4623 0.87002491932265758 1.1875690577550244 1.4385132958713664 254 163 31 0.3582169981550139 25 445 78 445 100 332 24 276
4627 -0.48093672035074603 1.6127300493840713 1.221274257865552 255 246 66 0.11348463174330399 44 546 100 570 79 319
5506 0.68077009952070466 0.97025055611165201 2.2550228754371364 0 0 0 0.21856984525064066 10 1006 71 866
4628 -0.41967492483176311 1.6036120185895033 1.2362780423925832 255 239 71 0.19751849094881718 44 824 100 571 79 631 39 454
6023 0.97108937170782117 1.3282708873889155 1.5939780621004362 99 77 18 0.31223740772464459 26 581 50 472
4630 -0.58436763442952488 1.5224258770660075 1.3819478542500931 255 251 66 0.091059663065958169 44 572 100 589 79 649 39 221
4631 -0.13341898027282451 1.885938487826549 1.5597351364443852 231 189 59 0.22262516139686797 44 583 100 609 79 676
4632 -0.10238911077682332 1.7052000511429304 2.0231137381589321 172 127 27 0.68845962994198495 78 594 100 655 25 808 79 474 39 326 28 317 31 340 53 343 73 363 24 335 14 146 62 445 10 693
4635 0.085893985495338429 1.9154992967661655 2.5504836522069971 247 223 174 1.6586988926464414 25 888 100 770 78 1072 79 832 39 629 28 558
5514 -0.093795467007182554 2.0535861579526089 2.3827638073244288 129 116 121 0.65518843400301841 66 1080 71 915 4 796
4636 -0.14297548240791952 2.009229504525504 2.5610770835950718 114 76 55 0.84407782743638904 78 925 100 772 79 836 66 829 24 398 10 254 71 253
6031 -0.1032552802914206 2.0761532393186166 1.5727731010339003 84 69 18 1.1712507558649361 26 541 83 676 50 571 65 602
4638 -0.77505463680118802 1.7533141017545379 1.0139825660908384 0 0 0 0.64021674792176775 44 820 100 855 39 727 28 689 90 695 81 597
6025 0.26398992321640258 1.9120459788406792 1.5998829344312946 118 94 29 0.57420583347143739 26 591 50 491 65 525
4640 1.0757027901265412 1.1769409309338628 1.7663211252027036 0 0 0 1.1981038440137095 25 935 100 881 28 745 44 866 31 749 53 809
4643 0.076529490056827576 1.8445497260333625 2.7912728919652188 223 192 151 0.26407585446330029 25 1088 100 955
5458 -0.18348597174304235 1.9402940891776908 2.2579119450251706 68 58 59 0.33318705949564675 10 168 71 181 4 316 94 386
6349 -0.91291942436437012 1.8077731215275539 1.1588455062041854 121 109 31 1.6060380117432367 17 1076 74 1046 35 924
4644 0.53902383612762772 1.8076939271070895 2.8167210546262442 228 212 174 0.29419567228121207 44 950 100 957 39 823 28 777 31 791 90 809 81 659
5975 -0.22664868981517799 2.2756890688307641 1.5050965930391498 81 70 17 0.063028460437512951 26 606 82 551 50 577 65 608
6342 -0.10412436985709034 1.6092180435827164 1.9577015339134862 198 137 32 0.40752254390689702 17 1077 74 1026 35 928
4647 -0.71403261814233077 1.8509809285144336 1.7487857414471417 254 236 62 0.80598369416419191 25 1257 78 1237 100 1014 79 1020 39 874 53 892 73 881 66 961 24 797 14 751 10 679
6337 0.32878023646843668 1.0811904304188669 1.8419892751172979 102 64 12 0.18524312728048395 17 1067 74 1015 35 919
4650 0.29772122190723899 0.88955474957282388 1.6919824983566276 189 200 229 0.43795301246645479 44 1125 100 1068 79 1093
4654 -0.92750544623260633 2.3377679860347715 2.1650621047585266 213 196 157 0.44049397669828522 44 1091 100 1088 79 1118 53 909 73 1000 66 1074 24 871 71 818 20 918
5320 0.44432338663553417 2.100007696168313 2.370033691881154 253 226 172 0.10170975401084736 24 426 14 445 62 559
4658 -0.36837584530023953 1.8845386370830368 1.5334596586312552 254 207 58 0.89273702802877575 44 1120 100 1117 39 978 28 927 31 930 90 981
4662 0.37959991878306615 1.1988674181302084 1.3565488468720472 0 0 0 1.3160528462304122 44 1169 100 1159 39 1008 28 924 31 860
5328 1.147732589947283 1.8738048736677286 2.5945250855838271 254 233 180 0.21066228722011315 24 740 14 708 62 841
6049 0.34959298306063041 1.9126058865530309 1.8710970087575767 45 36 9 0.54109771772181048 26 234 50 214 82 216 84 603 87 632 65 256
4663 0.27658182124059905 1.3781843665992417 1.3654819393949822 238 205 70 0.20213832097974527 44 1161 100 1160 79 1184
6353 -0.14035712147370225 1.8178822889765107 2.2036973592031956 22 21 22 0.61585562342594458 17 1114 74 1058 35 968
4664 0.093706870095361217 1.6773060652289671 1.4526763695723497 203 171 57 1.0732592292281484 78 1300 100 1163 79 1166 39 1016 44 1162 28 926 31 868
6362 -0.70267682067628068 2.664419161052332 1.1586720366199881 0 0 0 0.81593868896033617 17 1130 74 1081
4668 0.59912926428269386 1.7051251693088003 3.0218240002039352 96 65 48 1.3122699917264142 44 817 78 1073 100 978 85 799 42 948 34 947 25 1184 31 802 14 867
6063 0.066680585728452813 2.7207798314200531 1.4670723800041297 0 0 0 0.521097537923637 13 730 72 611
4670 -0.53046862428894859 1.4950043632137004 1.4409398956309416 255 209 48 0.2035818753222719 100 334 79 22 39 224 53 14
5336 1.0204307435444266 2.333387217297219 1.7852901351106463 0 0 0 1.3835599306558386 66 1136 14 858 62 927 9 1008
6057 0.36502077570039021 1.8803967652358566 1.8488051163943011 81 51 6 0.30266404664525254 26 400 50 389 65 417 98 690 16 739 99 695 45 160 56 684 29 572 36 583 91 606 97 840 48 834 82 351
4674 -0.069901086680778671 1.4643519179013267 1.8179649364710522 157 114 25 0.0427025677761931 100 83 79 101 39 277
4675 -0.66641556017344772 1.8422084184200191 1.7464578944950671 253 227 64 0.45432298371866447 100 402 79 117 90 479
4676 0.022982822402862972 1.5983185587120565 1.9357511392844893 244 176 49 0.28572682677274408 100 116 79 144 73 347 24 109 14 137 62 192 10 365 71 526 4 425
6135 0.39326035470807313 0.90472176710572494 2.1273206710706964 174 124 23 0.044173279063074285 17 18 74 17 35 19
4678 -0.77525153084427645 2.0502018420874126 1.8965781226767353 19 18 17 0.17983832436249628 100 110 79 161 15 594
6129 -0.87820493987612502 1.7055151870713932 1.0616958287962082 0 0 0 1.6451649551025731 20 753 91 993 97 1253 48 1640
4679 0.94658679902077758 1.7134099728106214 2.0712548063757823 196 138 43 1.0028776832819903 100 148 79 173
4680 1.3906014541613787 2.2020269061982223 2.0682874626466878 230 216 181 0.34130729327532455 100 149 79 193 39 384 31 436 53 175 73 208
4682 1.4565590118278919 2.1891317337156604 2.0943744890178042 231 216 181 0.2522588853691366 100 154 79 197 39 135 28 415 31 443 81 382
4683 -0.87191003181746951 2.2743480078159775 2.0682708700930399 12 11 11 1.3201045850302449 100 150 79 213 73 164 24 127 14 160 62 253 53 98
4684 0.026545374496909351 1.8156812853179227 2.2093150345284118 34 26 18 0.25664078618250102 100 192 79 225 31 160 53 144 90 133
6143 0.39094307261661049 1.4946769591163398 1.6423676728029026 130 77 11 0.042574824782885767 17 410 74 35 35 307
4686 -0.31603369301454298 1.9832420961506094 2.5815844687656 151 99 71 0.10004700043909492 100 241 79 268 73 221 66 273
6137 0.41059369909638715 0.92290165198867757 2.1010210673267746 170 119 21 0.049719173342328511 17 16 74 19 35 21
4687 0.40666897603312058 1.8988239700651002 2.7160813846191152 225 208 170 0.061380652672205008 100 272 79 281 39 168 28 189
4690 0.6592297228744266 1.7457989555642131 2.8972804674312829 100 65 49 0.21743317727806891 100 309 79 303 28 209
5411 0.17229228763766488 2.0185891163551766 2.1711056199569545 72 62 66 0.083682074168701492 66 217 10 172 94 396
4691 0.74181600837866968 1.7246921398787467 2.9281833437003324 238 218 174 0.14189560487804717 100 314 79 306 39 189
4694 0.33385261173204978 0.93010638278252455 1.6427120264260682 10 10 10 0.18969858992995092 100 603 79 335 39 476 90 720
6081 -0.68510769680931161 2.3760500812850216 1.7994602538947142 21 16 14 1.7429287260342703 15 264 17 281 74 258
4695 0.19215988840668591 1.6853212538883915 1.4095737274604674 119 125 146 0.57292924604936135 78 701 100 336 79 339 25 958 15 386
5924 0.30738413223852368 2.4311386498071172 1.7697331921835444 51 62 87 0.21999448432929633 84 353 26 153 82 133
4699 0.75746465590214707 1.1106278175538717 1.8687629851680159 254 237 60 0.23163794999455467 100 413 79 422 39 310 28 336 31 342 53 310
5578 -0.13658515828610915 1.6995861282446583 2.0476948745682568 207 207 227 0.35997703088917343 10 698 4 451 20 264 60 431
4702 -0.70453884109858145 1.8547942278386944 1.7985002183172127 11 13 19 0.17619285403987961 100 91 79 452 73 105 66 414 10 369 71 537 4 443
6089 0.31419859071789086 1.5779289301396879 1.6463227462235297 191 130 34 0.21863404599031452 15 396 17 415 74 387
4704 -0.054792726240810601 1.6671935871238379 2.0092423541948135 27 27 33 0.14697606001371608 100 135 79 470 66 431 73 358 24 114
4706 -0.95325197585446964 2.1564768298845318 1.9742750119629557 15 14 13 1.3835483177926216 100 450 79 490 53 320
4707 -1.0298820702640668 2.2416205548678443 1.973601296870463 11 8 8 0.39514313238412963 100 454 79 491 39 45
5522 0.38746044544443869 1.6723703597014559 1.83779718607864 199 135 32 1.1219729157633054 10 1100 71 975 4 775 94 720
4710 0.41180884286396968 2.1362252984283958 2.2738477652824933 252 228 173 0.13618947981242521 100 511 79 565 39 397 28 392 31 411 53 436 73 471 24 384
6033 -0.12263658611687518 2.3828311843206116 1.5442426220365326 77 60 15 0.086183582871526165 26 616 50 584 65 613
4711 0.4084014629285887 2.0826955848956654 2.4229621601783671 247 223 174 0.034659014724316609 100 530 79 588 39 419
4712 -0.015721168130446127 1.9157154365382807 2.4451621732233213 5 4 4 1.5797422272591373 100 534 79 593 53 448 24 652
4715 0.6973593149909264 1.2462473454517067 1.3695295301536343 255 171 25 1.6652835054663151 100 328 79 632 39 850 90 878 28 879
5530 0.077449129610128883 1.7273811122890417 1.9338558318955983 19 9 2 0.20799746249037299 73 356 4 54 94 330
4716 -0.55027045684568276 1.5532921791605767 1.3274979309371535 255 247 63 0.081885622364062716 100 581 79 639 39 215
6047 -0.13788023087860174 2.1950682123384029 1.4380032696139264 104 93 28 0.48513545306147826 7 941 3 791 50 573 83 803 26 602 82 546 65 604
4718 -0.52336411833037677 1.4962706753906005 1.411721692232196 255 252 63 0.14136790256042187 100 592 79 652 39 456 28 233 31 227 53 244 90 468 73 258 66 321
6041 0.17012475489446474 2.0888492048543981 1.7922666162256513 8 6 7 0.66919710553910761 26 677 50 652 65 691
4719 0.93610457883896736 1.2406004366195675 1.5669018789519749 255 228 61 0.98939035415439369 100 599 79 657 28 721 53 568 66 331 24 793 14 599
4722 -0.14677975116256289 1.4441655116682397 1.9174177327930535 196 200 224 0.071517199863926198 100 425 79 700 39 294
4723 -0.14677975116256289 1.4441655116682397 1.9174177327930535 196 200 224 0.071517199863926198 100 426 79 701 39 295
5602 -1.3292125408012834 2.4545586466370737 2.221030912908156 0 0 0 0.83181164457533052 66 1077 4 737 20 943 35 874
4724 0.14253212592642805 1.3730439679016873 1.9736098756457479 94 90 100 0.41502909335752014 100 444 79 708 39 317 28 103 53 319 73 614 66 663 71 509 4 403 94 505 10 670
6119 -0.1610150547043854 1.9996218258134135 2.2968408371540003 79 85 103 1.8160685891489057 60 1168 17 1120 20 1070 71 1007 4 865 74 1062 35 984
4726 -0.54527360580615514 1.9170551550967847 1.8875920195060276 188 105 15 0.25540977101956053 100 643 79 713 66 678 39 500 10 696 94 544
6113 -0.63166547487003544 1.5976918383230445 1.2291043324384923 250 1 0 0.43479833693396081 15 1165 17 1032 74 984
4727 -0.4394832819861042 1.8266032542341013 1.9277434094425383 220 139 32 0.64642234417455746 100 435 79 719 39 46 53 584
4728 -0.16423697242828558 1.7018538841158488 2.0311764056503376 31 32 31 0.38927017288862575 100 659 79 727 39 517 28 484 25 821 78 836 31 516 53 819
4732 0.24981654516620513 1.7916585974658488 2.0927608109969702 235 173 44 0.68552582185503907 100 672 79 743 39 525 53 606 73 640 66 980 24 615 14 636 62 774 10 957 71 795 4 618 94 669 9 844
4734 0.23266637498334089 2.0101119934676053 2.1504302400684119 248 185 49 0.44411587677781128 100 486 79 752 39 534
6121 -0.94844188041615629 2.083123067689884 1.705708647004452 248 188 50 0.67135303194951346 15 1235 17 1129 74 1068 35 981
4737 0.19449808021346712 2.0303839487333781 2.3439886295084005 239 212 163 2.1360284860761474 100 706 79 774 73 680
5910 0.6800753260751119 0.89728025718774329 2.243287126852803 243 211 65 0.68601329737954264 60 1123 15 1162 17 946 74 975 35 812
4738 0.28270327877277601 2.1241879236335968 2.3644093484247062 249 223 171 0.11594543796933637 100 714 79 779 53 649 73 696
4741 0.34349820527453906 2.0967310464896114 2.3937847236963758 248 223 173 0.14687162342781249 100 723 79 786 39 585
4742 0.0038096028735262136 1.8438805899117749 2.474807481950005 13 12 13 2.1090795427081197 100 930 79 813 15 857
4743 0.082595141710966644 2.0271031478462582 2.5580544045516986 249 225 174 0.096969995866430625 100 771 79 833 39 630 28 559
5908 -0.86951642611690994 1.9708421390438691 1.651610256771783 255 229 65 0.44271249667251666 60 1005 15 1146 17 986 74 928 35 844
4745 -0.26659670947639891 1.9914967813312612 2.5900992360287391 154 100 71 0.7182345351703624 100 784 79 847 39 621 31 564 78 934 25 917 66 586 15 894 60 813 17 786 35 679
5918 -0.81043900969964799 1.661739943311026 1.1981996000597761 254 232 72 0.9360441222968966 60 1178 15 1244 17 1148 74 1077
4746 0.10963377784584331 1.9751380340624167 2.6391830141210613 244 221 172 0.15631430423999529 100 804 79 854 39 662 28 595 31 609 53 711
5403 0.17353970152200374 1.9101649050180125 2.6991134384462425 77 53 45 0.58561285514863182 80 890 54 928 8 954 42 838 34 959 5 967 92 393 78 1078 25 1074 44 938 47 924 100 946 79 968 39 676 39 813 28 626 31 630 53 728 90 750 66 881 33 898 80 889 54 927 8 955 42 839 88 729 72 768 34 958 5 966 92 392 78 1077 25 1073 44 937 28 625 71 266 4 175 60 937 60 938 20 711 15 1002 15 1003 47 925 81 634 69 631 17 908 74 852 35 666 40 507 96 667 75 640 86 598
4747 0.67329431807718243 1.8519388123526048 2.7439031897710215 251 226 177 0.13314632606521087 100 827 79 867 39 704 28 666 31 671
4749 0.27394990084894072 1.7810503683216881 2.7973527756717145 149 99 71 0.37101802362169506 100 840 79 875 39 702 28 656 31 657 53 749 90 680 73 815 66 893 24 708 14 683 62 350
4753 0.051190087041559154 1.590293484870231 1.9758512533625081 239 170 44 0.23996199645407368 100 649 79 932 39 514
5990 -0.23475785640184171 1.728230606921378 1.3962596967677123 255 254 79 1.9361155980924314 84 42 50 25 65 215
4755 -0.75158266432062715 2.0177159414127726 1.8863979167303462 23 16 7 0.41253339276750339 100 1019 79 934 39 765 53 902
4758 -1.3277079505723608 2.4416019558318998 2.0235765130559571 0 0 0 1.4703569856893854 100 901 79 944 31 833 53 905 73 991 24 927 60 1038
4759 0.33743452805694629 2.0442166002174376 2.2375667974999183 228 204 159 1.0702599600032352 100 689 79 947 39 388
5988 -0.3910537556580419 2.2931157074799304 1.4301150890240124 39 18 0 0.57397871420298918 83 66 3 409 26 406 82 371 76 377 52 384 50 396 65 422
4761 1.1225326836844176 1.9257739627045751 2.5039720431795343 240 221 181 0.14900419109795787 100 933 79 956 39 808 28 770 53 845 31 787 90 789
5998 -0.66551825394495301 2.2366590597099845 1.2372642408100305 22 19 24 0.073020300988722697 26 535 50 207 65 243
4762 1.1225326836844176 1.9257739627045751 2.5039720431795343 240 221 181 0.1490041910979579 100 934 79 957 39 807 28 769 31 786 53 844 90 788
5483 0.27739656809086632 1.0338465174106881 2.0412855746456366 36 27 21 0.25901258589313664 73 328 71 490 4 386
4763 -0.24277883395521432 1.9881688452950783 2.6191948491081245 106 71 55 0.31101761906324432 78 936 79 965 25 918
4765 0.28170779359440373 1.3568382641147845 1.2955500563400211 0 0 0 1.1823123721012272 44 1055 100 988 79 985 28 697 53 869 90 864 60 833 17 842
4766 0.49942486254205126 1.0373974875363523 1.4985128406581159 2 2 2 0.48841905607576047 100 995 79 987 39 928 90 944
4767 -0.74895726431237097 1.5502753920232779 1.3932080390313248 255 227 64 0.030617634523673647 100 993 79 990
5996 0.80354961963957594 2.3659277199084845 1.8956933731229715 109 79 65 0.50311127135580025 82 152 50 165 65 190
4769 0.84199827594558774 1.3193791905433849 1.5093395282502413 255 227 55 0.19312118131809511 100 1001 79 993 39 863 31 831 53 886 73 573 66 623
5942 -0.76428349137543483 2.4627350596914375 1.1863520860033192 82 100 136 0.37777027224071213 3 667 83 759 26 604 82 549 50 575 65 606
4770 0.84294473292726457 1.3199287004349671 1.5088408580813519 255 227 55 0.12873248555138711 100 1002 79 994 39 864 53 887
5427 -0.093066829595956579 1.6552845196145849 1.9792264794600858 253 195 52 0.2041940930042824 66 973 10 941 71 881 4 705 20 881 60 893 15 970
4774 -0.54773890709419382 1.8679342332483799 1.6364588011715449 132 98 40 1.2457570979678856 100 1008 79 1011 39 478 73 872
6097 0.20037010828639948 1.0224091444990357 1.706913046139672 25 25 26 0.45252864415146676 15 656 17 661 74 610 35 9
4775 -0.49575242009893417 1.8146033680502724 1.7241464721521864 121 87 17 0.81565014934916713 100 884 79 1015 39 493 53 573 73 607 14 107
5940 0.20449892207680237 1.9545851626387329 1.5926464334431554 73 81 86 0.61915617036715653 83 755 26 592 82 540
4778 0.87050516208585416 2.072985545522807 2.3259367532263049 230 215 178 1.5617099707960782 100 1040 79 1041 39 909 71 640 60 908
5435 -1.2148736319047768 2.5527420498214943 1.9523928582674255 224 209 173 1.4019487674666087 62 1073 10 1122 71 979 4 827 9 1054
4779 1.7275972838334352 3.0930562496965801 2.3578618647686067 242 224 184 0.48821033708633454 100 1041 79 1046
4783 0.54009449508843299 1.0690193019284631 1.4063674229033643 0 0 0 0.59553851881164455 100 991 79 1088 39 924
5948 0.47426414029108283 2.3308058826712403 1.7571545545923912 3 3 3 1.186408219443192 87 1324 26 682 11 1616 50 658 65 696
4784 -0.92200736814592743 1.8594321174864756 1.5507934909438337 169 177 202 0.845347836509308 100 1006 79 1099 39 930 28 805 31 862 53 948 90 856 73 1027 24 904 14 831 62 1016 71 872 94 714 9 1042 49 962
4785 -0.46693598593273294 1.9365630414171733 1.9557050374217011 255 235 63 1.2878331474204696 100 1020 79 1115 39 886 28 849 31 835 53 965 73 1065 66 1179 24 924 14 895 62 1070 10 1135 71 1002 4 853 20 1043 94 844 60 1141 15 1177 35 969
4787 0.63955686404602929 1.7099996679079337 2.9784539418942737 138 91 66 0.48583337958429357 100 1051 79 1128 39 914 90 919 71 955
4790 -0.37982232689766626 2.0588770277870072 1.3906427582360088 53 49 51 0.30698091787353216 100 1110 79 1142
4791 0.95781391023176921 1.1432928430544325 1.8503302708638216 242 204 63 0.31892797568402048 100 1122 79 1145 39 996 28 939
5892 -0.51065314104481796 2.0864429459369767 2.3856645020202016 221 204 164 0.90653735050099515 60 950 15 1014 17 794 74 742
4793 0.71599712914734914 1.0493658793752996 1.2835044290941799 253 228 65 0.83725307393338222 100 1138 79 1160 39 1030 44 1142 28 953 31 898 53 989 90 1011 73 1016 66 1103
5902 0.7005214036102696 1.6957473611072786 3.1202057669223207 0 0 0 1.1664895865270233 20 983 15 1100 35 857
4794 0.58264828921279899 1.0661693134026111 1.3242465424660665 0 0 0 1.2022055209811349 100 1158 79 1161 39 974 28 922 31 900 53 990 90 986
4795 0.35466623414254789 1.1760763160815817 1.4722631540233981 20 16 11 1.546167451109735 100 1141 79 1164 39 977
4797 -0.0015827765807202611 1.6740978731064347 1.5453468039838947 0 0 0 0.81934166800405528 100 1144 79 1169
4798 -0.51961619467037434 1.8346389881939864 1.7240907216854802 91 69 43 0.74080791148799763 100 1145 79 1172 39 1020 28 957 31 931 24 947 14 925
4799 -0.14069406120300829 1.5006876008660941 1.8232445653764291 246 206 64 0.24305422782256625 100 1148 79 1174 39 987 28 891 31 872
5900 0.64627336443656536 1.6914254328320535 2.9849656328517353 97 61 43 0.29023515366780278 20 915 60 1023 15 1098
4802 0.27448377326111539 1.3781892345918716 1.3632414578583945 237 198 62 0.29625980736490964 100 1161 79 1185 39 1009 28 955 90 1009
5459 -0.18348597174304235 1.9402940891776908 2.2579119450251706 68 58 59 0.33318705949564675 10 169 71 182 4 317 94 387
4805 -0.62745198873983465 2.2627755373718914 2.1726419581041476 16 15 16 1.4586404153534047 79 1190 39 1024 28 961 100 1170 31 933 53 1040 73 1107 24 982 66 1199 60 1159 15 1227
4806 -0.73285915152386116 1.9159477362764441 1.5352782478496054 26 23 21 1.4647181497591948 100 1173 79 1199 39 1036
6180 0.22408120310430482 1.392193640565629 1.3684009719726093 110 69 8 0.089051316905905287 17 393 74 371 35 283
4807 0.016816511136771697 1.6398102432244288 2.3238007007119914 86 89 98 0.19875688914021039 100 1182 79 1202
5157 -0.40659599567539045 1.6836164944737522 1.3438338618617827 231 162 36 0.19409835241010628 73 264 66 34 24 270
5972 0.33123180936415125 2.5871876777808334 1.5431644229931987 50 37 32 0.30288219517444448 26 564 82 511
4809 -0.038692148679543674 1.7479266335884651 2.0358469114833708 183 140 37 1.2545658292984403 100 1176 79 1206 39 1040 28 984 31 949 53 1039 90 1029 73 1114 66 1213 62 1083
5982 0.41129871617687874 1.6958780446198567 1.7347484657130772 124 90 21 1.1578480526008796 26 648 82 602
4811 -0.49914608975769414 2.2670688666844039 2.4216670532982101 110 74 53 1.5550828200835809 100 1187 79 1213 53 1055 24 1003 14 971 62 1110
4813 -0.31808834039953221 2.1327184853896926 2.4352501491622807 217 202 163 0.25481137345279381 42 982 34 1076 5 1104 78 1242 25 1194 79 1052 44 1102 100 1096 39 962 90 967
6179 0.23843947172937105 0.8827907496170907 1.9482359828127211 154 122 36 0.33538332774519058 17 664 74 369 35 533
4815 -0.61340526553381736 1.4900446223799459 1.0769076853813009 0 0 0 1.4487076472434384 16 1263 39 845 28 799
5165 0.61903109279027502 2.0480790533874189 1.9899592171051086 218 203 169 1.9096891658989574 73 171 66 202
5980 -0.48314570176581773 2.9288969061271106 1.1693289378952403 57 38 31 0.14798149202982294 26 633 82 577 83 776 7 968
4816 -0.87449944571401961 1.6399996063294444 1.3826802170471288 255 212 55 0.3335371209193751 79 333 39 2 53 241 66 325 24 28
5174 0.04826248198776132 1.1833922601623661 1.8846275580991283 196 199 219 0.29255959498254186 73 82 66 375 62 154
4817 0.42620365234021002 1.0954543215423402 1.4244631382063746 131 139 164 0.30263490943255122 79 4 39 4 28 18
6054 0.331157522379397 1.9808480096866625 1.8754904615967218 112 88 22 0.11990533458982605 26 409 50 406 65 431
6199 -0.09979435457609534 1.7102969355643411 2.001053106297197 103 61 8 0.15961591436417041 17 466 74 431 35 95
4819 -0.90252226931640278 2.3713435269551408 2.0476653605494834 15 14 13 0.2350197043475705 100 462 39 63 31 104
4823 -0.0010756726801519675 1.8134782355447991 2.189960624070356 34 23 15 0.20833304875776651 100 186 39 120 31 153 90 129
5173 -0.92000097671998837 1.8606519525128107 1.4850156902966654 254 227 59 0.25075247692506181 73 59 66 368 94 37
4826 0.4057406101673024 1.8941817519145581 2.7157934257074694 226 209 172 0.040187606852445476 79 280 39 167
6200 -0.44277734108189343 1.8068152618455136 1.7044783552388278 112 72 10 0.20799419158080931 17 465 74 432 35 372
4829 -0.53193431332267538 1.4984211886919649 1.4401916407234729 255 210 49 0.22990844432278831 100 333 39 223 53 13 66 23
6195 0.26621111302490136 1.6623296109185428 2.0426736816724156 227 168 44 0.082801710268996742 17 710 74 416 35 611
4830 0.82696437154803026 1.1478105290544987 1.3964333419379995 254 164 32 0.4172187222493447 44 6 79 318 39 229 31 242 53 534
4831 -0.89875719255261877 1.8511383306914846 1.5684491476966393 200 201 222 0.18211084818256387 100 357 39 235 31 18
5181 0.23437491286920237 1.7720359155007934 2.0544263660101385 159 94 14 0.32363435616069475 66 451 10 399 4 274 94 341
6060 0.0051152662142450907 1.8024085600039688 2.7184457234318287 254 237 64 2.5406743268079457 50 504 83 804 65 611
4833 -0.91979689355878913 1.9433248037230602 1.5915979052823839 171 149 131 0.50000308940727156 100 366 39 240 28 17
6006 0.78746944465032775 1.7941149041109281 2.8300331039037023 232 215 174 0.25470241430896079 83 550 50 280 65 326
4834 0.70414574174863709 1.3179644342418282 1.5067290875998742 255 251 64 0.43869263074635206 79 20 100 340 39 243 28 467 31 502 53 265 90 504 73 274 66 35 24 282 14 336 62 146
5491 -0.62966316419245272 2.1320924345122947 2.0087539440067763 208 147 37 0.063074895667637673 10 417 71 563 20 830
4837 -0.85437892619192235 2.03402566108644 1.8155895735759842 17 12 4 1.3896023888876847 100 1082 39 266 90 28 90 865
4838 0.022267316865050221 1.2119885468407294 1.8029823976559718 246 196 51 0.16361871447978299 100 626 39 272 28 259 31 267
4839 0.11369579817314822 1.2301193153071261 1.8531736616570711 252 184 45 0.24212252945078738 44 119 39 283 28 271 31 280 53 288 90 85 73 308 66 379
6004 0.27613544977632809 2.2787611917619759 1.6680570751682269 40 25 4 0.10202024609849954 83 355 50 251 65 289
4841 -0.90190872215660278 2.1121778735234957 1.9874584178958459 144 140 152 0.89427989762666082 25 629 100 654 39 301 78 419
4842 -0.99988316461980953 2.3814418439575933 2.1589979288655314 220 201 157 0.18710607368808993 100 489 39 337 28 94
5499 -0.39561755281039607 2.0423176652623689 2.1169226439393598 201 140 32 0.45243105744286716 10 961 71 807 4 722 94 735
4843 0.016932136184685611 1.9377724345047773 2.3192314316867457 27 25 27 2.0202034038865793 79 568 39 396 24 640 53 620 14 400 49 599
4846 0.68104462460069071 1.3146584377642352 1.5520914021506604 255 249 65 0.49933235726234976 79 341 39 479 28 717 31 723 53 560 73 281
4847 -0.57839721520748444 1.862967095236004 1.666701611072934 173 176 195 0.26043768197535522 100 621 39 483 28 461 31 495 53 571
6012 0.37978198712117595 1.8177657952418147 1.8258091951340485 70 33 2 0.1596646870156552 26 395 50 385 65 412
4849 -0.7159297136606334 2.3029826589590945 2.1010333378483361 150 143 156 0.46342535953754121 100 904 39 519 31 338
5958 -0.28253110981359758 2.4086774646821865 1.4717987621477657 33 24 2 0.51537138153436446 26 72 36 650 82 241 50 80 65 103
4850 0.47118702120335537 2.1194931375998558 2.301196589790405 254 230 175 0.083962453454504982 100 698 39 565 28 523 31 559
5443 -0.73612661399279511 2.2913494846651741 2.0868472159573623 150 144 156 0.97771569929844804 73 995 62 971 10 1078 73 996 66 1070 71 949 4 793 20 1012 94 745 9 960 60 1079 15 1151 17 1063 74 1008 35 943 49 973
4851 0.63216246064293657 2.1226200478187671 2.2879323025101641 238 219 176 0.34725955744105225 78 569 100 695 39 569 28 532 31 568 53 648
4855 0.26775403570476708 1.9564138745863722 2.639056217211738 244 222 173 0.041494747827014816 100 801 39 668
5956 -0.02728988580966716 1.8898276082300807 1.6005969989746225 60 26 2 0.21744859722457799 87 88 82 199 50 41 65 51
4857 0.79545708474753674 1.8069874920640225 2.7967812832114691 251 227 178 0.18359118671114263 100 838 39 713 31 684
5966 0.23795008415404423 1.5250458938840732 1.113590846673334 220 184 60 2.7526633931339841 87 812 82 448
4858 0.74899562569777978 1.0533763678384853 1.2320177330918114 0 0 0 0.6519263203190766 44 974 39 729 31 702 53 780 66 600
5451 -0.58710387966311695 2.0337678012389104 1.8828689905259643 108 53 2 0.12346446517553274 10 134 71 119 4 66
4859 -0.81067603031095814 1.5739654468381437 1.3600706740646087 255 243 67 0.32634061331482089 44 981 100 992 39 731 31 700 28 693 53 781 73 857 66 1028 24 780
4861 0.51488937958289527 0.85782382639068244 2.07323939644446 255 252 70 1.3918477788705639 100 459 39 779 31 522
4862 -0.028981665159887107 1.9340814516144009 2.4041114133364885 134 129 144 1.9121124030784551 100 921 39 796 53 924 79 1122 73 1050 66 1146 14 859
4863 -0.27832198211430542 1.9844679208358502 2.5770907939624172 158 102 72 0.58156636630089686 100 938 39 800 28 757 31 770 53 838 73 935 66 1006 24 829 14 788 62 930 9 968 49 929
5964 -0.16282026316165993 2.4210115248832094 1.5693467250556969 19 5 0 0.075956588667753178 26 435 82 407 50 249
4864 1.0565381196102119 1.8845364493810275 2.6279960388368253 245 224 180 0.10882493007442834 79 839 39 819 28 776 53 851
4866 -1.0860481491128595 2.1272995261923215 1.6220932199332854 0 0 0 1.9335719113559791 100 880 39 861 73 873 4 709 94 725
4867 -0.32412729248631889 1.7205406940134904 2.0032073342006727 190 144 33 1.2817682102021062 100 1023 28 736 31 837
5298 0.5884855454160528 1.6940457012681198 2.9448509324613847 151 100 71 0.42775632253501988 100 852 79 627 39 721 31 799 73 949 24 841 73 840 66 909 14 804
4868 -1.2505609889047169 2.4455563917714787 2.1457705930967221 125 84 63 2.1613307301111138 79 1120 39 892 28 850 53 973 73 1047 66 1143 24 929 62 1030 71 914 66 1073 15 1154
5815 -0.7670811867716355 1.8794833735778145 1.7677027869623507 158 101 30 0.35456845849500751 20 586 60 676 15 823 35 639
4870 -0.61545897467393584 1.8949311007414773 1.6646515591402042 156 158 176 0.46900140536042478 100 1076 39 940 28 820
5809 -0.13021708570149124 1.4743489855008678 1.9146722035081558 190 189 210 0.24251364126449745 20 543 60 619 15 695
4871 0.48466330148059522 0.81627550494732881 2.0545681823857445 255 253 71 0.10104857059124453 79 1022 39 955 28 858 90 910
4874 -0.24073271190042761 1.6358357720024446 1.8331584888847128 126 81 12 1.1819999463440496 100 1123 39 988 28 844 53 898
4875 -0.82774163709816895 2.3326883323626979 2.1314640451844049 19 19 19 0.90240187153530804 78 1275 79 1155 39 997 28 894 31 875 53 1006 90 952 66 1168 24 959 14 935 81 746 49 1006 68 926 61 835
5306 -0.46956759452848673 1.7858499274186534 1.897119636316565 205 207 228 0.19560747573640963 24 104 14 128 62 438 9 204
4876 0.85719396391207692 1.0804858917040732 1.99202573868612 253 210 55 0.097143310366965677 100 1130 39 998 31 918
4878 -0.98116130656962997 1.8271488293885196 1.4882388215575371 0 0 0 1.2192543995520086 79 1170 39 1014 28 919 31 899 73 1058 66 1157 24 942 62 1042 10 1096 71 968 4 839 94 833
5817 -0.91658818910075601 2.0022516208258776 1.6524932378525292 67 67 74 0.25143413281748256 20 588 60 681 15 843 17 766 74 710 35 643
4879 -0.12312973822638744 1.85172664970112 1.4720578637395134 253 211 67 1.1524761281850693 100 1114 39 1017 28 972 31 939 90 1021
4882 -0.15093218139067346 1.9839448153066326 2.6199939745966061 117 78 60 1.5487893493512579 100 1155 39 1025 28 968 31 936 53 1035 66 1175 24 965 14 938 20 1015 60 1110 15 1181 17 1061 47 1078 49 1037 61 838
4883 -0.71069504202039657 1.7114207996772739 1.3262404861734551 255 227 71 1.0222647521292172 100 1162 39 1028 28 971
5250 -0.5353493284945452 1.4792000740625031 1.4970731375650663 255 247 64 0.2446841837865395 39 461 73 568 66 932 5 922 79 998
4884 -0.45025284593022069 1.7487232006758811 1.5670308105978075 255 231 62 0.41491047913620466 100 1172 39 1037 28 985
5767 -1.2549142486547853 2.4799749044938664 2.2219028494057702 0 0 0 1.2383121127809709 94 749 9 1007 20 942 4 738
4887 0.33412215473249474 0.94356291634163181 1.6143257594991021 189 200 229 0.38122159267673106 5 95 44 55 39 19 72 133 92 122 100 27 79 16 31 33 90 67
4888 -0.36765088402921658 1.7858193913123341 1.9288426700749184 30 30 32 1.0532358765763057 34 801 5 711 43 508 54 771 42 455 72 306 55 904 42 973 88 777 92 553 78 1061 25 1051 44 640 47 743 39 885 100 891 79 933 28 729 31 738 53 811 90 716 24 804 14 620 62 908 9 943
4891 -0.18824455356692854 1.8185602462950021 1.6009868083902772 22 24 27 0.70428838744912137 72 1034 43 926 92 993 39 938 55 1076 88 970 5 1120 34 1172 25 1238 78 1216 44 1067 100 1069 79 1100 90 933
5258 0.076056417878671817 1.8571847185183767 2.3185804394675587 21 20 21 0.066309360729381525 24 202 14 210 73 193
4892 -0.20835306492114489 1.7415426597367607 1.310414398064236 0 0 0 1.3457424793379742 79 1136 39 975 25 1306 78 1301 100 1140 31 901 28 920 53 942 100 1058
5775 -0.82092403269107295 1.8751731662526681 1.7278269229588243 253 231 71 0.42654492994150228 25 589 60 105 78 345
4894 -0.84298665489950175 2.0469393035481489 1.9144126414517049 24 23 25 0.17549139826848009 39 284 28 58 31 73 81 35
4896 -0.67161716867236243 2.2724517573946863 2.2363423086511336 22 20 20 0.09088297459477078 39 113 28 114 31 140
4898 0.4887461738730009 0.85119933255089553 2.0791346529886501 255 192 47 0.43525618260386206 39 105 28 139 31 138 53 328 66 647 73 603
4899 -0.39308365012027707 4.0241886400945832 2.3951907673487463 28 22 16 1.0656623467894799 25 397 28 160
5202 -0.019131364431345881 1.8370568691807663 2.276605310218939 26 22 19 0.56954083298390512 73 917 66 712 24 631
6605 -0.72528352163676335 2.43235841412874 1.241668805700058 95 108 138 0.38289154691766952 37 433 1 771 38 421
4900 0.1301858066600482 1.9972711953096871 2.3179999644742746 32 28 22 1.1700008594573998 44 225 28 166 53 426 39 550
5719 -0.46632074924248024 1.9621022709318088 1.958574840941625 123 58 3 0.21210969121259962 4 67 94 553 71 123
6598 -1.2687425776777277 2.3543665685813244 2.1439831721366187 155 109 86 0.14173843823285098 37 150 1 472
4902 -0.16196125619491342 2.0425923905547814 2.54151110241177 135 87 60 0.2438955465041226 39 149 28 173 90 168
5713 -0.27883075556651699 2.0095888644428479 2.2481082392943121 30 27 28 0.029216535144727405 10 179 94 397
4904 -0.35511139855042262 1.5615807934126267 1.2786836675493403 255 247 65 0.15873763854225584 39 455 28 227 31 223 53 232 90 466 14 319
6602 0.32072368323674288 1.2562419878554538 1.4196575084267031 23 29 39 0.56819990470682713 37 414 67 958 1 621
4906 -0.43378937253793809 2.0550024145841195 1.3873383345085273 175 183 205 0.20772425141478526 39 227 28 238 31 237 53 259
4910 -0.51461065239470383 2.0107904326235495 1.9829451935708817 18 14 11 0.42511991198880966 39 307 28 284 31 310
4911 -0.70797691086621106 2.2761039141946862 2.1363491022209944 17 16 17 0.37073558860782568 25 625 39 338 28 316 78 642 31 347
4913 1.2618795971077972 2.2367426505368484 2.0140815077722869 220 202 164 0.40860774485771556 39 371 28 396 31 419 53 165 24 238
4915 0.28474268530585117 2.1152475181427559 2.3683878447100284 254 226 173 0.063525193249174508 39 408 28 403 31 421
5282 0.75895353561889067 2.427825999868106 1.7012545812457216 104 68 53 0.58811771248649924 66 695 24 817 14 771 62 924
6621 0.47293966777723412 2.0210678558426345 2.0221439222873276 181 179 190 0.30777555662437794 23 711 96 559 75 543 86 583
4916 0.15590506106585655 2.0746218386494419 2.4492718400977243 245 220 169 0.078802252302347553 39 418 28 407 31 425
5799 -0.74638776639261617 2.1790617505525365 2.0464836210719199 146 138 150 0.13161722737388629 20 649 60 516 15 617 17 789 74 738 35 676
6614 0.67752657265870564 1.6976266586640223 2.9632418411787871 66 48 36 0.19960886742377984 93 260 96 254 86 432
4918 0.23835594071885463 1.9261244163827622 2.6943407928325782 223 203 160 0.13823694553953611 39 432 100 551 28 425 31 453
5793 -0.41558737226483083 1.7935986406424507 1.8766066293831942 124 76 11 0.19888000636196279 20 54 60 434 15 543
4920 -0.46395153080653739 1.4791005627820777 1.4377696994279368 255 246 68 0.29286761600342615 39 458 28 450 31 478 53 248 73 260 66 322 71 19
6618 0.36206749445232761 1.8330432449695786 2.0859739484953757 22 19 16 0.086553860197176466 61 452 96 439 75 418
4923 0.79612925291834791 1.3289377059863889 1.5027412548401184 255 225 54 0.39468624153184267 39 477 28 471 53 556 90 721 73 278
4924 -0.3339191694480958 1.8036662817410443 1.7696539525383295 255 212 52 0.17471288402359123 39 270 28 472 53 295
4926 -0.29473029562936492 1.8590265972983635 2.013122749791961 202 156 36 0.27916697306369898 25 281 78 275 28 480
5801 -0.86528430458132577 2.2375787028367391 2.0110779927766242 81 82 93 0.11714413015625696 20 459 60 526 15 622
4928 0.057916056615502531 2.0193615649674905 2.4703289436128619 231 207 161 0.34657056554565324 39 420 28 527 31 772 53 837
4930 0.44121908690725742 2.1043294476900827 2.3676624798132404 253 226 174 0.18106880447475346 39 579 28 538 53 661 31 431 66 789
4931 1.2647724666623104 1.7717625620322697 2.1606963462216453 252 229 177 0.1240269765152158 39 559 31 587
5362 0.38073747765525467 0.74907147951898356 1.850402248904611 177 102 13 1.1220395631132618 14 324 62 370 10 633 4 2 49 766 68 700 61 579 96 503 75 487 86 450
4934 1.0870571418303612 1.8855412493308072 2.5673774973675725 253 233 181 0.11575439667739042 39 682 28 662 31 668
5873 -0.5840551634032215 2.0633935905585497 2.4541580975133215 42 27 20 0.044775717616331256 60 542 15 628
4935 0.79066806008537804 1.7277435929146994 2.9319424826942857 246 225 178 0.084618544294332965 39 722 28 683 31 693
4938 1.1418295902178668 1.2378082324255169 1.6603764074040253 0 0 0 0.84073339724220042 79 664 28 740 31 838 90 733
4939 -0.0097387381336666076 1.6638664585455116 2.023502004064718 255 228 57 0.56020686074564718 79 1030 28 742 66 1062 71 787 4 604
5370 -0.42683999551962015 1.5917896510939957 1.5447355120442749 98 47 4 0.16833263267441093 24 568 62 738
4942 1.0565381196102119 1.8845364493810275 2.6279960388368253 246 226 181 0.10882493007442834 39 818 28 775 53 850 79 838
5881 0.70298334449751332 0.84521308782699511 2.2265519551817046 0 0 0 0.048589818446546112 60 850 15 929
4943 0.7857983224373063 1.7310055857461257 2.9316346520542842 246 224 178 0.17651228064046479 44 964 28 792 90 841
5314 0.1281146189860953 2.1326608596388992 2.3687027449316345 245 216 163 0.14394485554762251 24 229 14 256 62 326
4950 -0.057975326294826525 1.6835749867354506 2.0979638991292746 188 192 214 0.32480989867003207 44 1018 28 898 31 877 90 896
5825 1.4722202974954155 2.1696137820512673 2.1185335752150194 252 230 183 0.27580129268606585 44 1012 60 879 15 688
4951 -0.43447631957783761 1.8184788658130315 1.6767145367392642 255 229 59 0.66729638904504174 39 983 28 929 31 905
5668 0.47051803830225453 1.9230286918442205 2.1290060574221341 105 65 44 0.74535154470884946 71 944 20 809
4955 -0.37829683230720101 1.6141957271656557 1.417315996508044 246 244 68 0.91105091430989915 39 1010 28 950 31 925
5322 0.39680455721374802 1.7838714626180394 2.7713526433889122 134 86 59 0.015857517084671771 24 250 14 548
4958 -0.31907690932433141 1.7447812195947139 1.2664181295418404 255 223 61 1.453739587645708 39 1035 28 979 31 945 53 1042 90 1026 66 1190 10 1113 81 867 40 808
5833 -0.77989301839105485 2.9644720669062354 1.1462672702998471 0 0 0 0.088849394609698235 34 1130 60 1008
4960 0.57832678680973892 1.8600455932825968 2.7712879719929528 236 218 176 0.21353821414747898 42 606 34 732 5 767 28 665 100 834 79 870 39 707 31 670 53 759
4962 -0.047615543076271513 1.9408938983275741 2.6809082820659698 64 46 41 0.6434495643744641 34 971 5 978 78 1176 25 1196 44 1044 28 909 79 1123 39 964 90 916 60 1082 20 979 15 1150
4963 -0.73022556775247915 1.6085744121934251 1.250983961348427 255 244 62 0.072880669612602617 28 217 31 2 90 2
5266 0.2332677617535836 1.6740876419040391 2.0124551239194743 234 169 38 0.17665533327413532 73 367 24 340 14 157 62 451 66 433
4964 -0.41601851340735074 1.5806797067974576 1.2499972420485723 255 246 62 0.10577094037889867 28 220 31 9 53 231
5783 -0.86161094957923567 2.3046009408525792 2.0431883056409923 77 80 93 0.0089978132351608182 20 140 60 247
4965 0.71739303692487821 1.0348301735427607 1.3066159062834963 255 253 76 0.17224799875357064 28 16 31 15 90 36
4966 -0.41558408471132757 1.949027813651071 1.5411872308321086 255 226 58 0.27637031309430943 28 25 31 36 53 270
5777 -0.014105970217695911 1.8626631050015425 2.3526997182083567 80 81 92 0.14711115313858414 20 114 60 151
4967 0.682911207636136 1.3121781153538217 1.4740862183319516 255 253 64 0.42782011625105665 28 48 31 52 53 260 90 66 73 271 66 32 62 385 9 480
4968 -1.9326207212912243 9.7129235033834505 -0.028687567409600545 254 233 59 0.67504752612826657 39 7 31 62
4970 0.44630654882178139 0.8148703962348216 2.0355623075760545 254 190 45 0.57782971919597825 28 122 31 120 53 312 66 635 73 591 24 580
4971 -0.93403974676525059 2.3581141151900695 2.1905616024477141 216 199 157 0.083820889727859893 100 187 31 121
5274 -0.057668742214851597 2.3020026204801365 2.1894490694199562 0 0 0 2.0881614669743103 53 394 79 757
4972 -0.86145197553271513 2.5330233761149223 2.1322777420207477 18 17 19 1.7025510060751454 78 432 31 122 53 120
5791 -0.44332697818529598 1.7805861681313928 1.755488887529651 122 118 127 0.14347093637425767 25 572 60 386 78 597
4974 -0.88369201410892029 2.2255163253980297 2.3327954219590583 161 100 68 0.27214712019406717 28 118 31 145 53 147 24 167
4975 -0.62292900399189111 2.2276539883161321 2.3221973167277623 214 194 151 0.20269481972356593 28 133 31 151 14 196
4978 0.30345285448539716 1.845290612375442 2.7389746319138557 93 63 52 0.037241789349534843 28 188 31 206
4980 -0.87704464770687518 1.7310397792510992 1.3928408995971786 254 212 52 0.33262332481405216 28 228 31 224 53 530 73 569 66 622 24 561 10 648 94 493
5863 0.30869906819216242 1.77179540696016 2.800847367656198 41 25 18 0.30569011908332688 60 219 15 256 17 216 74 185
4982 0.34880137659094884 0.84368138098068146 2.0058011923059627 255 255 67 0.19851371834114584 28 332 31 321 53 305 90 399
5857 -0.87836444527885771 2.0689994753921366 1.8722298164698077 57 55 60 0.70684234177254424 60 1174 15 1241 17 1142 74 1082 35 982
4983 -0.024089349294228533 1.6742407352193784 2.0585062483432588 183 178 186 0.36128132793288364 28 112 31 349 53 97 73 366 66 180 24 337 14 370
4984 0.4343619998406868 0.90551637642590621 2.0972960122764444 255 254 66 0.21772006949529354 28 364 31 359 53 335
4986 -0.57049983100068713 2.2547416461558663 2.2514117280455976 16 14 15 0.077344948914749537 28 344 31 368
4987 0.28213528755881834 1.7153850386440401 2.0552212287854656 234 170 41 2.3551523066157252 39 521 31 372
5354 -0.40678139172642347 1.7775516662471007 1.922273845015922 199 200 223 0.31181121383298233 66 425 62 200 10 122 71 368 4 57 9 206
4988 0.23522594384493598 1.8586269681650207 2.1182615280705055 245 180 44 0.59707540227467415 39 530 31 380 53 610 73 649 66 983 62 776 10 959 71 799 4 621 20 810 94 673 60 900
5871 0.28442087931753995 1.7556511408850084 2.8303654280062043 49 28 20 0.21794813147575937 60 524 15 597 17 523 74 474 35 420
4990 1.3270606679322334 2.2228338425528262 2.041634946055138 228 208 170 0.33965381604346201 79 181 31 429 53 172 73 207 24 240
5865 -0.85627485427706118 2.2213639231733846 2.3277359747217559 50 32 26 0.22891342127022743 60 273 15 344 17 623 74 324 35 245
4993 0.73127065670083502 1.688521056137521 2.9972101248594401 141 91 64 0.18846776273954999 28 448 31 474 90 264
5654 0.41200914497569913 0.91952810247741834 2.1010377949651895 170 121 25 0.28029431038696645 4 380 20 211 60 299 15 43
4994 -0.89243289619935362 1.7585129863115518 1.353220149225083 195 130 26 0.42920302760264761 28 221 31 477
5139 0.22532999495582534 1.7697171783098613 2.0607911877396177 190 123 24 0.7969855929330667 53 1029 73 1089 24 957 14 931 62 1071 10 1120 9 1093
4997 0.85990849490829446 1.0458940912303474 2.0304645733583322 254 226 63 0.054199982630992294 39 526 31 530
4999 1.2507126081316333 2.2855743665880381 2.0934061655322354 253 228 175 1.1902146540092975 28 536 31 577 53 636 90 576 66 740
5652 0.12215699283764912 1.9366941501641919 2.7097313291337786 51 35 32 0.15865176036752193 10 616 20 174
5001 0.81796012070351343 1.6708277448964099 3.0083952915179881 229 210 164 0.057830438839568593 39 725 31 696
5662 -0.34569964447354484 2.3944240314738203 2.0392503042563579 66 51 36 1.0523528900793502 71 431 20 451
5002 0.90108599840343906 1.1857715500724637 1.3729212024624549 0 0 0 0.77917056531898543 28 822 31 713 14 878 68 861
5147 -0.11182502502079324 1.9467910239775468 2.3388874252721328 130 123 134 1.5904122664054121 53 1033 73 1109 66 1216 24 976 62 1089 10 1148 9 1108
5005 0.48988199596170312 1.7598178883804427 2.9386437400556624 147 95 66 0.16531711305310512 28 782 31 793
5007 -0.37228818408904507 1.9897518390189157 1.4229046980597579 76 78 88 0.25754847480205162 28 808 31 821 90 927
5660 -0.74075784367130237 2.1444049833443599 2.0298558001789049 62 55 51 0.19018921710653372 4 302 71 152 20 412 94 115 60 508
5009 -0.65835314684002577 1.8218112311388164 1.7726020695370208 255 237 63 0.41350208678104289 79 1110 31 829 53 893
5734 -0.01987223991339785 1.868432557935048 2.3014254848082176 152 147 159 0.76133956559700788 4 727 71 903 94 736
5010 0.91118731819118248 1.1471131288489562 1.7703879186765805 63 42 0 0.28918028179911615 28 854 31 839
5219 0.53665779917301437 1.7598789980040299 2.8253374176506258 227 214 178 1.093298621452889 73 944 66 1012 62 994 9 890
5011 0.39455336331982743 0.85008379225441022 2.0214154013734618 233 169 42 0.83158335973739173 28 857 31 841 53 900 66 1032 73 970
5014 -0.5682421717461229 3.3053617182676396 2.6610194461138064 108 75 62 2.9087604758469405 25 1268 31 888
5015 -0.59873340630867544 1.4785561886110432 1.1572005316568186 255 225 73 0.42233224902445643 100 1136 31 892
5732 0.18580983973955131 1.7908116413454223 2.0536259466862372 233 167 44 0.11620214402267127 20 889 94 728 60 896
5017 -0.85062220518620535 2.0091247978180822 1.9197499467190464 32 37 47 1.0311146950375101 39 1039 31 947 90 1027
5742 0.706144088469007 1.7228064080843728 2.8861526400106379 116 109 91 1.776042832314235 4 803 94 755 10 1126 71 986
5018 -0.80187489057344719 1.5954909872134737 1.2951480739924923 254 221 69 0.76578785318332854 31 954 53 1047 73 1115 66 1218 24 987 14 955 81 863
5227 0.18391932586366133 1.792638458788844 2.0523110897423775 229 165 39 0.41145152649208194 79 1033 66 1065 71 888 4 713
5021 0.057899487201898255 1.9508160332533766 2.6061908389010378 134 123 96 0.90292068631496991 28 989 39 1047 44 1182 100 1188 79 1214 31 957 73 1121 53 1056 90 1037 24 994 14 963 81 873 68 978 61 884
5023 0.020117378619709386 1.7435202014374125 2.0937705565112505 254 231 60 0.2319595299875063 28 121 31 360 53 106 24 134 14 162 66 187 62 229 9 230 49 830 61 442
5740 0.44449966870638907 0.85918552290260375 2.0836297139888789 154 111 28 1.451375957598346 4 561 94 614 73 876 66 1037 71 848 10 997
5026 -0.49687789718993502 1.5041174159294644 1.4508710827220068 255 207 49 0.51170383471285508 28 8 79 24 53 16
5171 -0.9228431027591959 1.812641334750724 1.4522720720064755 254 224 60 0.1623136000869993 73 272 66 348
5031 -0.98756301059112428 2.155582953048286 1.7539337621961373 0 0 0 0.45931603182320441 31 50 53 57 24 95
5684 0.63878436062443733 1.7411676389049935 2.9049272053945265 100 67 56 1.4659216775038724 10 1050 71 920 22 839 13 787 93 1090 43 752 80 864 54 895 8 932 42 810 58 681 33 657 34 1038 42 947 5 1039 92 841 78 1238 25 1259 44 1105 47 722 67 142 69 548 69 886 100 1102 79 1127 39 829 39 1006 100 1135 28 865 31 798 53 1012 90 833 73 948 73 1096 66 906 66 1094 24 840 14 806 62 936 10 888 71 742 85 365 33 389 80 62 54 407 42 591 94 829 9 743 62 851 20 836 60 928 15 1097 81 771 17 765 74 707 35 411 49 875 40 720 68 849 75 884
5034 0.022761093868811443 1.5937381072050982 1.9370942748789168 250 179 41 0.42062290691226084 79 145 53 78 73 348 66 420 24 110 14 138 62 193 10 366 71 527 4 426 94 527
5179 -0.91927271157463941 2.0721114563333001 1.9640544595103131 124 108 112 1.7339309159141445 79 733 66 441
5035 -0.47606772539307846 1.9271220177884949 2.0020828319407786 25 16 4 1.4978627265972089 79 482 53 86 73 631
5338 -0.96647653446714954 1.6374325191139898 1.4044464184295462 0 0 0 0.55218035222497863 24 847 39 973 14 876 62 1006
5038 0.9480339424345019 1.2392785297275124 1.6431004303094219 255 229 60 0.24189256381274357 28 291 53 284 90 365
5849 0.27251965938492267 1.3660145471406353 1.3675750004157008 235 193 60 0.37279575408268933 20 997 60 1120 15 1189
5039 0.34783130274899432 0.85187002526853106 2.0036545549933056 255 255 67 0.21230525909492678 31 322 53 306 73 298
5692 -0.74543437049842576 2.1385253386995355 2.0006339671182554 145 140 152 0.30046761672725014 4 86 71 142 94 105
5041 -0.37129835965042257 2.1990216321874581 2.2977384276046275 16 14 14 0.10547941056929784 31 383 39 374 53 395
5638 -0.69868878166239978 2.9460909966646303 1.173849111883553 162 159 142 0.32665346033596526 51 1269 69 849 23 1106
5043 0.20915268187156705 1.8763810850548548 2.7010667697143744 101 67 48 0.26644798051200552 39 433 53 501 73 228
5046 0.28101974713211503 1.6715005598320627 2.0373398120115751 227 165 41 0.53614379634276665 79 724 53 600 66 689 71 789 10 950 4 607 94 662
5047 0.74811855688852469 0.92224037963870253 2.2035405528562353 251 228 71 0.50622945718294143 79 171 53 608
5049 1.4885871721929245 2.1829310277965464 2.0267698218704369 109 77 65 0.45608217876213647 31 777 53 631 90 438 73 678 24 834 14 672 62 801 9 871 49 856 68 845 61 686
5646 0.26362081445097824 1.8386421349335829 2.1289692923888999 24 16 8 0.23449168905240161 4 73 20 67 94 93
5050 0.47056499860164058 2.1172905769208428 2.3009381691324382 254 231 177 0.042683102950675698 31 560 53 644 73 685
5131 -0.57052072567087841 1.8681343640885184 1.836960291823333 255 217 54 0.7372820584703268 53 808 73 981 66 969 10 1016 71 785 4 605 20 803
5051 -0.48811306791885756 2.0181055412047608 2.5531788209407158 225 197 136 2.0365651945774328 39 597 53 650 24 880 31 766
5053 0.20600080851910482 1.9748514411278206 2.6109870344589732 247 224 174 0.11644163056723063 28 598 53 708 90 609
5054 0.45687285818607848 1.7203631622133184 2.8729894439670312 152 101 71 0.48648874104112055 79 625 53 767 73 831 66 596
5055 -1.0339298238598595 2.148866278419578 1.8414795048471386 0 0 0 2.0359410512340359 31 722 53 806 73 985 66 1060 24 863 14 755 49 829
5644 0.4438037241837105 2.3834495415231918 1.7351943944251951 0 1 3 1.1482567334888083 18 1300 23 1215
5057 -0.27709143836533834 1.7731768365746428 1.2028217097361718 204 210 239 0.22108193326847611 28 695 79 635 53 870
5718 -0.054166459339924082 1.6660916117321904 2.008929854812723 37 36 37 0.30060115758961414 4 448 10 691 71 543 94 537
5058 -0.3506536635751813 1.6574640322975882 1.3499404668877164 252 198 51 0.63384316179465838 31 813 53 871 73 961 24 852 14 822
5203 0.14527170515743004 2.0669210375695961 2.1746328599727454 214 153 34 0.23526879250579147 73 663 66 714 10 969
5062 1.0465729301344908 2.3033922532124955 1.9426088698335573 107 72 58 0.33380052365814838 31 849 53 920 66 1071 81 814
6436 1.2207144719828462 1.9667311870212592 2.4940922289616654 249 222 171 0.22722195586846583 49 380 68 354 61 576
5063 1.3385509946337384 2.1625206152328054 1.9154567754360927 0 0 0 2.1899586286316626 31 919 73 1068 20 884 49 1038 71 893 68 961 53 921
5716 -0.92809652895723338 1.6865234086168621 1.4087174685069239 254 199 56 0.89255127101620202 4 389 71 484 94 486
5065 0.90898754179411823 1.1922025306463271 1.3611908416969158 0 0 0 0.080186250865154921 100 989 53 944
5726 0.14549060589888116 1.7318036291130858 1.9308750678746336 196 128 25 0.74122916599721944 10 947 71 781 94 659 4 707
5066 0.70748117012100054 1.0338362049157837 2.0766308382384935 255 228 59 0.54801493208086893 79 1113 53 969
6440 -0.67491101046871482 2.2450807317667385 2.3110028100776727 86 55 39 0.59845897222464794 14 395 68 560 61 471
5067 0.49379652572638094 1.7903314427993222 2.8426162214675692 106 72 56 0.5339080928109684 28 911 39 968 53 979
5069 0.84085355629957348 1.1107343129422005 1.9032060560131991 11 6 0 0.64591329662889285 79 1105 53 999 73 976 24 918 14 842
6435 0.066931387133493392 2.2531077695666522 2.1940222662605233 216 188 141 0.13571927549747001 49 231 68 210 61 193
5071 -1.0028307126129521 2.2864886519532095 1.989103803219572 60 60 55 0.76872550256671446 31 910 53 1001 81 793
5724 0.058756709928367012 1.6234376265718127 1.9662767117865247 237 170 46 0.30770564632502645 4 599 94 648 71 780
5075 -0.13922620530201804 1.9254840350943621 2.1477390437771011 34 25 14 1.7124970444945646 79 1201 53 1045 24 991 14 959 62 1103
5078 0.81367743195163245 1.3218648291278976 1.5269117625995838 255 223 55 0.021981886118741661 44 326 90 77
6452 0.34741042337774286 1.8963596378849674 1.6611741375797198 93 94 106 1.0203840655482368 49 999 68 950 61 866
5079 1.3711584997687505 4.1345214466076321 1.7302814813114444 209 147 44 0.018605161774680752 39 91 90 108
5429 0.21782158694033893 1.9287630996729814 2.1330440861234861 247 183 45 0.31351459542987969 62 778 10 963 94 676
5082 0.46904074053642419 1.8658787450156344 2.7437295960466024 224 208 171 0.12522988395708692 5 260 28 194 90 244
5291 -0.29932288372086724 2.1202990939851305 2.3239456393657587 14 13 14 1.42849047049763 73 1110 24 983 14 953 62 1090 60 1156 15 1226 17 1121 74 1063
6456 0.41433685722186986 2.0307853941331921 2.1248099610476072 255 221 60 0.62284902901303552 49 1050 68 967 61 870 75 937 96 953 86 745
5083 -0.69281820437264585 2.1151667828767189 1.8553041930787009 254 245 63 1.2995085057326183 5 733 90 290
5085 -0.31599593871210419 2.0788951580235855 2.4766475871604876 121 81 62 0.19423204176162021 5 813 44 530 90 404
6451 -0.38633267311142205 2.0860596614902334 2.4855843231551611 130 86 63 2.1647831759806948 24 962 68 927
5086 1.5339420880940347 2.219965274059184 2.0641782823143044 158 154 145 0.4583020770445449 28 557 90 604 14 677
5087 1.5336143770135517 2.2106835793744883 2.1251184805696854 0 0 0 1.0720296067786412 28 864 53 657 90 625
5437 -0.19533544128853275 1.7643786268889645 1.9550782252348282 71 41 15 1.23634327749752 66 1197 10 1133 71 1000
5804 -0.97417662008505901 2.5700691767651271 1.8205845269924257 127 125 113 0.28291502461068002 20 473 60 531 15 899
5089 -0.2767278190541369 1.7717372229444115 1.211885995015767 197 204 232 0.20004628783616873 44 976 90 853 81 779
5750 0.047490474552537146 1.6871617607756484 1.9713717070369177 151 90 11 0.2210038603124474 62 208 9 519 49 561 68 169 61 635
5090 1.0960341447407271 1.2341157989645757 1.6623515494280789 255 223 64 0.068980413877002489 44 853 90 901
5235 0.72131682878085668 1.1477190219136078 1.3578678177396575 255 197 39 0.094306976981670565 73 1020 66 1106 71 924
5094 -0.31799062353778174 1.7721633603113305 1.686837644552895 253 209 56 0.39249032025427577 79 426 39 252 28 252 90 484 43 503 92 542
5095 0.36401053124338478 1.7751422977817299 2.7741070324720369 152 106 84 0.42087698047298594 33 676 80 405 54 441 8 428 42 642 34 784 5 803 92 643 47 98 90 682 28 193 31 207 81 528
5748 -0.97810570485280091 2.1327777963130563 1.8181297521309263 184 178 189 1.0869421396503667 62 443 9 226 49 564
5097 -0.89216763885351447 2.2778879410433399 2.2158817884252642 50 35 30 0.37735982849560679 80 956 54 1015 8 1021 88 640 34 837 5 819 92 532 44 496 25 641 78 659 47 968 90 316 100 194 39 100 81 269
5098 -0.57328491985802466 1.5566626128052099 1.2404031444766268 255 228 65 1.9521544885911246 39 453 28 449 90 463 80 1100 54 1141 6 1147 8 1080 58 949 34 938 5 883 43 634 92 687 78 1012 25 989
5099 -0.10135520655505054 2.0118717439398148 2.5726941023920742 107 69 50 1.1140513184613532 25 393 44 535 79 267 28 546 53 681 90 558 54 945 8 964 42 966 34 1071 5 1046 92 755 44 1040 90 736 73 520 24 416 14 428 62 334 81 627 49 251
5101 0.35038462982483148 1.8799685158914348 2.7319067098978884 222 207 171 0.47601847211783654 80 415 54 449 8 437 42 649 88 557 34 777 5 791 78 897 25 885 44 802 100 556 39 691 31 648 90 672 28 427 31 459 53 212
5103 0.29668953390521613 1.9148426004906176 2.7195410781225204 223 207 169 0.5305506156193408 5 958 44 936 100 822 54 723 42 656 88 562 80 423 8 448 34 787 5 793 78 905 25 891 90 765 79 282 39 436 31 457 53 502
5105 -0.18944820297714171 1.8256638384235211 1.6032463293049426 29 24 14 0.35707561384307185 44 1068 100 1070 79 1101 39 939 28 884 90 934 89 1362 95 1234 41 1246 22 1142 13 1058 43 927 88 971 72 1033 92 994
5702 0.34805931135183343 0.89602996513320188 2.0060637749212193 253 192 57 1.3004694884420471 4 192 94 255 71 18
5106 -0.4190712555911329 1.759191162644848 1.8411347108423879 238 220 117 2.3227353836713096 34 1224 5 1177 78 1315 25 1344 44 1179 90 1032 100 1184 39 1045 28 988
5187 -0.89354024109825847 2.3527960734370512 2.0526212695269321 18 15 14 0.27127560199597928 73 381 66 474 71 615
5109 -0.25189998371807543 1.8279164706996447 1.9318806752053133 237 177 42 1.0714433363972027 79 157 73 138 66 178
5110 1.3783311413373185 2.2197695571127007 2.0062933469875501 149 92 60 0.1573017659667435 31 202 73 204 24 419
5111 0.10812866910843121 1.8870426763827035 2.7247686170585661 102 71 53 0.61193873269527033 53 204 73 230 66 280 49 318 68 588 24 502
5700 -0.80057452241527982 2.2914767497788269 2.0713183197353531 78 61 60 0.6426568911529269 4 131 71 197 94 150
5113 0.9995477085911364 1.9262751902915975 2.5623355425785292 207 182 137 0.2186302586522102 53 210 73 232 24 252
5710 0.29251848083875553 1.839538941110844 2.1329031877767148 161 152 159 0.10457105027370334 10 418 94 364 9 549
5114 -0.62455882760010439 1.5921485483764435 1.2729927972709147 255 234 64 0.059314075825518474 53 230 73 247 14 3
5195 0.26228219532760694 1.6369838879551208 2.0122557257394917 86 80 86 0.24978621659497854 73 365 66 684 24 338 14 156 62 448 10 387 71 367 4 260 94 329 9 214
5115 0.43012928078685864 0.91949198814865429 2.0962754663009133 255 255 67 0.6074311119285779 53 336 73 332 24 317 14 346 62 392 10 320 9 127 49 113
5117 0.35501839887775644 1.7705311935700343 2.0654793842516819 13 12 13 0.4469280454632597 53 126 73 377 66 452 10 401 94 345 49 831 9 843
5118 0.19097346378935451 1.8553291877496638 2.0890383372305141 246 180 44 0.52782101307779028 53 359 73 382 66 699 79 496 24 346 14 175 10 708 62 245 71 556 4 620 94 559 9 242
5119 1.0839478531135109 2.2806362296885716 1.9284229343654087 106 76 65 0.46631220325328065 53 616 73 411 66 212 24 366 62 505 71 155
5708 -0.29510304579714847 1.8429618627375344 1.3787565376507713 160 87 14 0.093605374076044273 71 322 94 295
5122 -0.54428448934693308 1.9146351527707748 1.890215064433173 213 122 19 0.22469996360502106 79 712 73 622 66 679 10 695
6589 -0.9091112423660086 1.9432645504100017 1.4482177527450548 121 101 28 0.074130420496993102 57 81 70 63 1 73
5123 -0.9052450777317651 2.3119227942059508 2.0034235149610899 147 138 149 0.53618873653557142 79 745 73 636 66 982 10 1032 71 904 4 790 94 738
5125 -0.00023284051490135051 1.9657795918033463 2.2826820097940712 21 16 15 2.2258782581844549 79 764 73 667 66 722 62 926 9 859
6068 -1.0983976400056488 2.3221318323633158 2.2661057137551102 152 103 78 0.025280591357164199 34 1157 81 798
5127 0.44048922208501995 2.1066541860814243 2.3657890468425435 254 226 172 0.10462043281317636 53 660 73 707 66 788
5129 -0.95999881239989515 2.0009509554747651 1.6083082006098286 255 228 69 0.63287507096826878 39 241 79 1012 73 871 66 948 24 794 14 747 62 903 10 936 71 877 4 702 94 654 49 903
6072 0.25136358192422448 0.93864627933709543 1.6365450921064448 10 12 15 1.5912037113031314 20 1 17 3 74 2
5130 0.26743230467163515 1.727199225102646 2.0625943493147059 229 167 40 0.44325681598928529 53 603 73 900 66 979 10 956 71 792 4 611 94 666 9 840
5133 -1.3492959746540936 2.428526956470765 2.1769208204431645 220 188 146 0.85053351394532573 53 599 73 999 66 1076 24 610 14 852 62 972 20 940 9 1005 60 1043 15 1033 17 1064 74 1010 35 914 49 837
6076 -0.45735744782924859 1.8293426572489435 1.7446069262325017 81 47 4 0.1911065852446634 15 153 17 109 74 100
5135 -0.30239611138324934 1.4152402902585799 1.2744250199801295 0 0 0 2.1334534358898507 79 1089 73 1017 24 939
5137 0.96514803469407418 1.1313411777495206 1.8565115794153761 255 224 64 0.50931167195726279 53 997 73 1037 66 1036 24 916 14 926
6016 0.32598584113337276 2.0054325901944101 1.9170165022697565 71 30 1 0.14776516785029511 26 416 50 408 65 435
5140 -0.037807382722681644 1.986742573478705 2.5819052949149626 201 185 149 2.0401957300775608 79 1192 73 1093 66 1186 62 1058 10 1081 71 984 4 800 20 1027 60 1157 49 1055
5141 -0.02636518988207219 1.959818897109598 2.5863888984503567 201 185 149 0.67831237222486751 79 1193 73 1094 60 1158
6020 1.4182444182453777 2.2197119478125713 2.010863569181264 49 33 28 0.12427194846146061 83 630 50 454 65 486
5145 0.96389556213313898 1.1890368050437279 1.6783336125386286 200 155 39 1.7950805804550645 53 1053 73 1122 24 1001 62 1112 9 1115
6024 -0.83242908927329806 1.6716966658313737 1.3581565483557001 239 191 56 0.86567572326522602 26 500 50 473 65 576
5146 0.96389556213313909 1.1890368050437283 1.6783336125386283 200 155 39 1.7950805804550622 53 1054 73 1123 24 1002 62 1113 9 1116
5148 0.71481521721268815 1.071357425685953 1.3180887524338702 255 195 43 0.58274883258011911 73 245 66 0 10 298 24 555
5149 0.7798236163460579 1.1598433829947032 1.3683674242935449 255 154 23 0.17471738934356953 53 18 66 1 24 37 62 59 10 9
6028 -0.4260793085840886 2.9526191031274855 1.1968778772943709 87 85 80 0.71188885275207847 51 917 50 532 65 632
5152 -0.61298031730999902 1.6028751722121335 1.2388653247679144 218 9 1 0.08882947655041934 73 7 66 6
5154 0.76648691773589295 1.2755196020069128 1.4212388971832017 255 222 51 0.0822169156928797 79 11 66 16 10 24
5155 -0.51971478122989767 1.4981109557844248 1.4605886373270056 255 246 62 0.069077371292642312 73 38 66 28 24 36 14 40
5159 0.15566561195503942 1.3484427490701452 1.9651042630245554 218 160 49 0.61197673854048462 79 137 66 151 71 69 4 28
5160 -0.64252905678290051 1.8323404709623825 1.8210808321209295 188 110 18 0.39252767944985306 79 135 66 160 10 371 71 534 4 440 94 320 60 667 20 581 15 798
6491 0.30919059250000014 1.5440829507876792 1.3852018469047542 95 111 145 0.18171366057987703 2 601 57 377 37 322
5161 -0.641817521543945 1.8284809657926118 1.8213596275180854 188 110 18 0.33391069410337854 79 136 66 161 10 372 71 535 4 441
5976 0.48732653382022656 1.963664138788709 2.0969472442426396 0 0 0 1.8241078340749297 26 610 82 554 50 582
5162 -0.059454046123449518 1.6074495353038349 1.9543220137775472 254 225 58 0.161315988671759 73 128 66 173 10 112
5167 1.3523448872977841 2.1948524098360305 2.0454667831299695 98 61 41 0.5913753552761688 73 206 66 226 71 174
5169 0.69616411829044811 1.7589911039057542 2.9020113393262288 191 171 131 0.63886938544007055 73 241 66 289 10 290 62 716 9 750
6048 -0.18821669035428121 2.4040644687886603 1.5222196880428081 46 37 9 0.29740922436461298 26 615 82 560 50 583 3 859 83 764 65 612
5170 0.95829833116469665 1.2685803471033661 1.6152633293050713 255 230 61 0.072682464522356827 73 292 66 344 24 300
6573 -0.51222854426196596 2.7584354293719833 1.4638284445421788 80 85 79 0.2778846427573835 57 506 67 924 70 476 37 500 1 744 38 381
5175 -0.077200001582306735 1.6137843700036563 1.9636337559052623 180 107 22 0.29588314994715331 73 129 66 422 10 373 71 532 4 430 94 531
5176 -0.078070393627308762 1.6151617252132688 1.9620431105185168 180 107 22 0.17430724052917479 73 130 66 423 71 533
6571 -0.9916531349543577 2.2021275198432804 1.7602551033523481 21 19 18 1.045696487182411 57 584 70 543 37 489 38 368 19 400
5177 0.022768743847501244 1.6391191535219602 1.9446288406951047 172 99 16 0.30619342370110908 73 132 66 424 10 379 71 352 4 247 94 316
6056 0.39291053143032062 1.703633002994831 1.9853896698569182 163 152 149 0.55450440015287261 7 1094 50 621 65 657
5184 0.72158936932875273 2.4170587669406496 1.7748163297868507 151 97 69 0.29932288032863436 73 647 66 462 24 630 14 648 62 491 10 443 71 397 94 151 9 571 49 612 68 755 61 485
5185 -0.95433054995533839 2.3298252737927263 1.9909454784115701 18 15 13 0.086645352091655442 73 370 66 463
5186 0.27528037423074836 1.8203364871590022 2.1178267302445239 127 75 11 0.3291220363502762 73 646 66 465 62 468 71 555 4 458
6653 0.99617952534594378 1.1032352874906768 1.3957130085915201 255 236 69 1.662450127942152 40 199 96 512 75 367
5189 0.86242333431830009 1.6256819251329551 3.0609231311618967 151 99 71 1.1247411117520518 73 847 66 599 24 844 14 868 62 998 10 985 49 1016 68 793 68 934 61 578 61 842
6132 0.33334443523476659 0.85783410302556018 2.0085490822695315 159 114 21 0.035037656408547682 17 9 74 7 35 11
5191 -0.88183983154634815 1.6909203481138555 1.3978523051720988 254 198 53 0.80889753710634371 73 565 66 614 10 645 71 756 4 571 94 487
5192 0.41998899439663817 0.83984589318115743 2.0582143268207358 255 197 51 1.1254562180708207 73 599 66 640 71 477 4 373 94 254 20 209
6651 0.34562257513050404 0.94547549100616524 1.8706032099686556 191 115 15 0.095089107779658899 96 381 75 360 86 332
5193 -0.81938983663377174 1.8200262103640412 1.5569660456409342 26 25 26 0.51018083889902333 73 868 66 642 24 787 14 745 62 746 9 934
6136 0.39326035470807313 0.90472176710572494 2.1273206710706964 174 124 23 0.044173279063074285 17 19 74 18 35 20
5194 0.057982667265485524 1.5764090356111089 1.944915211608379 94 83 87 0.053388901469380183 73 350 66 673 24 111
5197 0.65096747984843506 2.4380088858016689 1.7078055347559273 88 50 32 2.0536153399956887 73 905 66 696 62 923 49 925
6140 0.03172133170055691 1.1745042188849557 1.7993638101208977 68 72 89 0.096342455529698945 17 405 74 28 35 288
5199 0.68991844176974093 2.4145781705876428 1.8410177721976733 237 212 167 0.15560401081510092 73 653 66 702 24 634 14 652
5205 0.3440987432517213 2.1512295300148199 2.2422574190830469 240 214 165 0.4231357513481484 53 629 66 742 10 516 71 632
6084 -1.0919275323071369 2.6370465425451561 1.7195458903817658 162 142 113 0.086918266209354694 47 348 17 346 74 331 35 246
5213 0.1330905405270465 1.2704645374554984 1.9131492435881874 212 145 32 0.06602109190010963 73 878 66 945
6092 0.40751330836005711 1.7818509085657874 2.7591426257448823 232 215 176 0.67631662838143336 15 852 17 514 74 469
6434 0.096261682273823063 1.8986212926357422 2.2925775136502913 38 43 51 0.075135337194867091 49 188 68 194 61 178
5216 -0.95159734115638961 2.1879966219027058 2.3713796578859103 217 186 145 1.3605831215337727 73 920 66 996 24 621
5217 -0.96646656833207001 2.3130815223427614 2.3842718056556467 0 0 0 0.4083394878025795 73 922 66 999 10 1044
5218 -0.31250043674744271 2.0066258513703557 2.5107933924671122 109 70 51 0.64783834381642236 73 1009 66 1001 24 879 14 860 49 926
6557 0.40566369696401472 1.0497306689534884 1.497527009781668 94 102 123 0.27871533257317882 67 952 37 409 1 698
5221 0.87392863898311657 1.0409925968943647 2.008378769569453 255 228 63 0.28379823621656608 73 1042 66 1043 14 891
6036 0.10065562541143121 1.9065027066858642 1.5497586271224582 70 37 7 0.8191022010769925 26 649 50 619 65 597
5223 -0.66729615396753839 1.8252744733097925 1.7739191033488559 255 237 62 0.066608445422223245 73 978 66 1050
5224 -0.81739202111872877 2.094773999861673 1.8275244465144647 27 20 11 1.8005005655141795 73 890 66 1057 14 132 10 952 62 442
6555 -1.1142493882824693 2.6177962243483037 1.7840068361294577 168 160 137 0.032128693280878064 57 438 70 326 37 401
5225 0.058039475877336252 1.7721404553483753 1.9565148643463883 15 9 6 1.0950441299800842 73 1045 66 1061 24 952 14 943 62 1069 10 1072 94 723 9 1092 49 1046 68 953 61 868
6040 0.53471494953258836 2.4021249200855137 1.7600098178397068 181 163 123 0.66258646152670941 26 686 50 639 65 626
5226 -0.41149812510150852 2.0040097034840145 1.9748034768901415 248 187 47 0.21367498555440029 73 989 66 1064 24 867 14 850
5231 -0.28347287084703637 2.0567171140371516 2.6841088056680333 0 0 0 0.49712042832864284 79 969 66 1087 10 1048
5233 0.29191236435694878 1.813721826157932 2.9430491143859334 0 0 0 1.7576277422571966 73 1013 66 1096 24 839 20 923 10 1084
5234 0.77915928138756851 1.6483163143213484 3.1400723483023478 0 0 0 1.5279596661811474 39 844 66 1102 24 887 14 811 31 698 62 1000
6637 0.43400622628724056 1.982949908389195 2.05077686356536 27 25 21 0.32727270338221254 18 198 23 269 96 452 14 191 62 480 10 158 94 378 9 557 49 586 68 559 75 431
5239 0.71822185718274845 1.0750558766417306 1.2604083902982339 255 245 72 0.17136606716721781 73 1055 66 1153 24 937
5240 -0.894086991381975 1.6398392680345084 1.120602776207603 0 0 0 1.2695413250227132 73 1079 79 1162 66 1154 14 941
6635 0.41960289418632873 1.8037178709652282 1.9562227801985717 147 139 145 0.24309490886828877 18 170 23 501 96 433 9 530 68 529 75 410 86 506
5241 0.26319293805973137 2.129425045746085 2.1835182641014064 106 83 61 1.4847885046482576 73 1069 66 1170 24 933 53 922 14 907 10 1102 62 1077 71 906 9 1097 49 1052 68 958 61 856
6120 -0.22698195206128174 2.1720067960454204 2.3238090602746948 14 11 10 0.32535317981976608 20 1046 17 1122 74 1064 35 974
5245 -0.74362292578990574 1.7268738144570137 1.4319315508623944 0 0 0 1.3288346711808499 53 1018 66 1192 10 1115
6124 -0.87555234937271842 2.2650409507629896 2.4295562232652563 0 0 0 1.5091367111522209 20 939 17 1009 73 925 79 1053 66 1081 14 774 60 1042
5248 0.3273700702320384 1.0904972786143838 1.3885177973111784 0 0 0 0.2483932953958011 73 1111 66 1203
5905 -0.93468184379497721 2.3576269141867616 2.1591914136869157 220 205 168 0.15919825340554672 60 1037 15 1110 17 932 74 872
5252 0.70615012436314462 1.2594517682657256 1.3626797373739605 255 163 22 0.29249789805765336 66 3 24 45 62 97 9 111
5909 0.74902069931131499 1.7072142139051976 3.0092150695071354 84 51 36 0.88250883183853024 20 914 60 1077 15 1147 17 992
5253 -0.53091107029585805 1.5215743226232905 1.5198264088487585 255 242 64 0.17018470255714854 53 25 24 46 62 142
5254 0.24824562176115211 1.6940861138878942 2.0346383209142966 186 113 19 0.20958308849186405 66 440 73 151 24 129 10 389 62 221 71 370
5256 -0.029561978900665101 2.0533460650237965 2.1380935330723569 24 21 21 0.71180707254457631 53 139 79 210 24 168
5913 -0.83178240940666881 1.977961814561167 1.7187938289945468 77 75 84 1.1442391209108473 60 1102 15 1178 35 935
5261 0.8441332322775108 1.6143604085395196 3.1071881786617643 148 91 61 0.13726417465286819 73 244 24 267 14 311
5264 -0.12422504073902428 1.5907059157296146 1.9266804596331648 254 222 57 0.31739496876303291 73 616 24 323 14 130
5985 0.22796964253225491 2.4169235262920474 1.7271488406777744 53 63 87 0.36210205784549609 26 684 82 638 50 657
5267 0.28377939204957986 2.0291665501331613 2.1731768456954832 162 155 167 0.92769821749959736 73 665 24 354 10 968
5268 0.0071942509905555544 1.9814731441565065 2.4334579054320677 33 30 25 1.3448096124664166 73 211 24 374 14 406 62 504
5270 0.87808561440131583 1.6553679021414547 3.0372779884419794 248 220 170 0.27504154150217613 53 225 24 554 9 765
5272 0.18656695375993093 1.80255590696769 2.0552141317493158 228 166 40 0.39920784857986735 73 904 24 612 14 635 62 917
5993 -0.12344225856518885 2.3984835513725211 1.3611457685332906 8 6 7 0.20751466138893457 82 76 50 77 65 96
5275 0.6287908552707917 2.4342133248311062 1.8145236771070981 227 206 166 0.11283025485822336 73 651 24 633 14 649
6504 0.86608362936910233 2.3681942130344509 1.8751215439152813 42 25 17 0.31800453479552354 57 285 70 259 37 87
5276 0.7515284709920228 2.3874765065956067 1.8679973611835139 230 209 169 0.14107624159808518 73 658 24 637 14 653
5997 -0.24568562749267214 1.836306649168737 1.3653549834634002 255 234 73 0.14061971334135132 83 257 50 188 65 223
5277 0.19428308407279671 2.0704453843583215 2.1957510302096952 254 194 49 0.65104479075307609 66 991 24 638 10 1039 94 739
6498 -0.94604344297109932 1.8479570886489325 1.4083911514783418 95 69 15 0.052904375051794579 70 53 37 47 57 66
5278 -0.061943868248015684 1.9084802537933434 2.4345839336735895 14 13 14 2.115318918187524 53 639 100 531 24 648
5280 0.5246066688582951 1.7775686169736997 2.9010849661103446 152 101 73 1.3905026207580498 73 837 24 756 9 898
5937 0.47596795934236641 1.7615994141895541 1.8637973523148315 172 159 153 0.71973682786898907 29 795 26 534 82 474
5285 0.87879627012666017 1.2324096912424616 1.3525535285775034 255 255 82 0.74380105103218541 73 960 79 888 9 977
5288 0.9165373598153016 1.2350945137534106 1.6726864129152574 255 233 59 0.46221019283380049 73 1028 24 912 14 885
5945 -0.61564236685276497 2.9548472985455607 1.2197547017208572 59 40 32 1.2805799816142083 83 719 26 632 3 705
6619 0.43099076758407723 1.8806739212878032 1.9919640416850146 26 25 22 0.1399828234421566 61 645 96 441 75 416 86 509
5293 -1.1248929735102235 2.1861442023491282 1.9212295341970484 0 0 0 1.4896624313820914 24 998 14 967 71 1015 4 872 68 984 49 1073 61 892
6108 0.13282573291253164 1.9393843507971651 2.8078298409916824 215 185 144 0.0749890161444976 60 1030 17 916
6450 0.42508295724925643 2.5106788408345331 1.6256349723701289 98 62 43 0.26845317073800268 49 922 68 899 61 810
5296 0.17447392644670923 1.9110347638119602 2.122777874372475 250 195 47 1.2646182482735142 100 475 79 512 39 354 53 365 73 387 66 701 24 349 44 172 39 358 14 180 62 473 10 710 71 559 4 462 100 483 94 563
5889 -0.089194218709015283 2.032564476322134 2.3883213023505729 120 112 121 0.066765441730219449 60 929 15 1001
5299 1.0365984238054089 1.1984347869100596 1.7433450448360897 206 147 39 0.8309078902392657 34 1161 42 1076 5 1112 25 1274 44 1124 100 1120 79 1097 39 951 28 938 31 914 53 961 24 914 73 973 66 939 14 888 68 916
5300 -0.72884332154500775 2.2416664491661971 2.0791839014010565 70 64 68 0.94162720035657566 73 1091 24 955 53 1003 79 1153 14 933
5893 -1.1069936358739021 2.5678847092566079 1.8729873171288811 126 127 117 0.24277186402818271 25 1202 78 1184 15 1021
5302 -0.014640878182965994 1.9837261637341372 2.4682471285018814 35 32 28 2.1046354905186981 28 967 31 922 100 1154 79 1156 39 1004 53 1034 90 1017 43 990 92 1020 24 963 66 1173 73 1070 14 945 81 834
5304 -0.5122820520581487 1.6460857964433182 1.6250747912063823 250 212 56 0.17382723133068759 24 71 14 93 62 163 9 502
5897 -0.46118668549398528 1.7824160257844661 1.8416545398060045 255 202 60 0.50111915315245437 60 997 15 1083 17 889 74 836
5307 0.42097201184489019 1.7764685298543847 1.9415493342603825 27 23 17 0.33166363262398418 24 131 14 164 62 453 9 526 49 567 68 525
6408 0.3808087477561844 0.753452978721047 1.7198296573350658 0 0 0 0.79364201182995942 14 917 49 982 96 901
5308 -0.81289801457709521 2.326903836266685 2.0747734088610286 165 167 183 0.52093275259745964 24 135 14 169 62 474 10 447 66 211 71 618 4 491 94 582 9 258
5309 0.40353703191289414 1.7691257545146113 2.163083796189901 28 27 24 2.0748563430732192 24 172 14 186 49 577 9 543 62 476
6402 0.66570636368582425 1.738769307342515 2.9352958750550004 226 211 173 0.36733877054782466 62 361 49 879 68 776
5311 -0.014561775231057188 2.0476135240471547 2.1921488973273231 32 35 44 2.25436483983581 28 141 31 165 14 192
5312 0.37043024660472457 1.9277365487140665 2.1477474082182955 29 26 22 0.5986602385379407 24 187 14 203 62 273 10 434 94 111 9 558 68 561 61 463 96 450 23 257 75 428 86 519
5969 -0.37137160941717873 2.4924074342318656 1.3601919957886843 58 65 86 0.22062229633545316 26 426 82 490 50 412
5316 0.38066060088027304 1.7253054127554335 2.0229790406767831 36 32 23 0.39695045704360982 24 139 14 376 62 455 9 528 49 569 68 527 61 443 96 429 75 402
5973 0.7103281554224069 1.044364296056056 1.2205867905908039 0 0 0 1.5954573004774921 26 489 29 913 82 514
5317 0.42489013491653072 1.8322602625572799 1.9652900621047984 34 30 22 0.25973387264457642 24 144 14 377 62 457 9 534 49 570 68 533 61 449
5318 0.46047344362601261 2.4815890899132174 1.7447834757188727 184 166 130 0.51016571140233091 24 159 14 393 62 485
5323 -0.56348823961413208 1.8648917620408878 1.8827727114472965 254 219 54 0.53248422376893079 24 593 14 615 62 758 9 944
6488 -0.17850300918015199 1.5297341998710006 1.7981251258639972 124 73 11 0.3508227949535872 70 234 77 48 57 58
6697 0.32113075862181745 0.8324072483064292 2.0370298630322332 255 252 100 0.47205404406878354 40 291 61 595 75 362
5324 -0.26911298077459117 1.7310480611630898 1.8925412791101788 191 129 26 0.10956069596353407 24 595 14 616 62 756
5981 -0.042478028461478828 2.8598491136436555 1.3278001243253861 0 0 0 1.0386238241598009 29 1086 82 588
6690 0.69570074016567252 1.0886762362961437 1.2682102495503471 255 238 69 0.48131298188447857 96 961 75 946 86 710
5325 -0.17180881368236747 1.7033657416278247 2.0386635749442203 20 20 23 0.46281691915011508 73 628 14 627 62 766
6482 -0.8149370047006782 2.3944991260310893 1.6449471726742824 3 4 5 0.65047995121867441 2 662 70 396 57 409
5331 -0.64637366538166274 2.0737031485741251 2.4843311249669457 183 158 123 0.94098120962667775 31 757 100 931 14 776
5332 -0.18254685740376106 2.0330843500334228 2.6937553990982148 213 185 145 0.82741124990158921 28 586 100 944 14 792
6053 -2.4327022829067282 1.6481563584123939 5.0232824003937182 60 64 81 1.282562482609221 82 111 65 155
5334 0.71503022547100747 1.123912234105076 1.3386636972982979 255 198 43 0.4987063876292831 24 849 14 819 62 940 10 903 9 974
5340 1.1285705765876177 2.2502803794571768 1.8339257289115656 0 0 0 1.0542643749226597 24 932 14 911 68 970
6706 0.099922272717763744 2.2180713606477362 1.5236823481491693 28 34 43 0.13714921648148898 96 132 86 147
5341 -0.50292850848168014 1.7271827881491388 1.5780567032882979 255 243 66 0.4813021479285513 24 944 14 920 62 1065 9 1088
6562 -0.91062522351358244 2.2565568103068627 1.621107297688579 99 92 28 0.52882957824998766 57 491 67 905 70 465 37 435 1 729
5344 0.46846912800727253 2.5815400789106544 1.7442266936193538 207 193 159 1.0564777425549627 24 931 14 944 62 1076
6001 -0.5537522472472397 2.5719937831383888 1.3013874293294412 42 46 61 0.13356687170581591 7 115 83 324 50 234 65 277
5346 -0.39342466517713354 1.7066929800428192 1.4389332664507919 93 71 58 1.6578338241314268 24 979 14 958 62 1100 9 1100
5347 0.20452499458617127 1.8877871436789937 2.0976624339136962 241 178 44 1.2406525813376301 24 992 14 960 62 1106 49 1067 61 881
5348 -1.0474739520736014 1.7920509719615285 1.5704587426162346 0 0 0 0.78543284551549974 24 1000 14 970 49 1072 68 983
6005 0.015949899217972352 2.4167530529493417 1.4731829064151949 27 7 0 1.0791025266031149 3 439 50 252
5352 0.42508649497256518 0.7747936317100097 1.9225013884235922 254 240 61 2.1229509002220124 14 76 62 51 9 13
6009 -0.68143111338761297 1.8400095682252884 1.1160698051373596 98 65 11 0.14131517168500829 83 472 50 347 65 377
5355 0.32551277714987764 1.584035791566724 2.0156365403747802 16 16 21 0.22590671746693136 14 371 62 211 9 209
6520 -0.80971248902355641 1.8327755411897551 1.0518722710175896 92 72 17 0.064600025450067974 57 255 70 357 37 201
5356 0.019998750205658083 1.7396904818497596 1.9828430565166337 122 67 6 0.5180479382526979 24 121 62 212 9 524 49 155
6013 0.37464383709364663 1.8163865586947798 1.8314475093316345 70 33 2 0.13562322355728368 51 562 50 386 65 413 3 402
5357 -0.3621750111907287 2.0335107821308802 1.9324758175745227 74 64 66 0.49814144716306608 73 144 62 227 10 400 71 385 4 282 94 89
6514 -1.2361736738465432 2.4264079469336863 2.1007682582263891 114 109 91 0.047275250340111083 57 213 37 165
5358 0.42509673611060944 2.3297078206106554 1.5787433035307146 27 35 48 1.8329462935817729 14 163 62 239 9 249
5360 -0.93255438642274591 2.3451674397701923 2.0201688793671941 16 14 13 1.3308264914250585 62 247 10 439 71 426 66 469 4 332 94 409
5953 0.72297559557049162 1.7856652984905435 2.8055850824019744 112 100 76 0.28127233037281696 26 265 82 87 50 277 65 323
5363 -0.2109539005916109 1.7528122389802963 1.9694774819272876 194 148 34 0.50665508977582774 14 624 24 331 62 441
5364 0.40785830690060521 1.7637305844843971 2.1669951386127355 12 9 10 2.3693277403871864 14 187 62 477 49 578 9 544
5957 -0.48258645642801606 2.4660361575216996 1.2877622022687516 35 35 45 0.13710374484419183 26 248 82 233 50 221 65 263
5366 0.3543871934306842 2.1222033305620243 2.3500650060646908 205 178 131 0.1517066074145835 14 264 62 545 9 594 49 277
5368 1.130166036305984 1.8747524361713934 2.6226067217846389 221 188 140 0.22275167719497055 66 590 62 706 10 617
5961 0.16603234566958514 2.6545905716118083 1.4500359520072135 92 101 101 0.63933817928816405 26 350 82 303 50 315 65 346
5371 -0.42683999551962015 1.5917896510939957 1.5447355120442749 98 47 4 0.16833263267441093 24 567 62 739
5372 0.11093691840683245 1.7171242632596777 1.8833386750131642 125 74 12 0.1324047830625428 14 623 62 762 9 831
5965 0.48613905857001777 2.3802780978180467 1.7438982168235515 16 13 13 0.27557796503275439 26 326 82 427
5373 0.038833461685791715 1.6561791249683551 1.9795007829644315 253 180 42 0.25194365821030124 14 367 62 764 9 832
5374 -0.18770830315273043 1.7227727742570524 2.0276364214013944 22 23 24 0.6684269415630677 14 628 62 767 9 835
5376 0.2053588127824269 2.0240352409398237 2.1681560607935122 251 185 46 0.062078060187145269 14 647 24 635 62 784 9 856
5377 -0.870874133518456 2.2257482218310547 2.3630884858730079 98 59 43 0.63139063662720329 66 256 62 786 10 524 71 245 4 171 20 498 94 432 9 569 15 353 17 353 49 595
5808 0.026868924378072433 1.1673540140128793 1.8015882092787672 68 65 68 0.10183861882784494 20 516 60 590 15 388
5379 0.12901154731578954 1.7445943913327608 1.9137408906137738 192 125 23 0.10834788388290585 14 759 62 910
5381 0.13718207428700233 1.8830374153507541 2.7084784700011344 222 206 168 0.062374017947218155 24 836 62 933
5812 -0.70691893698648167 1.8608841919320918 1.7968384496599983 28 26 23 0.22025728576160133 20 584 60 671 15 815 17 756 74 699 35 636
5383 -0.93420630219194933 1.6382846982703922 1.3256845449568 255 203 56 0.46013998187533289 14 817 62 946 9 981 49 891
5384 0.88921009236327953 1.2764353588559096 1.5250757424053658 255 212 45 0.83385030297175844 14 836 62 949 10 996 71 846
6331 -0.76931098206990933 2.1156460918333928 1.241573187134789 110 0 0 0.22757652438845888 17 1050 74 998 35 895
5385 -0.486851119384416 1.853654574874799 1.9206125999491188 204 125 45 0.43817745798995184 14 756 62 960 9 994
5816 -0.76747803219653155 1.8793049398988602 1.7682800106615046 158 101 30 0.29547700225061907 20 587 60 677 15 824 17 762 74 702 35 640
5389 0.48079290499149874 0.8717358555479443 1.5191029293807758 0 0 0 0.64103312690842307 14 916 62 1003 68 936
5820 0.5515480070736124 1.7229027778515011 2.9252882980250066 151 102 77 0.17366803100795011 20 710 60 796 15 584
5391 -0.44976302248204436 1.7963952300142307 1.8572955250048901 213 205 211 0.49737691806302342 66 1164 62 1028 10 1071 71 938 4 777 94 785
5760 0.27353461253356159 2.221458425073469 2.2091958693790374 234 207 160 0.68411317862743692 62 1033 9 1056 49 1036
5397 0.0033740586446517357 1.1211131014314382 1.6140666590590502 0 0 0 0.3563434723381117 30 855 62 1097
5764 -0.67619315356092546 1.6809437074960656 1.2849433583078333 241 148 24 0.47443495762814136 62 1111 9 1113
5399 1.2707533726484539 2.2399591891686952 2.0255255039866786 227 209 172 0.46899570457993822 39 786 28 752 90 737 73 677 14 670 62 800 24 659 14 454 10 500 9 870 49 853 61 683
5400 0.0034670879446017915 1.9135710177252039 2.4341811693201936 125 121 134 1.6446421659392991 53 178 24 221 14 238 79 793 73 476 66 770
6283 -0.91560039425029327 2.6092026850721997 1.7038323341094057 142 131 108 0.10407776189597817 17 807 74 759 35 488
5401 -0.6379242193390835 1.5860869780171973 1.2236101390198797 231 0 0 0.61070279899875102 6 1220 33 1158 80 1149 54 1179 8 1205 42 1098 58 1202 88 1019 72 1025 21 1193 13 1109 93 1159 6 1219 55 1083 85 1100 33 1157 80 1148 54 1178 42 1097 58 1201 8 1204 88 1018 72 1026 34 1177 5 1117 21 1192 43 969 43 970 92 1041 92 1042 78 1266 25 1290 44 1108 18 1231 69 942 100 1105 39 971 28 916 31 893 53 985 90 978 98 1419 32 1218 16 1521 99 1281 45 1563 56 1282 29 1100 36 1080 91 1160 97 1252 84 1215 87 1283 48 1608 11 1602 59 1560 12 1334 64 1353 89 1401 95 1270 41 1287 27 1124 63 1163 22 1190 55 1084 85 1101 34 1178 5 1118 78 1267 25 1291 44 1109 30 942 18 1230 69 941 100 1106 39 972 28 917 31 894 32 1219 16 1522 45 1562 48 1609 59 1559 12 1333 64 1352 89 1400 95 1269 41 1286 27 1123 63 1162 22 1189 13 1110 93 1160 79 1134 90 979 73 1018 66 1108 24 890 14 815 23 1064 81 816 81 817 40 754 40 755
5768 -0.98206377790523036 2.3508088613583862 1.9392218873709155 12 8 8 2.4135225551810975 73 368 66 457 24 118 71 575 4 476 62 244 10 430 94 399
5405 0.81818465111332506 1.2835425763520452 1.4594456747197861 255 147 18 0.12079154171343458 62 137 73 52 10 32
5772 1.5038727985452918 2.2090399576606492 2.1909075998790399 0 0 0 1.6790119198231852 53 927 73 1071 66 1147 14 914 62 1035
5408 -0.9161107152898883 2.0008604831437111 1.6517420380614458 113 89 75 0.40671150547474416 66 142 10 106 71 350 4 255 94 327
5409 -0.9161107152898883 2.0008604831437111 1.6517420380614458 113 89 75 0.40671150547474416 66 143 10 107 71 351 4 256 94 328
5712 -0.98129126771716435 2.2586689283078218 1.9185738737746376 9 6 6 0.50870708526441311 4 299 10 415 94 382
5416 -0.53050097891885128 1.475860821376425 1.5052724822415215 255 247 65 0.89177727421568287 62 384 10 318 71 480 4 194
6235 -0.93233312903914511 2.2584100415425934 2.2813920973217248 148 98 69 0.14931778983491742 17 819 74 578 35 512
5417 -0.44148374313972683 1.7323369131377442 1.7044341451242113 183 100 13 0.61439982287978345 10 351 71 516 4 408
5720 0.13403720060323715 2.0316606359607041 2.1019707686169578 62 36 12 0.56803562586309253 71 569 94 567 4 468
5418 -0.76629262068907777 1.8773411799518669 1.7648558815899382 182 101 13 0.38419499024445958 66 153 10 363 71 355 4 438 94 319
5425 0.1637497784765094 1.9754553783817554 2.1434133678288827 252 197 49 0.12637685699813864 66 705 73 394 10 718 53 378
5792 -0.49549551355001042 1.8275710342346256 1.7612569659089434 253 224 61 0.12973571209544957 20 254 60 411 15 749
5426 0.92399066172520106 1.2077892811596926 1.4412984116650587 255 249 71 2.146258048711847 66 925 10 912 71 469
6317 -0.21183696965585161 1.7326172481411315 1.9600851616626935 157 124 32 0.33400783367010162 17 970 74 917 35 838
5431 0.66276028331478698 0.99552242430057791 1.2785623099873349 0 0 0 1.9823902843288199 62 1037 10 986 9 1029 68 906 94 697 61 875
5800 -0.74366110739848745 2.1980692092798124 2.067525119446517 82 83 95 0.073912012738921534 20 452 60 521 15 302
5441 -0.71455112836530066 1.5817405064608436 1.198050453374139 244 217 74 1.5810657338057224 99 1280 56 1309 91 1191 97 1250 84 1211 87 1282 87 1312 30 971 30 941 16 1544 18 1005
5872 -0.05349789434275045 1.9262083689415435 2.6724704906289563 48 31 25 0.28376766581921131 60 806 15 612 17 550 74 232 35 443
6397 0.46589392070331409 1.9325331295561563 1.9534045956422494 168 162 172 0.14763369270076951 9 545 49 580 68 542 61 455
5445 0.22517165701748876 1.7713850836677758 2.0592500171690276 192 123 23 0.78180340968013484 24 958 14 932 62 1072 10 1121 73 1090 66 1181 9 1094
5447 0.6826870514560256 0.93986943086013797 2.0753125968666439 255 232 61 0.3691920557470707 66 402 71 40
5448 -0.7333278442215776 1.8692051580790554 1.7869856523157792 255 206 54 0.26530502140210321 10 113 71 97 4 52 94 64
6395 0.49021792588213542 2.5271266702715001 1.7299811869111252 219 197 155 1.6959586070531181 62 487 49 218 68 575
5449 -0.539605392091418 1.849518898846058 1.8127902496571566 65 61 72 0.20370534392294282 66 164 71 99 20 261
5880 0.26726780138872791 0.74936932776281207 1.8962650293135273 150 123 34 0.26490767051029374 20 738 60 568 15 925
5450 -0.06278014133015454 1.6812572516430322 2.1072570017481902 53 43 44 0.5467275322863745 10 130 71 113 4 62 94 335
5452 0.32436874892822953 1.7784343998319805 2.0818589369970084 149 143 155 0.42026024455373739 66 455 71 120 4 65
5453 -0.53259146755280506 2.0165750609408448 1.9052718663611088 1 1 9 0.50459542371607191 10 135 71 121 4 280 20 83 94 552
5884 1.2555077571512394 1.9794084048889511 2.4449899467980569 251 232 187 0.71551740359119875 60 898 15 967 17 971
5454 -0.93178427898301874 7.6769732153279895 -2.1371483112764684 76 63 62 0.91859358612880426 10 175 71 144 4 89
5455 -0.93178427898301874 7.6769732153279895 -2.1371483112764684 76 63 62 0.91859358612880426 10 176 71 145 4 90
5464 -0.076706510995918215 2.0905242948010092 2.4022876778789652 5 3 4 0.28399362482484369 10 240 71 240 4 358 94 187
5673 -0.18815520867290123 2.0030376869413815 2.7340593020640993 0 0 0 1.28858596001759 66 1088 20 931 60 1036
6347 0.31531102836252117 1.4389494389289408 1.6532226737045868 184 128 35 0.87963522408766759 17 1098 74 1042 35 950
5467 0.37472635007564903 0.99879153356858719 2.1128835717596126 225 166 45 0.50184296165069675 66 145 71 315 20 214
6184 0.46636085451251308 1.3817180581593276 1.6331717761037017 42 44 52 0.038434801365841847 17 404 74 376 35 296
5469 -0.89225901648156913 1.8395413966200749 1.4969369577734946 173 96 14 0.7536412663446328 10 74 71 329 4 225 94 300
6178 0.32388748088919844 0.8292370400020932 2.0100827288584129 255 209 56 0.20039764042641431 17 391 74 368 35 280
5473 -0.98930969470013375 2.0719745291486404 1.6587962616335246 103 88 91 0.19040977332276929 10 377 71 366 94 72
5776 -0.86916459079467545 1.9803984031522983 1.6886198344208323 249 189 50 0.42012467674507681 20 60 60 118 15 212
5474 0.20228916726613624 1.8989694331415612 2.1079695070804192 131 70 7 0.41976287209883678 10 420 66 468 71 389 4 286 94 371
6301 -0.70844840670895803 2.1349370648097614 1.3316438028784885 185 138 31 0.1180558108649704 17 893 74 838 35 757
5475 0.29675762499315633 1.8884481382751401 2.1650242988048625 161 153 162 0.44355292509437616 10 714 71 394 4 290
5476 -0.54942457869853933 2.1512094902409213 2.0547079136034809 132 72 7 0.36925783441766463 10 159 71 407 4 307 20 396 94 384
5477 -0.52003927745275957 2.1403342928765832 2.0771765697354856 217 150 35 0.30148982164873367 10 161 71 410 4 311 20 402 94 390
5780 -0.056294590279727545 2.0487633315271845 2.4061854945808547 129 128 143 0.073595292450511191 20 464 60 207
5480 -0.063101177861476357 1.8980896746420233 2.3207872701754968 76 63 61 0.22370588976204972 10 180 71 422 20 358 15 224 60 154
6299 -0.4649349920084474 1.7670097329279615 1.7220504373330903 254 198 55 0.075274639033089216 17 884 74 831 35 752
5784 -0.85329540148616145 2.3418579209540962 2.0581611570013174 158 154 169 0.15411777215164735 20 481 60 252 15 322
5482 0.043866706168272374 1.1714817947133658 1.8046058171897172 46 39 40 0.71000433698848453 10 641 71 481 4 377 94 475
5485 -0.100150177187874 1.5670212570987458 1.9227913313653853 143 86 16 0.51608031319566428 10 359 71 520 4 420
5788 -0.91546773889585753 1.6739166890180959 1.3749973177713053 56 55 63 0.3271503194420402 20 529 60 333 15 704 17 699 74 648 35 559
5487 0.058497736034153945 1.5811738366483041 1.9408557344099007 56 45 43 0.20759847317243785 66 672 71 523 20 236
5489 -0.88387711993208429 2.0024711259954504 1.6904217517377196 253 194 51 0.39765973135076543 79 691 71 540 4 446 94 539
5856 0.13822486100065606 1.7263094311391656 1.4430600599018539 199 154 38 0.38728991147456454 20 1034 60 1150 15 1213
5490 -0.37561733665513669 1.797214324109571 1.9258848066813947 34 33 35 0.25608936634420015 10 946 71 546 94 661
6381 -0.56057961603776807 2.1829352490058618 2.3843584150137827 54 35 25 0.42033869865557089 17 1006 20 720 35 797
5493 -0.063207431250354204 2.0529798618160351 2.4030807639773681 133 125 135 0.27677510267247801 10 738 71 662 4 513 94 591
5860 -0.37991996107213571 1.7856351211143711 1.8841356845350259 253 196 51 0.30702833640398436 60 428 15 170 35 104
5495 -0.64503892662228646 1.5285477729593369 1.194315876507938 172 1 1 0.40814577646036643 10 635 71 747 20 745 17 852 74 795
5496 -0.34523449931107292 1.7726570527835031 1.7086572210520672 32 26 22 0.91675910781528958 10 358 71 773 4 416
6379 -0.96663864245361275 2.7931225496169754 1.6066167604813177 105 107 97 1.1834816378236201 17 930 74 871 35 692
5497 0.23304813074286509 1.6775677794706783 2.0045742162792695 232 167 43 0.43995752157451706 10 697 71 786 4 603
5864 -0.58483083979628592 2.0864037150676475 2.4378527256314988 106 71 53 0.078709128967071232 60 263 15 326
5501 -0.57592428338251056 2.1811223998742615 2.0707934861542823 212 149 35 0.38980093078531286 10 716 71 812 4 630 20 833 94 682
5868 0.26025740353751564 1.6341609852083856 2.0131030494042697 75 75 84 0.10908836960157352 60 352 15 432 35 363
5649 -0.14030498796482238 1.9326129059728063 2.2928982835771321 145 137 148 0.45997118495920564 4 118 20 116
5508 -0.36431002733740692 1.9557508896728728 1.9021211203675386 69 54 48 0.80607436864832671 10 953 71 886 4 781 94 788
5653 0.32769508563099542 0.8587368108707859 2.0127185880666265 166 119 23 1.2846015238869175 4 372 20 207 71 475 60 290 15 381
5509 -0.12215279511638909 1.7236655482855638 2.0965897224188859 68 62 64 0.5065624038458878 10 955 71 889 4 612
5510 -0.93993750413421551 2.1898689667445024 1.7587345681563664 216 171 45 1.3730134331112678 10 1022 71 890 4 714
6679 -0.098025649918808341 2.0016968057326103 2.6345891587266927 228 213 176 0.63966302150482368 23 966 96 886 75 872
5512 1.112202646212392 2.2660561609171634 1.9740814015253261 105 70 53 0.27978926303108292 66 1072 71 900 20 806
5657 -0.80232193240595751 2.1061183010025832 1.9664344212325002 55 52 57 0.24637507712684006 4 79 71 135 20 361
5515 -0.24321941448392886 1.9845940269178457 2.6229746202968998 105 68 51 1.2533743255455347 10 974 71 917 4 740 20 920
6168 -0.88043817025245452 2.2094009697780335 1.9755936232159155 137 129 140 0.07864629754368159 17 303 74 288 35 204
5661 -0.8030834223240696 2.1679797698379502 1.9993806394364608 67 59 54 0.25555833510951942 71 150 20 418 4 92
5517 0.26603459486261632 0.91212839327138007 1.9866032661469377 255 196 54 1.0479099013382915 53 899 71 929 4 762
6162 0.16305630142864561 1.8415449189930335 2.7959174797137476 111 76 61 0.41750458533572665 17 246 74 214 35 179 15 604
5520 -0.75371785840349936 2.115541509380968 1.9865961198045408 131 119 126 0.32936507834108636 10 1029 71 943 4 783 20 973 94 792
5521 -1.3509875575430621 2.4510664992028111 2.1577185193123336 214 183 142 0.2856200807241166 10 1079 71 953
5523 -1.3620970313421279 2.4871600159055167 2.1311336835701233 214 183 142 0.99354944508295084 10 1103 71 982 4 829
5524 0.62592113249305226 1.3959555990074848 1.8334438255534866 0 0 0 0.78170098653858278 10 1098 62 1044 71 989
5733 -0.91425100400525827 2.1793357639312942 1.9133653905518957 125 112 119 0.38457793404621327 4 719 71 892 94 732
5526 -1.1441306767841724 2.4006613959816914 2.1379764788455686 151 103 80 2.1679381100177895 10 1157 62 1107 4 873 9 1121 71 1016 49 1070
5528 -0.4837434700597622 1.5823007286089723 1.3468561754683022 255 209 50 1.7093912856079783 71 1009 94 860 60 1177 15 1243 17 1137 74 1076
5737 0.40040478925660639 1.7155225309346547 1.9242949368958364 175 129 42 0.66201434867630737 62 1049 94 786 9 1067
5541 -0.77414112905580967 7.9479455970924056 -2.0867586824375919 78 62 60 0.98543989805854881 10 204 71 173 4 111
5844 0.062273443522533473 1.892163476774527 2.4084099023480858 9 9 10 0.70843322651557783 20 975 60 1106 15 1180
5544 -0.93450744229984728 8.1402936004985378 -2.0512366805758599 77 61 62 0.91211877555900356 10 220 71 189 4 126
5689 -0.53848521445895803 1.8977552808050475 1.8451312428686928 159 127 110 0.29034469583064876 4 264 71 107 94 73
6363 0.41352694149239178 0.91405991278499821 2.0752563677294362 255 196 52 0.21052524818799098 17 1144 74 1083 35 996
5587 0.33980730093697553 1.7779558703004366 2.8944913462739734 97 59 41 0.28771581391222745 73 240 20 493 9 716 60 236 35 168
5596 -0.45701372716690658 1.8970967011199327 1.9613518446612817 255 231 61 0.24588942509074818 10 1023 4 712 94 727
5805 -1.0307075617605761 2.5967677260155617 1.7961673900782507 138 132 116 0.13573342338914035 20 142 60 534 15 626
5604 -0.75336841485260564 2.2221147844458184 2.4766834045677237 0 0 0 1.1434682397388167 66 1002 4 746
5749 0.11044200251643041 1.9696021196714737 2.3438722516706623 42 36 28 0.065974291979767979 9 271 49 204
5608 0.0050866752251116591 1.1321173705456662 1.7919185555061885 255 197 56 0.29678684128659871 10 1058 4 764
5753 0.46109914124610418 1.8841008731075086 1.924044552564921 157 151 162 0.1282968153974042 62 459 9 537 49 832 61 643 68 741
5619 -0.98601450953474978 2.0685625493343838 1.6875292261956365 154 97 98 1.9408860046770182 53 799 10 943 4 608 10 376 71 365 94 71 9 207 49 556
5620 0.89335866462622815 1.6562416599519159 3.0200391353740672 223 207 170 1.4809761755588737 80 622 54 663 8 388 34 1030 16 1289 45 1314 56 951 97 1102 84 1060 87 1126 11 1530 41 1269 13 1095 22 1107 72 929 89 1044 42 799 5 1037 43 968 43 999 92 1038 78 1063 78 1236 25 1178 44 1106 69 962 100 1103 79 1130 39 1007 28 914 28 947 53 1013 90 977 90 1003 73 1097 66 1189 71 954 10 1110 60 1017 20 835 15 831 50 516 65 550 35 855
5701 -0.87562496674500323 2.3346772920872305 2.0478587876276109 162 158 172 0.76808500082629105 4 138 71 198 94 152
5622 0.34757016094243903 1.0005904009606863 1.9726155755991559 170 101 16 0.75268797371733254 18 54 23 166 96 90
6727 -0.7313192075345748 2.9123375761627011 1.154357881582754 0 0 0 0.87877042523314763 75 855 96 911 86 652
5705 -0.56793525672455458 1.5805232164473333 1.6381361185787839 164 160 175 0.83911544684759953 4 395 71 321 94 282
5627 0.92476592236940081 2.0436352817861048 2.3883977293384535 105 93 69 0.045509752642111309 18 305 23 349
6216 0.24752760970632889 1.8718700776326034 2.7298155512661881 49 32 25 0.091250405150791011 17 775 74 482 35 426
5628 1.4970979583565633 2.1838801987516603 2.0846099660039732 99 60 42 0.2634155291626108 69 230 23 399 75 256
5709 -0.89166188050484585 1.8590520224027867 1.5875656043201192 189 185 199 0.53116556505490509 4 228 71 335 94 305
6210 -0.54106692597054695 1.9110617471006051 1.9340974872146821 254 237 59 0.15229970755021127 17 507 74 463 35 130
5630 0.096063638381001792 2.6137929826010753 1.6112103178209338 74 84 85 0.22779896293262969 18 794 23 533
5633 0.41874276520922538 2.3347939060995468 2.0204264136525598 238 212 161 0.13776211756507606 18 837 93 836 23 729
5634 0.56261884447532018 1.8507206520585648 2.7758323236023359 242 222 176 0.50639601520517408 69 666 93 647 23 786 81 658 40 560
5639 0.76871988874928809 1.5689830899385857 3.0385493978833891 0 0 0 0.6132965743232609 51 1111 23 1116 86 666
6582 -0.0940146328219124 2.4757015352463676 2.0471100079622704 45 33 22 0.79470614719396238 57 636 70 601 37 580
5641 0.99287310822838182 1.9773718256205792 2.458302088898944 244 219 169 0.10786517913202276 69 891 23 1122 40 722
5645 0.65280248320374634 1.0131137228883675 2.0779169065750542 255 233 60 1.583966224989181 7 1044 18 1290 23 1181 93 1199 69 970
5647 -0.71874530819207783 2.0743769716980074 1.8317863634329881 23 16 7 0.73098362174195564 4 278 71 116 20 85 94 346
5655 0.21988007694730188 1.7959489713053254 2.0709955502561233 240 172 44 0.1338916264180611 10 403 71 382 20 268
6534 0.43845470736802433 1.0002990953444451 1.6730139104126345 67 60 52 0.10159972882325814 57 362 70 339 37 302
5656 -0.12038786047137294 1.9162141168014699 2.2882778072475141 62 57 61 0.28878525604791527 4 322 20 360
5664 -0.51653721279744047 1.9078669928702641 1.8678207544722163 247 164 35 0.23496438029915137 4 452 20 594 71 549
5666 -0.093368150512747855 1.9057502798856811 2.3046295940551138 143 140 157 0.4729931623671717 4 482 71 595 20 615 94 392
6348 0.24581957593649204 1.6015722963503081 1.4785109305661728 0 0 0 0.45624067472044288 17 1099 74 1043 35 922
5671 -0.45596880267592244 1.9082724609300885 1.9518184171385238 255 241 63 0.17367779493971805 4 711 71 887 20 895
5672 -0.58494228617162169 2.1299477286659085 2.0252484710761656 209 147 35 0.49350674086154928 71 897 20 900 35 912
5679 -0.079947935191412661 2.0743432231046777 2.4460003820865346 34 29 21 1.5596217726155392 10 1106 20 1011 62 1057 9 1084 60 1109 17 1088 74 1035 35 941
5682 -0.6232968368180235 2.2539926903345204 2.1847476241398041 20 18 17 1.8535750339825461 4 861 71 1005 20 1060 94 850 60 1160 15 1228 17 1131 74 1071 35 995
6364 0.41352694149239178 0.91405991278499821 2.0752563677294362 255 196 52 0.21052524818799098 17 1145 74 1084 35 997
5687 -0.92361508003076798 1.8712111986134248 1.5895333617141969 81 63 62 0.52558209803848099 4 37 71 74 94 47
6566 -0.59875412242064396 2.8286858233843057 1.3611812874392746 113 117 110 0.40581569736632545 57 510 70 480 37 451
5688 -0.49482400462140896 1.8061500367350156 1.9001392560667798 78 60 61 0.41523619714784438 4 263 71 106 94 69
5696 -0.73933700883163667 2.2098706375840709 2.0640969175702319 82 64 59 0.45366632809153407 4 115 71 179 94 134
5697 -0.73933700883163667 2.2098706375840709 2.0640969175702319 82 64 59 0.45366632809153407 4 116 71 180 94 135
5698 -0.85966301678745149 2.3080674568675992 2.0418720516386246 81 63 61 0.059306691721716286 20 141 94 146 60 248
5703 0.43146427432885476 0.96999707504645094 2.0963954036840629 255 195 57 1.7309831276300152 4 195 71 308 94 259
5704 -0.55105100206378721 1.5428178466230142 1.6418845144937495 69 50 49 0.86562714427421439 4 211 94 275 71 316
5706 -0.32334905424293414 1.7655376428870249 1.3898090689143865 142 75 12 1.7717832718712128 4 213 71 314 94 286
5711 0.18697463830746944 1.9630040474165478 2.1354534989204015 143 69 5 0.60620419283820626 10 431 71 398 94 380 4 296
5717 -0.35499305027231665 1.7873167932979306 1.3881902619468789 247 181 47 1.5982599978815717 4 393 94 504 71 496
5723 0.0092822396162804775 1.1838549936286553 1.8239895173189802 255 200 55 0.77383430763917049 4 676 71 854 94 618
5725 -0.29629466175643898 1.7600098448828116 1.9134994232574114 241 182 51 0.61039380222871342 4 706 94 656 71 784
5728 1.3767510574264155 2.3026526379818684 1.880611903508725 144 97 70 1.3160278268686016 71 895 94 687
5730 -0.41054440975255185 1.5084710978412061 1.2842399541315312 0 0 0 1.3644471171340378 71 840 94 703 4 760
5738 0.32929670066086164 0.73203802431607856 1.8875529246083991 255 198 61 0.51621825138878019 62 1061 94 832 9 1087 49 1040 68 938 61 860
5741 0.4534473655414793 0.87525279575773896 2.0642683173507144 136 97 25 1.5511621607620278 4 562 94 615 62 948 10 998 71 849
5745 0.64539505366821392 1.2602100563293661 1.4038796314984243 226 110 10 0.13961162579316316 62 112 9 115 49 94 61 82
5746 0.97471414602127693 1.2420963093263571 1.5613061415638161 255 177 31 0.19907659909857947 62 149 9 137 49 115
5751 0.027159041130782963 1.7227736428620481 2.026993978945637 254 189 46 0.29142238156645356 62 452 9 525 49 565 61 438 86 379
6630 1.3699653959271472 2.2270778666019653 1.9125890663292562 0 0 0 1.3115813951606605 61 812 69 814 96 795
5752 0.4229486549766065 1.8322366968701593 1.9651071320067344 14 11 11 0.11515447290100536 62 458 9 535 49 571 68 534
5755 0.81109888994386392 1.1085227879808988 1.2677390684905125 0 0 0 0.43462632556002406 62 873 73 848 9 909
5757 -1.0203745657268142 2.148832680254531 1.8017824213799407 184 178 192 1.8108181630707829 10 1024 94 730 9 998
5759 1.4639362395534972 2.3459668267666984 2.0006446035066676 230 202 159 1.8085628467827699 94 852 49 1015 68 904 61 841
5761 0.10853514355010915 2.2421713205202143 2.1442582354473743 137 99 68 0.87784836283428669 62 1031 9 1082 49 1010
5763 0.74655432185087722 1.684026932174022 2.9378599149588616 238 218 175 0.54942630742654464 62 1079 9 1099
5765 0.21733486177868203 1.825777135524898 2.0856387518194301 165 91 11 0.29153992511690924 66 460 10 408 71 383 94 358 9 238 73 167 62 241
5766 0.71248465989410381 1.2665771516530333 1.3806686949303422 255 171 24 0.87415263524383391 28 249 53 538 90 53 14 590 73 858 66 924 62 876 10 910 9 912 73 259 24 272
6423 0.39577234075664308 1.0493098928411198 1.9158443770539793 255 241 78 1.346302544303019 69 1002 40 810 75 963
5771 0.72589951480585735 1.0713186121487526 1.2634165223599101 254 238 68 1.0954046932788917 73 1054 14 873 9 1061 10 1052 94 699 49 1018
5773 0.28704760098241072 1.3013860264086645 1.445961510730758 134 146 175 0.2788489106391866 20 6 60 8 15 378
5779 0.82089993805403105 1.6200814601127134 3.0469378883242419 76 52 44 0.13087139574802978 20 145 60 195 15 210
5782 -0.92782430362867185 2.2530090947136596 1.9842757366397328 78 79 91 0.12395956613599594 20 462 60 234 15 313
6503 -0.75503681349019158 2.4011887986790428 1.2831784026103636 89 108 143 0.16797726882446373 57 123 37 86 1 118 67 551
5787 0.10281561156776595 1.7286179780169892 1.5000843105659161 49 51 59 0.13673212321462147 20 220 60 311 15 403
5789 0.25010862459751054 1.6251689337950219 2.0145629991026044 68 70 79 0.071747452953702551 20 242 60 353 15 433
5790 -0.20315215918649493 1.7510695732882262 1.7606563031735882 217 164 46 0.1677840669963703 20 239 60 356 15 470 17 89 74 85 35 88
5794 -0.41558737226483083 1.7935986406424507 1.8766066293831942 124 76 11 0.19888000636196279 20 55 60 435 15 544
5797 -0.12566200839472447 2.056672140772672 2.3790604204241719 152 148 162 0.48686323114834684 79 245 60 506
5798 -0.86387118364304327 2.1827872570944553 1.9727431422378088 78 78 90 0.073358823655875038 20 420 60 515
6455 0.39641975775938371 1.6991851978360148 1.9257003208602705 195 140 34 0.27830264285081219 49 1045 68 964 61 867
5811 0.2252438975097022 1.9050785869324687 2.1906062707685301 69 63 65 1.8957598595035838 79 946 60 670 15 168
5813 -0.70691893698648167 1.8608841919320918 1.7968384496599983 28 26 23 0.22025728576160133 20 585 60 672 15 816 17 757 74 700 35 637
5814 -0.66881392387509753 1.8570943655229302 1.8187245792820568 255 205 54 0.62121549626136041 4 445 60 673 17 501
6407 0.50518035122509108 2.5303222487612844 1.5617828648012198 83 60 53 0.8535009143154586 9 961 49 980 68 900 61 809
5819 0.012550355145199763 2.0293804533103335 2.4324015258872413 34 31 25 0.38006475849406252 20 673 60 786
5821 -0.84057919522435209 2.3477868285119832 2.0893256821953679 11 10 11 0.16335877371208041 20 712 60 811 15 904
5822 0.25842680887983094 0.8184413350159272 1.9229360336992898 149 124 34 0.11549174936415947 20 741 60 836 15 927
5828 0.018513509189386063 1.9159833850122763 2.3755391829624291 118 116 129 0.38390183979939102 20 903 60 924 15 996
5829 -0.092849327806407006 1.9201283873142001 2.3256060245618966 141 134 147 0.12897368855142349 20 901 60 925
5830 -0.086781585308747272 1.9285649457065319 2.3246260472816656 141 134 147 0.34754576076873506 20 902 60 926 35 776
6487 -0.94782477513873375 1.6625954708122439 1.3050059073295104 99 67 14 0.1825908826433599 2 58 70 24 57 34 37 199
6185 0.38959870328377899 1.4614863129059354 1.6317136708876938 183 132 36 0.075986898408593781 17 408 74 379 35 302
5837 0.092363170012532261 1.987327499683281 2.8322651967845944 0 0 0 2.0811176732974297 79 1069 60 1033 35 865
5841 -1.2501621193914816 2.3489409905334377 2.1684261843613384 69 49 46 0.86192800539600212 20 989 60 1086 15 1153 17 1096 74 1041 35 946
5846 -1.1763778543087402 2.5248855646182404 1.8539405997960372 164 153 126 1.4276063770582104 20 977 34 1152 60 1111 33 1069 85 1015
6567 0.34135659088415565 0.70189981249315636 1.9003623406557819 154 135 50 0.5635242547774606 2 798 37 457 38 401 19 512
5851 0.37568508317551363 1.6993334727983227 2.8460932429858841 0 0 0 0.30727676252500136 4 848 66 1200
6201 -0.13238287585598466 1.6988931568931642 2.0558746154025336 205 207 230 0.071067994951688848 17 474 74 437 35 387
5852 0.25786786170315551 1.6296446758508811 1.5154979729396034 0 0 0 0.31127452402399197 20 1031 60 1146 15 1209
6194 0.015265017393642933 1.7196223607303256 1.8079011348592626 124 97 24 0.1808264647840728 17 704 74 412 35 359
5853 0.25786786170315551 1.6296446758508811 1.5154979729396034 0 0 0 0.31127452402399197 20 1032 60 1147 15 1210
5854 0.36091487145255652 0.99927316793616161 2.0711788929207615 255 196 52 0.5321527945847927 20 1030 60 1148 15 1208
5861 -0.63376259989751615 1.8223821424942606 1.8037926239065403 255 232 67 0.26237955955497966 60 97 15 187 17 124
5862 -0.71127048492524569 2.9496733506176298 1.1618033477213601 173 169 149 0.27245357445420504 47 970 60 117 15 218
6519 0.34563557377766346 1.4615860497172704 1.3633905301252636 83 99 132 0.083519197242548637 57 252 70 224 37 195
5867 -0.12973618347861338 1.4568702303522745 1.8802939452872245 120 99 40 0.29628768071164291 60 58 15 420 17 434 74 395
5869 0.050865086653604646 1.575515727748958 1.9459302665663383 81 79 83 0.13291528592759072 60 347 15 437
5875 -0.90540362358486981 1.7889318537337227 1.4473552518119412 166 111 39 0.2667819575162983 60 630 15 734 35 604
5878 -0.79399493784054354 2.3387964344893741 2.1082734327444212 7 7 7 0.093392052135847989 60 808 15 902
6471 1.1889036512324687 1.8984281467875759 2.5391515490335501 255 230 174 0.15618518122762631 68 778 61 689
5879 -1.0592354016115531 2.602121135527363 1.773394326162526 130 122 105 0.51336419649058829 60 803 15 903 35 693
5883 0.26753757387169297 1.2760764458783429 1.9411306843341054 223 156 41 0.36560739535378323 60 854 15 939 35 725
5885 1.1953776568949954 1.9018214747845961 2.5388281498039769 252 229 183 0.24354596753638377 20 822 15 969 17 888
5886 -0.78411174819500484 2.461293418653749 1.2140672696965793 111 120 146 0.22369579917408119 60 897 15 988 17 1059 74 935 35 851
5887 -0.7116535775192564 1.854441058785625 1.7617478536740336 255 239 62 0.53141942519625429 60 906 15 990 17 898 74 842 35 762
5888 -0.79914703695206568 2.0287406669240395 1.831047347752689 253 194 51 1.0157099228315678 60 920 15 999 17 225 74 850
5890 0.22139737546280969 1.8111940701392084 2.8309324131125768 66 43 32 0.2474785168886518 60 941 15 1004 17 907 74 851 35 788
5895 -0.39412853592397584 1.5541262552513484 1.2148060405742229 0 0 0 0.42109280095834739 20 853 15 1050
6326 0.55104861652835846 0.87428555009004816 2.120281179153114 255 199 55 0.45461843123847273 17 1024 74 971 35 877
5896 -0.35701578694089681 1.5766807624129286 1.2679163497208756 255 241 70 0.020081265596149915 60 975 15 1053
5898 -0.96653859799895536 1.983757611247563 1.6212296909199326 255 225 63 0.30878039393399515 60 1007 15 1095 17 990 74 933
5903 0.52121056752804484 1.7293447625936178 3.0516608633560729 0 0 0 1.2147894927182341 20 984 15 1101
5906 -0.90490883811180012 2.2659702065479452 2.2431566508847522 38 24 18 0.2758803029805898 60 957 15 1111 17 1007 74 959
5912 0.45048278528194136 1.0534831594975063 2.1802015973416911 0 0 0 1.0913084338491199 20 1000 15 1164 74 981
5920 -1.0560433843467016 2.3603331443001974 2.1706505738764035 80 57 48 0.98880738634129905 47 1045 60 823 6 1098 33 1059 80 1070 54 1108 8 1169 42 1026 58 1102 34 1090 5 980 92 521 78 1193 25 1212 44 670 42 1113 34 1155 44 1093 67 1000 21 1099 100 1030 39 895 28 853 31 842 53 826 90 948 66 715 73 650 24 611 73 911 14 634 60 824 15 1029 15 1030 81 412 81 797 90 306 17 935 74 876
5922 -0.90922290136023021 2.2826220911464548 2.0160063753764708 143 136 147 1.4444241184924935 15 1182 17 1108 35 960
6604 0.33208593127230368 0.76162804927762928 2.0202489634819805 0 0 0 0.067024895173280113 21 1110 1 754
6749 -0.76547609012401208 2.0598372267312204 1.1828274155986749 99 73 17 0.030065176689785908 38 56 19 53
5927 0.21261782581258892 2.2983132290889841 1.6397982373583162 34 24 4 0.23239415227571664 83 351 26 264 50 246 65 286
6230 -0.88375978729750293 2.5812081240849092 1.7947553693461884 128 122 103 0.070438909285826468 17 610 74 554 35 495
5928 -0.23829784708820134 2.5045706085842698 1.4474773135318044 9 8 9 0.10751697015838617 83 113 26 287 82 258
6747 -0.94020097717656848 2.7585177882270475 1.7809774615714724 0 0 0 0.95271496592195937 37 557 38 514
5929 1.0852440501839615 2.3477669513833939 1.8477316226268317 106 77 64 0.45437208298938803 83 628 26 355 82 160 3 740 65 194
6603 -0.87820940875383324 2.324248000905035 1.492413047690569 106 97 29 0.64490628086014068 70 507 1 731 38 423 19 543
5930 -0.40691843597182631 2.8773684384101643 1.2225369923176468 119 82 63 0.2244869116151596 83 615 26 357 82 306 50 155 65 184
5938 -0.53406526808474364 2.5315777626716653 1.294160221114294 48 51 67 0.51605430828411969 83 535 26 547 82 489
6620 0.3644453848849088 1.881519843696033 2.1156294865050969 34 30 23 0.25174152217672163 68 549 96 445 75 423 86 400
5943 0.38534034509240345 2.063798003829965 2.0935150024143274 65 64 70 0.43703917092192651 83 845 26 614 50 629 65 693
5944 -0.61038876475415116 2.9728954444718685 1.1199652886512119 58 40 32 0.20069811286879533 83 718 26 631
5952 -0.22497733851343235 2.2883446246202861 1.509122412461777 85 75 19 0.094503783413172629 36 179 82 63 65 87
5959 -0.43462213633206448 2.5061979659974831 1.3396159792890692 26 19 5 0.16067841941731659 26 257 36 680 82 242 50 81 65 102
6390 0.62660381049438618 1.2631541228747523 1.420047222885668 255 221 49 0.19972691202323731 9 122 49 95 68 93
5960 -0.4032091071251655 2.5270474924126445 1.3684617633745793 32 22 3 0.18941826457871647 76 408 82 252
5962 0.39945993532371143 1.9702697591268752 1.9432419589334644 6 3 3 0.46295552578830024 26 415 82 373 65 538
5967 -0.19900234753306228 2.2276436523481125 1.5032202148266165 14 8 6 0.40206197730372512 26 408 82 484 50 399 83 295 65 425
5974 -0.77158318889060151 2.4602014397300564 1.193860286320634 85 103 141 0.39128237125254639 83 760 82 550 50 576
6183 0.30613325521922502 1.4394202236598612 1.4677508513526702 50 47 48 0.043924520558717796 17 400 74 375 35 291
5984 0.53361399971763745 2.2496279365908922 1.7926764200945207 197 176 138 1.526032867883877 26 700 82 636 50 656 65 668
5986 -0.24331170132440838 2.6704449920979485 1.4692307725076541 2 3 4 0.95417113230772177 83 863 82 643 50 636
5991 -0.17083090404431933 2.1971219220684404 1.5248462107072691 68 49 12 0.14417573082383597 82 51 50 67 65 78
6294 0.14259625204817652 1.7577392137487229 1.6926738456783743 83 56 8 0.12929754871730689 17 869 74 814 35 590
5992 0.081819766261875176 2.0763930981770558 1.8157361282224007 11 8 7 0.68369386128118481 82 225 50 72 65 86
5994 -0.48892408151114397 2.5846108357161848 1.3401725499512489 17 16 19 0.040529192161042699 83 108 50 88 65 111
6000 0.4351974911006859 2.0003890661681867 1.949786389211557 77 81 97 0.04717932606125156 83 306 50 225 65 270
6002 -0.40661798360111584 2.525855656263305 1.3714897162560995 23 17 16 0.1528412479131275 26 270 50 237 65 278
6007 -0.14593017201760919 2.7718980501617088 1.2706479404266775 36 25 22 0.10020620859067142 26 347 50 310 65 343
6374 1.1254261989617471 3.2454591774348751 1.7256138141897808 61 62 76 0.48949229282406881 20 121 35 198
6008 0.30971094715914371 1.3028946629779519 1.3789019394001976 0 0 0 0.30016748482442362 51 1038 50 329
6021 0.26039362887515188 1.3345418038037993 1.3328801974681945 0 0 0 1.1522615286410314 3 608 51 1165 50 458 65 569
6022 -0.78307742888174825 1.6689251134586585 1.0720300155342128 0 0 0 0.5737961267357885 82 519 50 460
6027 -0.70081604304867118 2.9591578556494094 1.1121080574637396 145 103 79 0.60999822381921098 3 811 50 523 65 556
6029 0.97617971987414331 2.3541808618338211 1.7984564061512496 38 25 21 0.25397888684045283 82 434 50 533 65 565
6674 1.2617478142445893 2.2402374939893845 2.0255405572446619 231 214 175 0.39661758501589861 96 601 75 782 86 552
6035 0.33100051537567515 1.5940577737433754 1.8249693212267828 0 0 0 1.5094268199745731 82 463 50 612 65 654
6037 -0.11984664995142068 2.1908268371282338 1.6492935073116048 79 59 10 1.3909913544568384 26 608 83 806 50 623 65 661
6038 0.40234718769275285 2.2181034842868632 1.6656731502002613 41 44 61 0.79769401560301079 26 656 50 628 65 667 82 557
6247 0.30060062782260361 1.4820302443521824 1.4802026171503588 182 138 37 0.028094086482192148 17 671 74 623 35 543
6039 0.48600234274183879 2.3917840330745808 1.8233349127514213 181 163 123 0.34185896387944315 82 499 50 638 65 625
6043 -0.48078350595795127 1.5659809577022605 1.4069623809853797 193 147 38 0.86406588978556498 26 715 50 680 65 724
6044 -0.30736470164077634 2.5692568837589032 1.3591127934980487 33 39 54 1.3718729141988859 3 986 26 719 65 727
6046 1.5286035070915955 2.2156236284179269 2.065896626416083 155 124 104 1.581146342504709 97 1024 84 1103 48 1435 59 1178 12 1150 95 1216 41 1226 22 741 93 1020 50 538 51 1155 7 886 18 1154 69 822 3 894 23 1131 65 640 40 676 96 929 75 916 86 708
6055 0.48499264271808645 1.6798923930699008 1.9489126458182058 0 0 0 0.0016494106628132275 26 528 65 600
6358 0.44956945995896991 1.6830229273796402 1.2679497821446415 0 0 0 1.7042700809660236 17 1136 74 1074 35 976
6064 0.66491666932876781 1.8534019783528743 2.7452235512042962 249 226 176 0.086747756572753063 13 791 81 664
6067 0.80544187377988885 1.5840943098911555 3.1269772743288078 0 0 0 1.4844228914236408 93 897 81 774 40 675
6070 1.2011112504962256 2.2490824689010553 1.9960108678310775 109 76 62 1.0228726889309299 28 942 31 921 53 1009 73 1049 53 975 66 1142 24 935 24 964 62 1034 10 1041 71 902 9 1058 60 989 81 840 98 1253 16 1336 99 1012 45 1349 56 1023 91 730 97 723 84 724 11 1485 59 1473 48 1558 12 1318 89 1395 95 1267 41 1282 27 1099 63 1119 22 1221 55 1022 93 1189 85 1036 6 1038 33 999 80 1000 58 938 72 1015 72 1043 43 963 18 1226 69 963 23 1174 20 891 49 1014 40 777 68 962 61 857 96 959 75 944 86 731
6151 -0.36334964275899312 1.7749355798925228 1.8981417284944653 148 88 7 0.14300313953005228 17 114 74 103 35 103
6075 0.32875539472486487 1.5901670714461393 1.5423352125182777 102 63 7 0.65472181326733991 47 372 17 30 74 40
6664 0.80334153307669032 1.6647198970259289 2.9936214105495917 225 213 178 0.18260592306760082 40 461 96 603 75 586
6077 0.10905797824480244 1.8084171043278983 2.3280231230189394 231 214 174 1.004625144143352 47 492 17 145 74 127
6078 0.15914286146192255 1.9141874284837939 2.6926024056211721 52 34 23 0.17303562852894208 15 275 17 242 74 211
6085 -0.91656265365454326 2.2434210856963204 2.3006293943931442 62 40 30 0.2712788293074207 15 350 17 348 74 328 35 251
6086 -0.91562726087606983 2.2445152033840854 2.3007898193275151 62 40 30 0.32941062477064187 15 351 17 349 74 329
6231 -0.90328777751228462 2.4567237379020557 2.0019716303906265 70 67 60 0.12378618908606671 17 816 74 561 35 501
6091 -0.68938655121684989 1.8145669236530413 1.5903177309190575 254 220 57 0.63541844104186618 15 147 17 468 74 94
6441 0.4202000556044192 2.2422761386414822 2.1373468051988498 217 197 157 0.19085911335409014 49 248 68 582 61 487
6744 -1.1874549795744072 2.5427324221079157 1.9135852416655215 99 100 88 0.12164737657007269 1 354 38 156
6093 -0.081112210620493494 2.0346681497228669 2.4282966298952737 8 8 9 0.35590254550461425 15 600 17 539 74 492 35 435
6738 0.38775040811967187 2.3718861977979038 1.8075612689085767 46 42 40 0.70192603484286542 75 970 96 983 86 755
6099 0.29926738709287892 0.93476654084020139 1.8652105368696295 123 102 26 0.52601791502363937 15 658 17 663 74 612 35 532
6102 -1.362686147682207 2.4430820540796909 2.1252889769785268 105 107 98 0.43049615931219809 47 657 17 829 74 773 35 804
6311 0.475606867939731 1.4002180298106417 1.585287454962931 147 125 44 0.13053595753843186 17 948 74 895 35 816
6109 -0.90740772328277264 2.3755556193056893 2.1586554940922351 220 206 169 0.58597703221696273 20 723 17 933 74 873
6110 0.23291564046273552 1.847322056304773 2.8687864413937474 222 191 149 0.035494854733407494 60 1029 17 996
6116 0.058841355635215281 1.8463818358498225 2.2800435236021501 25 23 20 1.7341714531872876 60 1072 17 1056 74 1003
6117 0.9146306219986915 1.7171761045424618 2.9346809881078459 202 178 137 0.75779696223128656 20 1026 35 937
6118 -0.12042066611954598 1.9130525138406449 2.3178947378536492 127 125 142 1.6160908020041789 15 1224 17 1118 74 1060 35 971
6263 -0.11840849885035949 1.6683945353027836 1.9587331451444137 112 71 12 0.079388006890480547 17 729 74 677 35 616
6123 0.71791792415381328 0.90738871039141233 2.2439999271094244 247 219 66 1.1410045007091623 60 1124 15 1163 17 947 51 1175 3 617 74 976 35 813
6125 1.1789444938839122 2.2304019958147423 2.0481224986271029 229 214 179 0.84507888246049401 98 1067 16 1120 99 788 45 1150 56 1016 91 722 97 999 87 1043 48 1411 11 1478 59 1175 12 1133 89 1232 95 1105 41 1117 63 730 12 948 22 1008 55 629 13 917 93 1107 85 408 6 441 33 407 80 374 58 55 18 1131 81 642 28 516 31 561 53 626 90 556 24 658 39 372 28 397 31 418 53 167 73 450 14 669 43 890
6131 0.32652533251297738 0.93767763037200702 1.6209317261374263 150 152 161 0.058863173845003169 17 2 74 1 35 2
6134 0.43424035013971563 0.88317504767781441 2.079254152531639 234 170 46 0.062796481469474807 17 12 74 12 35 14
6215 0.25763911899181546 1.7824214473195938 2.8327383668068733 150 98 69 0.12383967936507913 17 774 74 481 35 661
6139 0.22746230172401424 1.3871437034209455 1.3986342757244035 217 174 46 0.10065718551447277 17 15 74 21 35 18
6728 -0.2671179949353743 1.9668217800608301 2.5983674322972639 158 105 78 0.27424991037837948 75 868 96 646 86 657
6141 0.33941443309990732 1.4869386673474703 1.5040991169310365 117 71 8 0.10554285116027305 17 24 74 30 35 28
6722 0.32619998343718665 2.5111501274527659 1.679765388630468 89 96 95 0.15308097021609243 96 649 86 589 75 621
6142 0.318893387356812 1.5427096713656818 1.4969006851368469 104 65 7 0.055589612761753525 17 27 74 34 35 34
6144 0.14489192719206392 1.3716252079063302 1.9760860976105332 66 68 85 0.10702750504433921 17 49 74 51 35 329
6145 -0.93722696915608894 1.6236653313077107 1.2650720479273665 255 242 66 0.19763187232479526 17 50 74 53 35 42
6146 0.18921165097579801 1.7655017133360431 1.6584787659594051 152 115 29 0.13064597326804048 17 63 74 62 35 69
6147 -0.75860308405810151 1.9506322621454086 1.1476337137870483 113 88 21 0.062814671889633092 17 77 74 74 35 65
6148 0.28273643196707166 1.6249482529604491 2.0734628767908432 90 84 86 0.55219022283193675 17 80 74 76 35 89
6149 0.22710506782319223 1.6626136945504548 2.0207623288404175 231 168 44 0.027671177928137919 17 82 74 80 35 366
6150 -0.045999932248039832 1.6644867468499549 2.0382071200903265 251 196 52 0.34865784861270227 17 463 74 89 35 377 15 727
6152 -0.70695682803841642 2.1223080642461776 1.2846698632499387 123 76 12 0.19111572206518601 17 480 74 106 35 382
6153 -0.95338158114180305 1.8746722916161249 1.5611936009668279 163 160 176 0.063537699251337232 17 125 74 116 35 100
6154 -0.95338158114180305 1.8746722916161249 1.5611936009668279 163 160 176 0.063537699251337232 17 126 74 117 35 101
6155 -0.93573676246054427 1.877461044132231 1.57935927032819 63 67 83 0.077007956263935973 17 493 74 119 35 390
6156 -0.70964985918394563 1.839478519069293 1.7757574428384315 254 229 66 0.14996915583627998 17 135 74 124 35 111
6157 0.78212359954166266 1.6404041814051322 3.0299734886390643 88 56 41 0.16430178859554503 17 171 74 147 35 144
6158 -0.87187495326557796 1.9576484685599316 1.6653295961112546 252 224 64 0.11992357810693337 17 170 74 148 35 122
6159 -0.89939361347733104 2.1001105647368208 1.532544470421956 150 123 34 0.10809003219699376 17 189 74 163 35 127
6160 -0.14719586288226438 2.0208770746156661 2.3278604288045353 161 154 167 0.047237438705327407 17 236 74 206 35 422
6161 -0.14719586288226438 2.0208770746156661 2.3278604288045353 161 154 167 0.047237438705327407 17 237 74 207 35 423
6163 -1.1875539422424486 1.7205579551581933 2.0702353128246029 212 149 34 0.3462826166138403 17 542 74 223
6165 -0.51138834901780494 2.8098611514030107 1.3587643529708866 72 70 60 0.10564611980048529 17 263 74 243 35 186
6166 -0.528207472290804 2.8110302528032194 1.3812625756835473 91 98 96 0.13190569823836859 17 555 74 252 35 191
6171 -0.76495682362335526 2.5590459616508801 1.7692987368708488 87 75 59 0.047703965380344777 17 312 74 303 35 227
6172 -0.8853375453411152 2.3193944755839526 2.0790062986977942 15 13 15 0.053104836140889435 17 329 74 314
6173 -0.97545094212128081 2.6293066521984034 1.6786993044926928 150 138 112 0.10829610485558412 17 330 74 317 35 235
6174 -1.1672748146920964 2.4782702100168499 1.9930085805522608 227 213 177 0.12346175881395355 17 642 74 348 35 261
6176 -1.1573555613560327 2.431532758949984 2.1052002190334713 224 210 173 0.057086474773245341 17 375 74 351
6177 0.3886512592201356 0.99646181938820766 1.5157456251342114 152 153 157 0.038921553456097463 17 1 74 364 35 276
6181 0.33139906170498662 1.0309167946798421 2.0510878782639987 123 84 16 0.1614882681643301 17 403 74 373 35 289
6182 0.30613325521922502 1.4394202236598612 1.4677508513526702 50 47 48 0.043924520558717796 17 399 74 374 35 290
6186 0.38959870328377899 1.4614863129059354 1.6317136708876938 183 132 36 0.075986898408593781 17 409 74 380 35 303
6188 -0.56214566388822829 1.5369110516849318 1.5336399324473122 66 67 81 0.046732251354553833 17 430 74 390 35 318
6189 0.13235100054781035 1.4364263332463314 1.9669820436832175 102 58 6 0.068254324090439258 17 431 74 392 35 565
6190 -0.57934563870911704 1.5914770178461544 1.5207053749179604 105 64 9 0.11046228896863591 17 433 74 396 35 327
6191 -0.951685003376466 1.6692649762882641 1.2741117668840458 241 190 50 0.08815047061284477 17 435 74 400 35 317
6193 -0.158004898880726 1.575603018765386 1.8666221794905411 113 68 9 0.10231261392422712 17 446 74 409 35 350
6196 -0.088372145869173885 1.610615663213397 1.9661733209030616 166 103 16 0.031835369326398001 17 454 74 417 35 365
6197 -0.029067803571823848 1.7323473468773276 1.8744806690894995 28 19 15 0.11995957247529195 17 457 74 421 35 613
6198 -0.087096913063109349 1.6919324384902681 2.0158307625861225 252 196 54 0.04072633710056478 17 464 74 429 35 379
6203 -0.95087037828259846 1.889421299036752 1.5301885951185938 79 80 99 0.10637630386338109 17 487 74 443 35 384
6204 -0.71546055427852362 2.1808039408720332 1.3313210238614528 54 53 58 0.10059558707316789 17 752 74 447 35 631
6205 -0.74546373014169254 2.2276547896834495 1.2642709032983055 159 121 28 0.1122634416839105 17 494 74 448 35 393
6206 -0.92095615654166241 1.9042406535451954 1.59236586995395 158 156 172 0.062206420897586136 17 500 74 453 35 392
6208 -0.46175511942218234 1.9273113052543689 1.9156824104262873 187 112 16 0.18433860485997602 17 506 74 458 35 126
6209 -0.002364977492433978 1.7798989197741604 2.3833024464005979 7 6 7 0.43368804088376089 17 763 74 459 35 401
6211 0.49673058633756684 1.7081649728456145 2.9177491778445699 152 103 78 0.23219856040137019 17 515 74 470 35 414
6212 0.58973185254142402 2.1564858164888991 2.4550632616778314 9 7 7 2.5947848907677269 17 512 74 472
6213 0.051296717846699889 1.9432073793553593 2.4189536426530656 9 7 7 0.046784642808993117 17 520 74 473 35 413
6214 -1.0128390324717322 2.0867806303291978 1.6297242706531911 79 86 107 0.073615428105865174 17 222 74 479 35 137
6217 -0.045643363772886907 1.9950583101666481 2.4327635366441003 5 5 6 0.46272955825879752 15 593 17 529 74 487 35 427
6218 0.019428505843649715 1.9964541514223417 2.5226678751337879 233 214 172 0.1224574410729999 17 536 74 491
6219 -0.58614596678086406 2.1257946056857904 2.058281250997001 132 77 10 0.04838890846154028 17 547 74 499
6220 -0.82537307121723458 2.4069441670000975 1.5604912717257342 2 1 1 0.46053779252423616 17 781 74 501 35 164
6221 -0.4992728141789794 2.8654996203600192 1.2531333810539615 40 27 21 0.25464602227612271 17 545 74 504 35 180
6222 -0.97158159065886673 2.2511189009861847 1.6792677586070461 109 111 126 0.12990272943955417 17 551 74 505 35 425
6223 -0.58190689663118933 2.8739270518450559 1.2896522356654072 101 101 88 0.1177442817488097 17 559 74 510 35 446
6225 -0.61767233505463148 2.8059137663089246 1.4092856020162525 112 114 107 0.10906289545015296 17 569 74 520 35 456
6226 -0.61295629719359712 2.7443705142284944 1.4950266200577544 102 101 89 0.043647879118752737 17 573 74 523 35 457
6227 -0.82044361606923466 2.6160294712504877 1.6717248056065808 119 114 98 0.082296528639157221 17 595 74 538 35 478
6228 -0.713811500404545 2.5938624182668959 1.8130875695176645 71 67 56 0.36646371530611876 17 598 74 542 35 687
6229 -0.81696119245594123 2.5626893086235536 1.8192803932266888 115 111 94 0.054304479557468699 17 604 74 549 35 489
6232 -0.91462920212200416 2.2189703162618319 2.3006043314853284 147 97 68 0.42710380912863188 17 628 74 567 35 247
6233 -0.96139319737216211 2.4568589982017102 2.0142920351139577 101 102 91 0.03751499655196594 17 632 74 571 35 510
6234 -1.0374779355810222 2.5929419682836752 1.7973791279788531 145 135 113 0.063793897332665175 17 625 74 576 35 506
6236 -1.0191269815012898 2.3080185661611932 2.1885559900826372 39 27 24 0.12001385702291334 17 823 74 581 35 254
6237 -1.0572391732183328 2.4485784617278892 2.0452793715540381 113 112 98 0.01990311753858244 17 639 74 585 35 256
6238 -1.2972542495817903 2.4704291739295705 2.0486905746584028 223 211 175 0.061511295708159663 17 648 74 598 35 520
6240 0.42875177819607169 1.0569979631822901 1.4219230833855614 137 148 179 0.0403431263328509 17 652 74 602 35 277
6241 0.52636597632146176 1.1425311405500915 1.3608833379309964 22 25 30 0.25444799328147399 17 386 74 603 35 278
6242 0.31835691114837267 0.82862471367577228 1.842373383728251 151 135 53 0.31493621036387404 17 656 74 605 35 526
6243 0.26374361958193704 0.82239668702499868 1.9200412402453535 152 124 39 0.064115805436407339 17 658 74 606 35 527
6244 0.21992278853634006 1.3792932589783731 1.4321131628150869 94 84 78 0.085429738014234813 17 666 74 616 35 537
6245 -0.019761783452179611 1.1833607438329872 1.7455057843033746 103 64 8 0.078550683460281351 17 670 74 620 35 539
6246 0.45037189052200588 1.4624953788275648 1.530438650950636 0 0 0 0.30383044455253971 17 951 74 622 35 545
6248 0.018370572542436184 1.2106823719031694 1.8078715249634414 244 193 53 0.11149788738516431 17 673 74 626 35 541
6249 0.010773666721677736 1.2128978605533955 1.8483815500209282 102 101 110 0.13358380781907839 17 677 74 628 35 547
6250 0.33126811907277542 1.5277741184349358 1.5212280435147354 182 138 37 0.068690117970117204 17 674 74 629 35 550
6251 -0.85731557659604762 1.6071563843278009 1.3242211359431513 174 121 24 0.12786063585737714 17 685 74 635 35 311
6252 -0.19617969363408269 1.5223968729217132 1.8244270681836789 115 70 9 0.089713420039230718 17 692 74 643 35 575
6253 -0.92577576330375888 1.6700569556615306 1.3778893872689995 70 65 63 0.11145122652647843 17 698 74 647 35 558
6254 -0.93651235918860942 1.706632336231954 1.3897657218060451 254 197 54 0.052340618562387337 17 705 74 653 35 573
6255 -0.12360043805627392 1.5593805537536556 1.9598853813081003 252 191 52 0.28408663504562387 17 874 74 657 35 602
6257 -0.92087410161368632 1.7252611454105509 1.4126974259363492 162 97 15 0.050693835651834718 17 712 74 662
6258 -0.15183839654533576 1.6166481214917372 1.9162272104409184 114 73 12 0.14908225239907844 17 713 74 664 35 362
6259 -0.74104890525992251 1.9828661702920831 1.1910198937476701 178 129 31 0.10298434019430382 17 716 74 666 35 596
6260 -0.72967603984937413 2.00015406661019 1.2170903719079076 127 80 22 0.027319169885824751 17 721 74 671 35 606
6261 -0.084979595377144959 1.6547891338178138 1.9798166046475456 254 197 54 0.07266799403540683 17 728 74 673 35 751
6262 -0.45709979109441151 1.7271770337707921 1.7080185009888647 178 109 19 0.10511743996161288 17 725 74 675 35 610
6264 -0.7292218825072414 2.0609488089522454 1.258074244868165 55 55 63 0.076925261342917453 17 736 74 683 35 615
6265 -0.90746218966922143 1.8446905650766201 1.486321100695785 172 106 19 0.11213227116173823 17 741 74 685 35 614
6267 -0.67859520458536604 1.8705816228559489 1.6356689015016468 155 148 163 0.18984061303909092 17 747 74 691 35 621
6268 -0.58356670887436635 1.8378677102885805 1.8505470553364323 254 197 54 0.15621439426191017 17 754 74 696 35 764
6269 -0.77629096433556399 2.2969357294799102 1.3627056170690879 115 119 135 0.26475563228540466 17 764 74 709 35 644
6270 0.0042198741970068416 1.9107293548581381 2.3731117857779971 127 121 133 0.1250667225990918 17 767 74 711 35 650
6273 -0.95555794456757115 2.1506182282299813 1.6583709854667397 89 73 13 0.51164991218063205 17 776 74 719 35 774 74 853
6274 -0.98847341627634344 2.1521244365408365 1.6428194323683858 110 106 118 0.14842274485630094 17 532 74 721 35 649
6276 -0.46610731895806135 2.827203051474156 1.3192417671200782 104 111 109 0.26785876279238185 17 779 74 728 35 436
6277 -0.73916522083486047 2.1833264382832795 2.0464456972868605 145 136 147 0.063764777332507433 17 788 74 737 35 675
6278 -0.53004876032364789 2.0018711712809778 2.4413254315921971 117 77 55 0.77553620482449259 17 793 60 812 74 741
6279 -0.46253068356758692 2.1965928162989941 2.326699821854187 19 18 15 0.29119140357686507 17 796 74 743 35 682
6280 -0.51035389986565183 2.1991406389247841 2.3472479359653011 219 201 162 0.030916050244709833 17 798 74 748 35 481
6281 -0.85391187532153068 2.5872252691532025 1.7284492479248321 132 123 102 0.17182357365884335 17 804 74 752 35 483
6282 -0.91560039425029327 2.6092026850721997 1.7038323341094057 142 131 108 0.10407776189597817 17 806 74 758 35 487
6284 -0.8394437982654287 2.4671432080044027 1.9493870457671336 69 71 65 0.29668947029283804 17 810 74 760 35 689
6285 0.27361885598494096 0.75937435512862517 1.8918962080907442 152 121 39 0.1067344361642648 17 836 74 778 35 708
6287 0.39752237456912476 1.0641558052470543 1.5061241111811317 95 107 134 0.092494353584849046 17 839 74 784 35 710
6288 0.38709344367642839 1.1795700146327206 1.4376638166150919 25 26 29 0.51717029545874826 17 389 74 786 35 528
6289 0.38709344367642839 1.1795700146327206 1.4376638166150919 25 26 29 0.51717029545874826 17 390 74 787 35 529
6290 0.28146128470997017 1.2870861482775537 1.4459647477027004 132 141 167 0.048688131185612125 17 845 74 790 35 717
6291 0.17579582531064927 1.1127716667610787 1.7109599581207271 28 27 28 0.33707833374424379 17 847 47 891 74 791 35 716
6292 0.29457931218515138 1.4649984341020754 1.3085593119824224 0 0 0 0.36136769982322509 17 945 74 792 35 720
6295 -0.5110729851747885 1.6727343567261534 1.6329965083009754 247 185 49 0.079144552778060109 17 875 74 817 35 739
6296 -0.09620195083362576 1.7200499110846683 1.8326212998081639 175 134 32 0.10747083209697557 17 878 74 820 35 750
6297 -0.47628291467027783 1.7240797774607632 1.6747056751697118 254 197 53 0.075929573076358517 17 879 74 823 35 746
6298 -0.7243134376070135 1.5645392529766298 1.8389139297533561 148 102 20 0.3000363048485275 17 883 74 829
6300 -0.35223908345142363 1.781328039253266 1.9464223165262797 44 38 35 0.27149550968056985 17 892 74 837 35 759
6302 -0.73475908720766825 2.1559551081845774 1.30064173568379 187 138 32 0.09032270571800799 17 894 74 839 35 758
6303 1.0120396120758237 1.7507402794756728 2.8845823484540856 207 185 144 0.2855253978778135 17 978 74 843 35 772
6304 -0.41794236345296637 1.8819122648748305 1.9427614788855385 131 112 89 0.39197788594687194 17 899 74 844 35 766
6305 0.014529116608138645 1.938607890827897 2.6532485575687104 229 213 175 1.1305118525339444 17 912 74 857 35 670
6306 -1.0408714688416902 2.6569486118480778 1.6535829252885057 153 139 116 0.087503051197613965 17 929 74 869 35 799
6307 -1.1818858279265385 2.3052115469905021 2.0895134070595396 221 208 171 1.966656961092639 15 1113 17 934 74 875
6308 0.66899636637022131 0.84468591386244318 2.0680568795380494 255 212 55 0.69845541480950946 17 841 74 891 35 714
6309 0.27874950545725052 1.0323533175986974 1.750811582711858 143 112 27 0.64600416580027931 17 943 74 892 35 809
6312 0.41144821820430116 1.4681710851530185 1.6741930248671959 205 138 37 0.37909702436870374 17 954 74 898 35 823
6313 -0.61161157909520358 1.5567976264368446 1.4129654101774203 255 200 56 1.2579027913266434 17 861 74 902 35 551
6314 -0.92248855487821069 1.6473899806495147 1.2608559660649812 255 213 57 0.075928831941253078 17 959 74 904 35 825
6315 0.19866164428316843 1.7437865931736294 1.632650224862715 158 122 32 0.23507901256881483 17 960 74 905 35 830
6316 1.0966830992722614 1.8611861118004887 2.4387688890682639 0 0 0 0.7198602765376364 17 1047 74 916 35 901
6319 -0.79458709736167854 1.8714697118311776 1.7311609314048158 255 226 58 0.11964818538927395 17 979 74 922 35 841
6320 -0.78592507933947253 2.1886059550022723 1.3606289138827146 165 134 34 0.099226385144599361 17 981 74 923 35 765
6321 -0.72531088006145283 2.3544000441613289 1.1849177735606553 74 87 115 0.47033902048958681 17 980 74 924 35 842
6322 -0.66410057888758267 2.3942478422912026 1.2241498766270946 6 6 8 0.31359417758327796 17 983 74 925 35 846
6323 -0.01928759914816687 1.8568525953537622 2.3197552236699672 136 131 143 0.095393415745771579 17 987 74 931 35 852
6324 -0.79533590534013976 2.3949317121366902 1.1898876389881277 0 0 0 0.51157624820123559 17 985 74 934 35 904
6327 0.031285050396538207 1.1475712452293261 1.7484535606498079 241 208 69 0.17831957837707002 17 1070 74 977 35 879
6328 0.14568720163214996 1.4079430656005214 2.0080112827317711 226 168 45 0.17629266184262879 17 1035 74 986 35 885
6329 -0.96076569888351482 1.6563864324942803 1.3155333081379543 118 96 22 0.288752665639669 17 1038 74 989 35 828 74 907
6330 -0.27575668270419634 1.6847733402844542 1.8819734593700796 106 62 8 1.850811468472443 15 1139 74 994 35 889
6332 -0.55586968541750359 1.8094461026182715 1.8066241695822822 255 225 60 0.15156898441756692 17 1053 74 1000 35 897
6333 -0.71278567611264032 2.2253347921486588 1.206654077688939 140 121 38 0.20528368704593958 17 976 74 1001 35 839
6334 -0.50013795009466067 1.8323002159524981 1.8689803142554986 134 115 95 1.0514700133230022 15 1087 17 1054 74 1002
6335 -0.81085073941022812 2.3500513610863178 1.4155488903855988 82 95 121 0.27107523149060181 17 994 74 1004 35 853
6336 -0.65188985459089344 2.522249525261163 1.3463459139056826 4 4 5 0.50599314646490701 17 995 74 1006 35 909
6338 0.28089591069552544 1.4932482861906562 1.5138865707893658 173 130 33 0.28160489430701863 17 1072 74 1019 35 921
6340 -0.11176689011167898 1.4857783729986587 1.8244679299751294 240 204 67 0.05527046836721989 17 1075 74 1023 35 925
6341 -0.67175410056668938 2.0709586598374088 1.0662859857466656 0 0 0 0.6808860750087723 17 1104 74 1025 35 927
6343 -0.94563031838473011 1.9565185449908427 1.5083397405012613 123 0 0 0.13146460437138932 17 1083 74 1030 35 956
6344 -0.94563031838473011 1.9565185449908427 1.5083397405012613 123 0 0 0.13146460437138932 17 1084 74 1031 35 957
6345 -0.096112900849329871 2.0750601684754124 2.4431328794290161 9 8 7 0.51937692563513516 17 1089 74 1036 35 942
6346 -0.56283151535530729 2.0931082813915758 2.4531129265855625 51 31 24 0.68820934852351678 17 1092 60 1115 74 1037 35 944
6351 -0.63435826968770948 1.6362310772033453 1.7019602206708895 255 206 55 0.97276032672130841 17 1112 74 1053 35 955
6352 -0.71124213422651394 2.0304828283118401 1.1850569673559685 144 118 30 0.44385276925882516 17 1113 74 1054 35 965
6355 0.56172558324985145 1.049493880657612 1.3598556517687879 128 100 29 0.40510001952385305 17 1123 74 1065 35 962
6356 -0.86541266449794374 2.2105104164724336 2.0262776035566947 154 146 158 0.67480785119802211 17 1132 74 1072 35 993
6359 -0.53262071704316427 1.5484759085008839 1.1398029247865802 21 0 0 0.65420606318450036 17 1135 74 1075 35 987
6360 0.78283091059965049 1.8418977894307309 1.9028528921424399 69 72 89 0.74435108297386154 17 1138 35 989
6365 0.39370891058472218 1.2177159195936471 2.0869163453469124 0 0 0 0.98560595157332986 17 1146 74 1085 35 998
6366 0.39370891058472218 1.2177159195936471 2.0869163453469124 0 0 0 0.98560595157332986 17 1147 74 1086 35 999
6367 -0.81080086490704395 2.2109037793567823 1.3346913707746852 114 96 25 0.3065859908239284 17 1151 74 1089 35 990
6368 -0.67458178078158637 1.9137444440040727 1.8461586332687185 255 196 53 0.36506417142381303 17 1140 74 1090 35 1001
6369 -0.65047399240487513 2.9387174137390484 1.2671330114571535 120 121 112 0.3783560689980105 17 1152 74 1091 35 1002
6370 -0.93092550902525018 2.334304674136074 2.3878937418170891 0 0 0 0.68695571706264935 74 963 20 992 15 1118
6372 -0.74906670707234668 2.0168481120977071 2.0373003659056672 209 146 32 0.061496468083477487 17 253 74 228
6373 -0.83312835036573041 2.0038376670960414 1.7974542527860704 150 113 25 0.096302265714520469 17 903 74 846
6375 -0.30746267830052776 1.7242713773540537 1.8396658659843537 89 46 3 0.36241846876817119 20 245 35 370
6376 -1.2731965784356944 1.4582881495029716 2.347833555778311 146 137 147 0.18388222060358239 20 626 35 408
6377 -0.6438735363244884 2.1414679329142343 2.0917943164099153 31 24 20 0.079609504355526162 17 275 35 441
6378 -0.79520036921027282 2.2317873306750955 2.0361331901130724 68 67 77 0.44680925092314261 15 306 35 463
6380 -0.51958926033973363 2.939001072756064 1.0913080120435914 0 0 0 0.28735901789561635 17 911 35 787
6383 -0.26072912489166244 1.8010631840149103 1.957114712423581 67 54 48 0.79508276651274468 17 1081 74 919 35 899
6384 -0.094480343288071242 1.7654908103871905 2.3539861259118524 10 8 7 0.36135139605237176 74 1033 35 936 17 1086
6385 -0.16148795315979797 1.9874915475915933 2.2946827364367457 79 80 93 1.2308448198141959 20 1071 35 985 4 866 71 1008
6386 -0.031957028327483226 1.9876027516599972 2.402972464099598 130 126 137 1.6518329730009091 20 906 60 1018 15 1000 35 779 20 463 60 498 74 718 17 772
6387 -0.86177616819037617 2.2422973627027356 2.007520818148067 75 76 89 0.25329950757060837 20 460 60 527 35 467 17 309 74 292
6388 0.33000095757539072 1.8052144096888152 2.7666011677633611 78 52 37 0.31329599816200421 17 770 74 715 35 655 60 932 15 1099
6389 0.38357349558190923 0.89844016071055477 2.0563469611534355 255 197 54 0.23836533369896235 17 944 74 893 35 811 20 946 60 1048
6391 0.37159511504753528 1.602463793116228 2.0196559527346318 58 52 41 0.18574402774005666 9 212 49 154 68 175 61 151
6392 0.44630936740848032 1.757571332551179 1.9059411876304952 59 55 45 0.37803743260879435 9 220 49 157 68 524 61 440 96 428
6393 0.051861429966770317 1.9919153274363617 2.2986111617139011 40 36 30 0.92654820554749717 9 264 49 195 68 200 61 186
6394 0.47179192991515068 2.5108666085706814 1.660437957900138 128 80 55 0.14306037635822888 9 267 49 202 68 566
6396 0.66809308183523175 1.7265758853832056 2.9662078303579227 121 79 56 0.92873010735463113 14 308 49 382 68 683
6398 1.3605839888469391 2.2214548835458734 2.0340544814922441 98 59 39 0.04353215270495725 9 620 49 667
6399 -4.3672568268430378 13.178261415361888 -5.1187945515559123 254 228 174 0.89632903132301023 9 761 49 715
6400 1.1283855685226949 1.8773367972297199 2.6232991310004818 209 182 137 0.22700276450772008 62 707 49 750 61 693
6401 0.48485453145170843 2.5186553728971397 1.6227411597958992 70 38 23 0.19378824568182049 9 860 49 844 68 821
6403 -1.322695646576509 2.4659818815102588 2.1898453901636237 213 182 146 0.56156211153312086 14 763 49 919
6405 1.4891758966741617 2.1929026020870097 2.0739893921456858 107 64 42 0.44264510641168081 62 804 49 943 68 847 61 688 75 824
6406 1.1325686118983336 1.2970061410048199 1.6484787614649505 0 0 0 0.72837615063570027 14 841 49 955 68 884 61 795
6411 0.41224883380534733 2.0303623655270964 2.125318892890423 255 223 60 0.59800355830473151 9 1078 49 1049 68 966 61 869 96 952 86 744
6412 0.41453165433708167 2.2151359747897899 1.9710563094411084 3 4 5 2.0230496518372645 9 1096 49 1051 68 976 61 882
6413 0.62802704192693959 1.5161875129333813 1.5637843101090858 0 0 0 1.8441002068307526 9 1126 61 887
6414 -0.037163566834591218 1.8388132689161694 2.2171262253160702 28 33 42 0.6884175303675546 9 1114 49 1068
6415 1.1069231945056257 1.2659428417348024 1.6196395955460068 226 172 43 0.71927785031767866 62 1013 10 1062 9 1034 49 988 100 1116 79 1141 39 986 28 960 31 913 53 993 73 1030 24 949 14 924 10 1093 68 915 61 709
6416 0.730933220518032 2.4027359148430465 1.7869033555015394 153 96 65 0.35016928396557689 69 213 40 139 96 205 75 445
6417 0.38345791203643165 3.6982788900321402 2.7293221323026429 247 223 173 3.0658837694916903 13 271 40 169
6419 0.085262552645728337 1.9098628576445145 2.7225329096928106 91 61 50 0.12647346660629649 81 477 40 365
6420 0.8786395087255543 2.1087962606941781 2.2689771638840446 227 212 175 0.30585890512201991 69 553 40 438 96 596
6421 0.80677310312009365 1.1007454695807339 1.4064096035112266 255 252 65 0.6135999801711598 69 861 40 491
6422 0.23042103719814 2.0097499876186991 2.6688947438380062 244 221 174 1.666130771160736 81 636 40 508 96 676 75 652
6424 -0.036875729961771138 1.9384261684774216 2.6747587169806541 50 33 29 0.2783523127012798 18 176 69 162 23 261 40 123 55 394 85 441 6 484 33 480 80 454 54 477 8 505 42 440 88 443 72 328 34 815 43 323 92 369 96 191 75 165
6425 0.49405901999681745 1.7584811262774274 2.8480399060466719 107 74 61 0.33725665857121595 93 475 18 222 69 353 40 267 85 372 42 412 43 447 92 490 81 380
6427 0.42584021390947552 1.8304760882003421 2.7883295205329639 65 41 27 0.77814888891387823 97 634 84 611 87 889 11 1058 48 1049 93 827 83 315 18 804 69 640 23 734 40 534 44 948 100 954 79 970 90 792 92 787 81 647 96 695 75 683
6428 0.49144564898643123 1.7884257929239418 2.8244545549944777 87 63 53 0.80116500690174985 93 838 69 647 40 549 33 416 80 391 54 428 8 107 42 620 34 764 5 797 92 798 44 811 44 953 90 687 100 564 79 298 39 443 28 432 31 210 81 654
6430 0.25512265083487567 1.7740736405609834 2.8197904921297252 152 105 82 0.5725631829495621 18 499 69 636 23 553 40 714 85 810 80 877 54 916 8 946 42 953 58 701 88 844 92 953 81 765
6432 0.4543903049651305 1.9122125690198315 1.9371439984465761 80 73 71 0.24550547867840034 68 187 61 160 9 240
6437 0.081117220053987624 1.6351473352884323 1.9610004672127739 135 79 10 0.29113520195421083 49 558 68 515 61 434
6740 0.80827976841666049 1.7577125591936085 2.8712887678199248 241 221 176 0.89125720817851595 68 852 61 782 86 551 69 737 23 865 40 626 13 834 81 705 96 796 75 786
6438 0.42008331935466531 1.8036774523448109 1.9559148031416418 141 135 142 0.29639719840487894 9 529 68 528 61 446 96 432 23 500 75 409 86 505
6442 0.66211814235963473 1.0510031384243059 1.3345063941958579 215 122 15 0.10785623521480356 49 778 68 690 61 592 86 440
6445 0.44281889689450471 2.1364822880292436 2.3206630061724907 214 185 137 0.28153661864170454 49 621 68 757 61 679
6748 -1.3712872233644553 2.4339294325440339 2.154660576471938 103 104 96 0.37947945659617344 46 686 52 661 2 848 1 751 67 943 38 447 57 592 70 516 37 503
6446 1.1411460750087534 1.8835792158814399 2.5889413089118349 253 232 179 0.28929804196341607 49 877 68 780 61 691
6447 0.28968863829527824 1.7252565613157873 2.04086792423761 81 74 67 0.77955513923348674 49 969 68 816 61 730
6453 0.33890158064808656 1.6399246199818922 1.9966142087497272 64 58 47 0.11914914757763227 49 1028 68 952 61 829
6454 0.94768761616593666 2.3556348595037009 1.7936137519434909 115 71 50 0.62750223269039473 49 1011 68 960
6457 0.052320075701790432 2.0763403598897443 2.3589715210021569 42 37 26 0.561237249167022 49 1053 68 968 61 872
6459 0.0068241326871306294 2.0891889931795236 2.3455721110974279 30 25 17 1.7879417778350255 14 961 24 993 68 981
6460 1.3151978617703335 2.2499884717396736 2.1000748866705674 243 215 165 0.92418666052538045 49 1074 68 985 61 893
6461 1.3151978617703335 2.2499884717396736 2.1000748866705674 243 215 165 0.92418666052538045 49 1075 68 986 61 894
6462 0.17860590661161785 1.9105660478773452 2.7018674765844373 105 68 48 0.53472400758117111 9 972 49 939 68 902 66 1009 62 992 10 975
6464 0.69876851088943348 2.4342095965160735 1.6593496273492256 102 72 62 0.58798535947077002 9 1006 49 1008 68 928 24 872 14 854 62 973 10 962 61 811
6465 0.34685982163789997 0.98786225905491742 1.399592171798286 0 0 0 0.60467991454023373 62 939 68 856
6467 0.09703688479673829 1.9321235993892447 2.3070559995847448 29 27 27 0.20274622776402829 49 193 68 198 61 182
6468 0.73715537176290169 2.7758112034365818 1.6904065801340724 100 64 44 1.5408927279919116 68 296 61 246
6469 0.42988044218761889 1.9318897427185888 2.0211926300956198 23 22 22 0.19493117150052719 9 551 61 652 96 447 75 421 86 514
6470 0.27844348039724753 2.1933868066254281 2.2048393547102596 251 219 165 0.2042555896854483 49 615 68 579 61 671
6473 0.016987570290890118 1.8628706871191241 2.2979003187740483 22 20 23 0.17994346076552689 49 974 68 897 61 805
6474 1.5261869631653051 2.2242890334060248 2.074384550578765 0 0 0 0.0033902787517482704 9 1021 62 990
6475 0.89046149408759767 1.3528276876809131 1.4753802863322472 255 234 61 0.73029367093349851 49 1063 61 877
6476 1.454936853550316 2.2235206708244686 1.9283613958177093 0 0 0 1.7286393051841189 9 1110 68 982 94 846 61 886 96 985 40 812 75 971
6478 -1.2565369840762401 2.3342717339118924 2.1609646031992322 66 44 35 0.035349698306366965 30 236 70 159 57 185
6479 -0.93303547584144442 2.4530607272765055 2.0187935408408766 67 69 63 0.062580179494900592 2 489 70 164 57 191
6481 0.30833727952441942 1.5683079672488196 1.4028580390488143 17 22 31 0.20117704783071483 2 391 70 225 57 256 37 32 1 33
6483 -0.92168673177235683 2.2595679199789402 1.6063124598333254 98 91 28 0.66631738465107915 2 771 70 466 57 492 1 730 67 995
6484 -0.82405812759561037 2.3094122787680385 1.4495607330391134 85 98 130 0.26539378257682972 2 772 70 505 57 542
6693 0.4326125436933802 1.8549839042533449 1.9311074998576963 134 130 142 0.33659031802111794 18 179 23 228 75 412 68 182 61 158
6485 -0.85677200379242846 2.1154921840776271 1.4840216441245491 186 148 37 0.025112369204757134 2 878 70 540 57 582
6489 -1.3652905028084101 2.3789020300923931 2.1407346381160055 160 111 86 0.39175474339923694 77 230 57 208 37 285 70 418 1 606
6492 0.43544250306431259 1.2244367556529747 1.4189580377465048 101 84 19 0.27169372991872642 2 730 70 432 57 447 37 309
6701 0.66611543462162459 1.8790591454781684 2.7863214240098904 250 227 176 1.0723678063149169 96 770 75 759 86 605
6494 0.49322076724764358 2.3174267296893993 1.7690658397305981 2 2 1 1.1763040969003478 30 189 70 103 57 126 46 123 77 126
6496 0.49637996237217979 1.1157351942137874 1.3562625784893367 32 37 47 0.21343689158703827 57 7 70 5 37 4 1 5 38 2 19 1
6497 -0.81383558915654686 1.7956214363565164 1.0308015798043419 102 87 21 0.28708439828556503 70 22 37 30 57 253
6499 -0.94073994692664753 1.9350455319251094 1.4987536393527372 111 1 1 0.19629656989050828 57 267 70 66 37 57 1 75 38 188 19 58
6500 -0.73471189288813044 2.1769620569813672 1.2236564634487646 115 92 25 0.071713401577182298 57 272 70 244 37 63
6501 -0.75424317882411751 2.180647717004196 1.2601594300545849 102 77 19 0.27960636403173106 57 100 67 220 70 78 37 65 1 82 38 63 19 67
6502 -0.74538461051371108 2.2660558680893135 1.2724358271841651 67 66 74 0.15783303857787748 57 276 70 250 37 74
6505 -0.60947995413712552 2.5646401161470425 1.3493222776204807 61 54 13 0.15240078263297432 57 153 70 121 37 113
6506 -0.93133729216308436 2.3244637392499934 1.8488543065474214 8 8 11 0.075735351645665305 57 158 70 127 37 123
6507 -0.94183509091411388 2.33273288027618 1.8616120676309875 75 62 13 0.084140353882888083 57 159 70 134 37 125
6508 -0.6536139181354288 2.5800229829451924 1.3971895464285131 7 7 10 0.11332342203189495 70 136 37 127 57 161
6509 -0.64341512066121886 2.5982208948809795 1.3994628120249317 88 74 19 0.11566058018419002 57 163 70 140 37 129
6510 -0.6161969539161416 2.653505387421466 1.6545857293901709 44 44 38 0.15841465761054324 67 349 37 146
6511 -0.9832660753500112 2.4220402951382045 2.0734302015993302 98 95 79 0.12369595928977987 70 162 37 147 57 190
6513 -1.2679353787921637 2.3540638308129029 2.1448079572729246 146 101 75 0.12662816750928821 77 204 37 151 1 473
6515 -1.2101203094351078 2.4590289721209877 2.0378154539006776 119 113 92 0.12393380321098624 70 187 37 166 57 215 1 478
6516 -1.2038198351927671 2.4573161810746504 2.0459086210938557 119 113 92 0.100177932160937 70 188 37 167 57 216
6517 0.2706831762213876 0.97491904265982432 1.7413022834021097 133 116 66 0.3024627810524439 70 7 37 188 38 260 19 331
6518 0.22526653445141054 1.3831730864392082 1.4183002941799459 90 83 78 0.15106909130699145 57 248 70 220 37 194 1 387
6521 -0.92099237167333636 2.0049829442456066 1.5311756243440331 141 97 26 0.36266036839896487 57 271 70 243 37 220 1 79
6522 -0.74485561188093297 2.3276811042533319 1.3472258848933614 115 98 28 0.63310371340018667 57 280 70 255 37 230 1 555
6523 -0.92409134488555855 2.2481627472524663 1.8099362430720563 21 29 40 0.093997910466888906 57 288 70 263 37 242 1 567
6524 -1.0316093177868155 2.3310564872473205 1.6468528453146032 22 24 32 0.05612411797246273 57 291 70 268 37 244
6525 -0.28582889984806548 2.7826084043515897 1.2771839642386169 36 25 21 0.42633529606592113 70 152 37 259 57 176 1 446
6526 -0.7188917771190898 2.4658382961033007 1.9681999810136575 53 50 43 0.36037116987892753 57 305 70 284 37 265 1 456
6528 -0.93599047219562836 2.4036710249762101 2.084229476663173 82 82 68 0.093114190264073984 57 309 37 270 70 287
6673 0.73062597406576157 1.8550604098535692 2.8133721340319533 248 226 178 1.0775227471102664 96 788 75 777 86 610
6529 -1.1087241885228731 2.4015994519489179 2.1283445988126761 223 210 174 0.24479003705075414 57 327 70 303 37 280 1 603
6530 -0.71442932749458732 2.9858428208304595 1.1219104109907847 65 48 37 0.47203246692533918 57 353 67 462 70 329 37 296 1 495
6532 0.43073496101084785 1.0749480246790726 1.4551003208542295 21 18 14 0.23583124298863375 57 359 70 335 37 299 1 503 38 256 19 322
6677 0.6357044620572303 1.2732904519340258 1.4639614763340087 255 254 71 0.1040956258286518 96 853 75 832 86 624
6533 0.4196312232194474 1.0378287587443877 1.5843593350080869 113 96 41 0.27181442207399137 57 360 70 337 37 301 38 257 19 323
6535 0.26583940024001979 1.0143947049123996 1.7153943272259486 16 22 30 0.073731563600441322 57 367 70 344 37 306
6536 0.28945425412110048 1.3653248904605877 1.343960222961512 240 207 69 0.13519746733753957 57 371 70 348 37 314
6537 0.28852336369572978 1.322243269843933 1.4477199995091374 129 142 175 0.15098777068554359 57 372 70 350 37 316
6538 -0.7171292737516074 1.4995453074942442 1.4179077324305311 223 172 48 0.84993936786876567 57 521 70 488 37 320
6539 -0.73999772769554661 2.1754359989034229 1.2389087067202529 122 87 24 0.56914543718314703 67 517 70 372 37 342 38 282 19 239
6540 -0.91802578212173724 2.1927846385593055 1.6148068267233646 98 92 27 0.19102176698470197 57 397 70 383 37 349 1 556 67 747
6685 0.31803687803568315 0.84548732871905086 2.0114367489381291 255 255 96 0.48141531380669128 96 932 75 920 86 713
6541 -0.80875984133889489 2.357050331503145 1.3612278255278265 90 107 142 0.19552424652075562 57 402 70 388 37 355 38 292 19 388
6543 -1.0044924426918593 2.2173329821528145 1.629357982375143 13 14 16 0.021688174596986833 57 401 70 387 37 357 1 564
6544 -0.79538275522364077 2.4013617764615827 1.308775370964083 14 14 16 0.20004480242726541 57 403 70 389 37 358 1 565 38 294 19 397
6545 -0.99003423548789471 2.2979125215713903 1.6609169907452879 98 110 140 0.28199324475854232 70 468 37 361 57 494
6546 0.37271418325307271 2.5733753648274909 1.5857470937621585 32 22 18 0.23278549229142861 57 410 70 397 37 365
6547 -0.32749922237818396 2.8301244380144768 1.242071518800907 60 43 35 0.18819135839951073 57 422 37 374 70 409
6548 -0.86396172625533141 2.4512644685555478 2.0042930830018215 85 89 82 0.11503636293039295 57 311 70 289 37 376
6550 -0.93480455437079835 2.4722257057176003 1.9738768159836597 116 114 98 0.062768481461608239 57 323 70 297 37 381
6551 -1.2924154147107434 2.3568919281724079 2.1785807981543419 159 109 84 0.18055226838174485 57 330 37 388 70 174
6552 -1.1773029936411983 2.4229696869345188 2.0919933066270504 225 212 175 0.37834838293129169 57 333 70 308 37 389 1 690
6553 -1.1439290961224633 2.454116280430513 2.0372391964438581 228 214 177 0.46802163711822842 57 336 70 311 37 390 1 691
6554 -1.251289244983417 2.4912743849470647 2.0026433428136858 224 211 175 0.076015591475659283 70 322 37 399 57 348
6556 0.67033004837062327 1.0800235031045105 1.3843223500174096 148 129 47 0.26976496122744031 57 440 70 429 37 405 1 610
6558 0.2964824414550235 1.6832327326722998 1.4646367647221437 93 109 144 1.200020311029206 70 535 37 418 57 577
6559 -0.40359610926922929 1.8288713623676736 1.6696015494141678 10 6 3 0.12940493988475921 57 470 70 445 37 425
6560 -0.49829633352910618 1.9113181934892605 1.591467761596209 242 192 49 0.36057312897189364 57 386 37 428 1 719
6705 0.41966513527852251 1.6522965733508319 1.8607371338509919 188 133 31 0.08979692884229791 75 104 96 124 86 134
6561 -0.75415061440039777 2.2306756131362473 1.2844787390712813 115 110 81 0.33866806637166569 57 480 70 454 37 429
6564 -0.75448057658900336 2.5331914380361544 1.3050106507867643 98 111 139 1.2004778526695041 57 498 70 472 37 442 1 659
6709 0.49481932852972244 2.2470207680795311 1.7364656986089451 36 33 27 0.15916247111886614 96 172 86 176 75 153
6565 -0.48293296333979585 2.7809425136321404 1.4029556252038944 67 75 73 0.37275880953993035 67 925 37 446 1 671
6568 -1.0250216923725901 2.1053810621031652 1.6693929894573103 50 45 44 0.29238983405549507 67 990 37 480 1 726
6713 0.37221888828452582 1.777512623362185 2.0547671373442178 17 16 15 0.15482583245325918 75 414 96 436 86 390
6570 -0.94054318386918612 2.1982191576368142 1.7453558007449277 114 101 30 0.3240143426769071 57 490 70 506 37 488
6572 -0.52728318572469346 2.7232465204540959 1.5298911488162543 77 81 75 0.28422971931616986 57 505 70 475 37 499 1 743
6717 -0.26091004259933714 1.9833873337346044 2.503834065857832 36 16 8 0.50197341563382303 75 539 96 556 86 522
6575 -0.92318150330152304 1.8519785448618298 1.5250877038815538 162 169 193 0.017560649920588662 70 537 37 515
6576 -0.040300099607687462 2.6676582173558274 1.5223917237227282 73 81 80 0.22656142532209289 57 612 70 578 37 524
6657 0.63131814735566927 1.2625806342555617 1.422248257675367 255 230 54 0.24577730005521037 96 399 75 381 86 82
6577 -0.92925779251622809 1.9693379171398151 1.4927958753123112 101 0 0 0.22115639809583193 57 604 70 565 37 542 1 805
6579 -0.72190163713711797 2.175301029130019 1.3502271287895264 153 117 28 0.33991398837814818 57 622 70 588 37 562
6580 -0.89338974213775735 1.9379233816180959 1.6456719653275975 161 121 28 0.87009382400520485 57 606 70 585 37 574
6581 0.89397746311181447 2.5987389408204398 1.7093492160600381 0 0 0 1.4574241511142503 57 639 70 604 37 579
6583 -0.81312486169286735 2.3572541520738333 2.0353850865425702 11 10 9 1.8493346242082314 57 635 70 599 37 581 1 829 38 547
6585 -0.64123485961364712 2.9203390725800853 1.2462967166657579 125 127 120 0.69975274230298257 57 642 70 607 37 586 38 550 19 636
6586 -0.29364538977780563 2.7847385630590344 1.269692367155401 31 22 19 0.551326605912135 32 745 30 551 46 462 2 498 70 151 57 175 37 258 6 615 8 571 42 243 21 624 67 567 1 445
6587 -0.82904016285219795 2.2811470258157462 1.4981523659779161 67 50 7 0.3393525258271331 46 120 77 620 2 647 70 385 57 399 37 353 58 587 21 607 47 573 67 750 57 485 1 558 38 367 19 484
6669 0.66593520589138211 2.1535683341291523 2.1673717787843154 236 214 169 0.43925263836713685 40 510 96 672 75 646
6590 -0.94695735352495736 2.0597730515076331 1.5673347869247418 99 77 11 0.39091370342690657 57 104 70 80 1 89 19 71
6591 -1.3036220140920094 2.4493312063391373 2.061627270146889 108 106 91 0.0098371056695979973 67 447 1 351
6592 0.26424236525166583 0.89702863924001164 1.7359428290444576 33 36 43 0.02970574361441744 37 1 1 373
6737 0.023628539396355251 2.0749682536486702 2.3244985507014921 5 3 3 1.8352220793506484 75 969 96 982 86 754
6593 0.24406091241937794 0.98757221017671692 1.6950374073294685 122 134 167 0.16982400308739337 37 184 1 377 38 160 19 187
6594 -0.79462435246973728 2.3759000085891215 1.3212747038500181 95 106 131 0.34328354057922905 37 233 67 753 1 425 38 207 19 255
6596 -0.62465557061735599 2.6683096372554971 1.6194143458702837 80 86 81 0.15056489884964025 37 378 67 588 1 464
6741 -0.92829522971002632 2.0266920157902399 1.5276764505482343 99 75 19 0.11109449818505379 1 80 38 66 19 70
6597 -0.47275717080041724 2.8945878832802956 1.2257222324364554 121 84 67 0.82544591859629624 57 220 67 609 70 191 1 467
6599 -0.7442424945836722 2.9596520835388676 1.1908540546658097 150 149 136 0.63328395428954798 67 651 1 497 38 154 37 182
6600 -1.0128564896865591 2.1148824071491594 1.6026302936104779 42 42 39 0.37479292509634776 37 345 67 741 1 550
6745 -0.99503705836559819 2.1033706116294244 1.5612781139723657 74 54 25 0.050139794901790435 57 274 38 196 70 248
6601 -0.40416833496893817 2.8726299102390729 1.2622517749555133 112 80 65 0.71786760902814895 57 339 1 593 70 313
6607 -1.3304990040580844 2.4241174822989509 2.0991289390991343 59 41 30 0.65718478246105128 98 411 16 387 99 413 45 404 32 313 30 271 77 485 2 521 70 316 57 341 37 287 1 491 21 357 67 458
6608 0.50464301340902917 1.1402628797061987 1.3754631824153531 50 46 30 0.95950053633162757 32 1211 30 966 76 782 52 792 77 847 2 857 70 484 57 518 37 411 1 613 58 1040 67 842 38 323 19 445
6609 -0.96680057559521348 2.1622813248594634 1.6917876013862849 112 98 29 1.5174469651628171 57 484 37 486 70 462 1 770 77 878 70 542
6611 0.34596335442493947 1.60588804977678 1.9744163327797859 14 22 38 0.15050674845610904 23 214 96 125 75 105
6612 -0.093365571865496697 1.9591303270036784 2.6490289076484941 63 44 39 0.21893645495175051 40 118 96 185 75 160
6622 -0.15348310427066894 1.9799347732971242 2.6289484263022271 77 51 40 0.21037842401561849 23 513 96 563 75 546
6623 0.36649136065537136 2.335292084175379 1.9098894243707509 25 22 17 1.1291017652255497 69 187 96 566 75 548
6624 0.44489468628464701 1.784285038760645 2.7485705957529509 54 36 24 0.90405113581087493 40 264 96 592 75 574
6625 0.72612243825749145 1.3683341700055371 1.4768801596473997 255 226 55 1.9158038857334241 40 700 96 612 75 599
6626 0.36405125248722214 2.3989466165056474 1.9266360399415905 201 181 142 0.26428632109997274 69 632 96 660 75 633 86 595
6628 0.66593520589138211 2.1535683341291523 2.1673717787843154 233 213 169 0.43925263836713685 40 511 96 673 75 647
6629 0.51945909887192332 1.8610072758129135 2.7475125319122493 240 218 171 0.39060027180945373 61 753 96 716 75 704
6631 0.31848656171401657 0.96002285132464726 1.9249867580214512 174 104 13 0.26478733428080314 69 844 96 849 86 555
6632 0.40320659042396029 1.6768758143136622 1.9904218279464831 184 138 37 0.63329368513536688 61 831 96 875 75 861 86 646
6633 0.8377730090014065 1.2708784778718658 1.3630372533117172 0 0 0 0.92039963288082394 40 761 96 934 75 922 86 670
6634 0.71958174239917239 0.90935472544382845 2.2269113084317032 255 227 66 0.15043317334923059 69 973 96 938 75 952
6636 0.4345621906500281 1.9818126826849847 2.051542947586714 29 27 23 0.3567406967237487 18 197 23 268 96 451 24 175 14 190 62 479 10 157 94 377 9 556 49 585 68 558 61 654 75 430 86 520
6639 0.64998014912984214 1.2223513479115466 1.3897965544876423 218 117 11 0.11690884116336413 96 56 75 61 86 315
6647 0.37665215755982356 0.81727457597163711 1.8157535674798797 184 114 17 0.11989632345483765 96 282 75 262 86 239
6648 0.34522841354077671 0.83710020015282716 1.8504029719421875 176 104 14 0.1027056552924117 96 307 75 280 86 256
6729 0.24626244655332097 1.7285206995972613 2.7965819317773604 0 0 0 1.1783622818811028 75 878 96 890 86 659
6649 0.64874013571008649 1.1138597853290169 1.3684626988737054 210 118 15 0.091280532529863581 96 319 75 296 86 241
6650 0.32643609094079523 0.90292575392881258 1.87685364779136 180 105 13 0.06986315054326675 96 352 75 333 86 309
6652 0.7920979719340896 1.2371942991640406 1.3180554897199428 255 236 69 0.16228210488831399 96 511 75 366 86 459
6733 0.73709360954118064 2.3876851134925881 1.6678302961085907 97 69 59 0.35969095436863663 75 875 86 699 96 888
6654 0.31498843722793318 0.96607970804518739 1.9037907797109794 185 105 12 0.070183824972466516 96 387 75 368 86 339
6655 0.62133864008294692 1.2410033909875968 1.4238104320415206 228 121 13 0.061437149240185472 96 396 75 377 86 340
6663 0.35816026417302088 0.77669836389750957 1.8170094618568351 168 104 16 0.24962695803758608 23 1 96 502 75 486 86 452
6666 0.99582557799579818 1.1065128781460276 1.4291362397109801 72 5 4 1.3968278612766989 40 301 96 513 75 592
6675 0.87176256418084064 1.6808882440008774 2.9509234400253517 248 225 175 0.27160060724335972 96 826 75 806 86 613
6676 0.39684747750170324 1.0580249867322784 1.8405725356265146 255 244 74 0.24275850830548942 96 852 75 831 86 631
6684 0.76894911614210648 1.1854164261446765 1.2780198645008682 0 0 0 0.74565383753874792 40 760 75 919 86 712
6686 0.43654909326584512 0.90186148404605071 2.1075272517977437 255 253 88 0.40779177565226404 96 935 75 923 86 672
6694 0.78144939695451832 1.6118195367328527 3.069024255796736 156 104 79 2.2183262583959555 69 890 23 991 40 729 96 896 75 914 13 1018 93 1095 18 1216 86 667
6698 0.32511662019764576 0.82769086458025809 2.0365404164493404 255 252 100 0.39042017314289063 40 292 75 363
6702 0.66611543462162459 1.8790591454781684 2.7863214240098904 250 227 176 1.0723678063149169 96 771 75 760 86 606
6703 1.3960301651351501 2.1961317859927032 1.9650295344240385 146 100 77 0.18033682058638426 96 895 75 886 86 705
6710 0.34343686982350441 1.6901958988550712 2.0264032196054327 71 67 58 0.039788818118489645 75 118 96 137 86 382
6715 -0.050330113358034896 2.3281043100005183 1.8290807190461604 90 65 16 0.10277085783393462 75 136 96 153 86 406
6716 0.43471626491297 1.8775978413901668 1.9922729330484203 12 11 11 0.084551369717169256 75 417 96 442 86 510
6718 0.3053246638005207 2.3493331335733556 1.9951718004574148 79 68 54 0.17115957635487258 96 657 86 533 75 628
6720 -0.22871525597182596 2.0095624282041036 2.5304779263645512 156 101 72 0.18947479387637922 75 869 96 883 86 586
6721 0.43666307651680125 2.0599961800378077 2.1212269477870302 254 223 61 0.16067341001963789 75 624 86 588 96 651
6723 0.43926355983349863 2.4980696560727971 1.6962927828519314 82 68 55 0.18832948912515424 75 623 96 653 86 592
6724 -0.014612471673424712 2.0498036582457919 2.5194740100885649 223 204 162 0.039542552402203161 75 626 96 654 86 593
6725 0.39851722840143711 2.4315539405917246 1.8716135533245442 219 196 152 0.19316202980026587 75 632 96 663 86 594
6726 0.66060227618211553 2.1939146778566307 2.1895807046863833 234 214 170 0.073499750922768406 75 664 96 683 86 600
6730 0.37264403356679698 2.2029150133548407 2.1880844201650627 232 207 161 0.075169658497896044 75 877 96 889 86 660
6731 0.43138287132417907 1.7119455625808024 1.9291691526874113 204 147 35 0.20849096263605008 75 859 96 876 86 688
6732 0.39833248737340304 2.1051531376890611 2.1783382807249301 95 73 51 0.12918158197286317 75 874 96 887 86 698
6734 0.44319216745815099 1.7854351708973997 1.9291693516513073 75 69 64 0.11847532905504442 75 933 96 948 86 721
6735 0.38462255225362674 1.6929230869213721 1.928342612873885 193 138 33 0.10052442117298734 96 965 86 741 75 957
6739 0.47609493693695637 1.6809129504252005 2.9786490751615249 0 0 0 1.3006909147332351 33 997 54 898 5 1054 92 823 93 833 23 983 86 663 18 1267 69 929 96 924 75 942 96 957
6742 -0.73234474393010696 2.5471628194424256 1.8249783671911251 57 48 37 1.8070484196572931 1 190 38 146 19 148
6743 -0.84099450113337693 2.5854647825409325 1.7603406018697458 125 114 93 1.4255455802006967 1 213 38 149 19 158
6750 -0.74834604839248287 2.5567676610608729 1.8144599408936757 57 49 37 0.14912407471074957 38 145 19 156
6752 1.1084051082352508 1.2233129216981331 1.7208448106164518 0 0 0 2.0583448006597784 24 915 14 889 78 1195 44 993 25 1216 39 991 28 937 31 747 31 916 53 960 66 1034 73 1060 68 943
